Código IBGE;Município;Índice Deslizamento;Cor Deslizamento;Label Deslizamento;Índice Inundação;Cor Inundação;Label Inundação;Valor Empenhado;Índice Risco Médio;Label Risco Médio
5200050;Abadia de Goiás/GO;0,12;#02C650;Muito baixo;0,19;#02C650;Muito baixo;;0,155;Very low
3100104;Abadia dos Dourados/MG;0,54;#FFCD00;Médio;0,6;#FF8300;Alto;;0,5700000000000001;Medium
5200100;Abadiânia/GO;0,49;#FFCD00;Médio;0,47;#FFCD00;Médio;;0,48;Medium
3100203;Abaeté/MG;0,4;#FFCD00;Médio;0,51;#FFCD00;Médio;;0,455;Medium
1500107;Abaetetuba/PA;0,48;#FFCD00;Médio;0,78;#FF8300;Alto;;0,63;High
2300101;Abaiara/CE;0,27;#A9DE00;Baixo;0,37;#A9DE00;Baixo;;0,32;Low
2900108;Abaíra/BA;0,36;#A9DE00;Baixo;0,41;#FFCD00;Médio;;0,385;Low
2900207;Abaré/BA;0,46;#FFCD00;Médio;0,52;#FFCD00;Médio;;0,49;Medium
4100103;Abatiá/PR;0,38;#A9DE00;Baixo;0,56;#FFCD00;Médio;;0,47000000000000003;Medium
4200051;Abdon Batista/SC;0,0;#02C650;Muito baixo;0,0;#02C650;Muito baixo;;0,0;Very low
4200101;Abelardo Luz/SC;0,25;#A9DE00;Baixo;0,27;#A9DE00;Baixo;;0,26;Low
1500131;Abel Figueiredo/PA;0,54;#FFCD00;Médio;0,67;#FF8300;Alto;;0,605;High
3100302;Abre Campo/MG;0,63;#FF8300;Alto;0,73;#FF8300;Alto;;0,6799999999999999;High
2600054;Abreu e Lima/PE;0,99;#F40000;Muito alto;0,93;#F40000;Muito alto;;0,96;Very high
1700251;Abreulândia/TO;0,44;#FFCD00;Médio;0,55;#FFCD00;Médio;;0,495;Medium
3100401;Acaiaca/MG;0,38;#A9DE00;Baixo;0,4;#FFCD00;Médio;;0,39;Low
2100055;Açailândia/MA;0,66;#FF8300;Alto;0,67;#FF8300;Alto;;0,665;High
2900306;Acajutiba/BA;0,45;#FFCD00;Médio;0,56;#FFCD00;Médio;;0,505;Medium
1500206;Acará/PA;0,86;#F40000;Muito alto;0,91;#F40000;Muito alto;;0,885;Very high
2300150;Acarape/CE;0,6;#FF8300;Alto;0,65;#FF8300;Alto;;0,625;High
2300200;Acaraú/CE;0,51;#FFCD00;Médio;0,61;#FF8300;Alto;;0,56;Medium
2400109;Acari/RN;0,82;#F40000;Muito alto;0,81;#F40000;Muito alto;;0,815;Very high
2200053;Acauã/PI;0,25;#A9DE00;Baixo;0,4;#FFCD00;Médio;;0,325;Low
4300034;Aceguá/RS;0,08;#02C650;Muito baixo;0,12;#02C650;Muito baixo;;0,1;Very low
2300309;Acopiara/CE;0,71;#FF8300;Alto;0,85;#F40000;Muito alto;;0,78;High
5100102;Acorizal/MT;0,14;#02C650;Muito baixo;0,27;#A9DE00;Baixo;;0,20500000000000002;Low
1200013;Acrelândia/AC;0,25;#A9DE00;Baixo;0,36;#A9DE00;Baixo;;0,305;Low
5200134;Acreúna/GO;0,32;#A9DE00;Baixo;0,44;#FFCD00;Médio;;0,38;Low
3100500;Açucena/MG;0,54;#FFCD00;Médio;0,46;#FFCD00;Médio;;0,5;Medium
2400208;Açu/RN;0,81;#F40000;Muito alto;0,84;#F40000;Muito alto;;0,825;Very high
3500105;Adamantina/SP;0,38;#A9DE00;Baixo;0,52;#FFCD00;Médio;;0,45;Medium
5200159;Adelândia/GO;0,41;#FFCD00;Médio;0,46;#FFCD00;Médio;;0,435;Medium
3500204;Adolfo/SP;0,13;#02C650;Muito baixo;0,2;#A9DE00;Baixo;;0,165;Very low
4100202;Adrianópolis/PR;0,35;#A9DE00;Baixo;0,38;#A9DE00;Baixo;;0,365;Low
2900355;Adustina/BA;0,29;#A9DE00;Baixo;0,34;#A9DE00;Baixo;;0,315;Low
2600104;Afogados da Ingazeira/PE;0,65;#FF8300;Alto;0,7;#FF8300;Alto;;0,675;High
2400307;Afonso Bezerra/RN;0,58;#FFCD00;Médio;0,62;#FF8300;Alto;;0,6;High
3200102;Afonso Cláudio/ES;0,55;#FFCD00;Médio;0,47;#FFCD00;Médio;;0,51;Medium
2100105;Afonso Cunha/MA;0,47;#FFCD00;Médio;0,52;#FFCD00;Médio;;0,495;Medium
2600203;Afrânio/PE;0,37;#A9DE00;Baixo;0,53;#FFCD00;Médio;;0,45;Medium
1500305;Afuá/PA;1,0;#F40000;Muito alto;1,0;#F40000;Muito alto;;1,0;Very high
2600302;Agrestina/PE;0,44;#FFCD00;Médio;0,58;#FFCD00;Médio;;0,51;Medium
2200103;Agricolândia/PI;0,25;#A9DE00;Baixo;0,3;#A9DE00;Baixo;;0,275;Low
4200200;Agrolândia/SC;0,13;#02C650;Muito baixo;0,16;#02C650;Muito baixo;;0,14500000000000002;Very low
4200309;Agronômica/SC;0,11;#02C650;Muito baixo;0,05;#02C650;Muito baixo;;0,08;Very low
1500347;Água Azul do Norte/PA;0,46;#FFCD00;Médio;0,62;#FF8300;Alto;;0,54;Medium
3100609;Água Boa/MG;0,69;#FF8300;Alto;0,65;#FF8300;Alto;;0,6699999999999999;High
5100201;Água Boa/MT;0,29;#A9DE00;Baixo;0,41;#FFCD00;Médio;;0,35;Low
2700102;Água Branca/AL;0,39;#A9DE00;Baixo;0,4;#FFCD00;Médio;;0,395;Medium
2500106;Água Branca/PB;0,4;#FFCD00;Médio;0,51;#FFCD00;Médio;;0,455;Medium
2200202;Água Branca/PI;0,41;#FFCD00;Médio;0,51;#FFCD00;Médio;;0,45999999999999996;Medium
5000203;Água Clara/MS;0,54;#FFCD00;Médio;0,53;#FFCD00;Médio;;0,535;Medium
3100708;Água Comprida/MG;0,2;#A9DE00;Baixo;0,26;#A9DE00;Baixo;;0,23;Low
2100154;Água Doce do Maranhão/MA;0,29;#A9DE00;Baixo;0,34;#A9DE00;Baixo;;0,315;Low
3200169;Água Doce do Norte/ES;0,47;#FFCD00;Médio;0,51;#FFCD00;Médio;;0,49;Medium
4200408;Água Doce/SC;0,26;#A9DE00;Baixo;0,4;#FFCD00;Médio;;0,33;Low
2900405;Água Fria/BA;0,29;#A9DE00;Baixo;0,35;#A9DE00;Baixo;;0,31999999999999995;Low
5200175;Água Fria de Goiás/GO;0,31;#A9DE00;Baixo;0,37;#A9DE00;Baixo;;0,33999999999999997;Low
3500303;Aguaí/SP;0,57;#FFCD00;Médio;0,74;#FF8300;Alto;;0,655;High
5200209;Água Limpa/GO;0,35;#A9DE00;Baixo;0,41;#FFCD00;Médio;;0,38;Low
3100807;Aguanil/MG;0,3;#A9DE00;Baixo;0,4;#FFCD00;Médio;;0,35;Low
2400406;Água Nova/RN;0,65;#FF8300;Alto;0,67;#FF8300;Alto;;0,66;High
2600401;Água Preta/PE;1,0;#F40000;Muito alto;1,0;#F40000;Muito alto;;1,0;Very high
4300059;Água Santa/RS;0,12;#02C650;Muito baixo;0,18;#02C650;Muito baixo;;0,15;Very low
2600500;Águas Belas/PE;0,66;#FF8300;Alto;0,76;#FF8300;Alto;;0,71;High
3500402;Águas da Prata/SP;0,35;#A9DE00;Baixo;0,33;#A9DE00;Baixo;;0,33999999999999997;Low
4200507;Águas de Chapecó/SC;0,35;#A9DE00;Baixo;0,44;#FFCD00;Médio;;0,395;Medium
3500501;Águas de Lindóia/SP;0,4;#FFCD00;Médio;0,38;#A9DE00;Baixo;;0,39;Low
3500550;Águas de Santa Bárbara/SP;0,0;#02C650;Muito baixo;0,05;#02C650;Muito baixo;;0,025;Very low
3500600;Águas de São Pedro/SP;0,12;#02C650;Muito baixo;0,18;#02C650;Muito baixo;;0,15;Very low
3100906;Águas Formosas/MG;0,84;#F40000;Muito alto;0,84;#F40000;Muito alto;;0,84;Very high
4200556;Águas Frias/SC;0,14;#02C650;Muito baixo;0,23;#A9DE00;Baixo;;0,185;Very low
5200258;Águas Lindas de Goiás/GO;0,65;#FF8300;Alto;0,63;#FF8300;Alto;;0,64;High
4200606;Águas Mornas/SC;0,33;#A9DE00;Baixo;0,39;#A9DE00;Baixo;;0,36;Low
3101003;Águas Vermelhas/MG;0,49;#FFCD00;Médio;0,54;#FFCD00;Médio;;0,515;Medium
4300109;Agudo/RS;0,02;#02C650;Muito baixo;0,25;#A9DE00;Baixo;;0,135;Very low
4100301;Agudos do Sul/PR;0,21;#A9DE00;Baixo;0,18;#02C650;Muito baixo;;0,195;Low
3500709;Agudos/SP;0,62;#FF8300;Alto;0,57;#FFCD00;Médio;;0,595;High
3200136;Águia Branca/ES;0,28;#A9DE00;Baixo;0,37;#A9DE00;Baixo;;0,325;Low
1700301;Aguiarnópolis/TO;0,47;#FFCD00;Médio;0,66;#FF8300;Alto;;0,565;Medium
2500205;Aguiar/PB;0,49;#FFCD00;Médio;0,57;#FFCD00;Médio;;0,53;Medium
3101102;Aimorés/MG;0,63;#FF8300;Alto;0,67;#FF8300;Alto;;0,65;High
2900603;Aiquara/BA;0,5;#FFCD00;Médio;0,53;#FFCD00;Médio;;0,515;Medium
2300408;Aiuaba/CE;0,32;#A9DE00;Baixo;0,44;#FFCD00;Médio;;0,38;Low
3101201;Aiuruoca/MG;0,33;#A9DE00;Baixo;0,39;#A9DE00;Baixo;;0,36;Low
4300208;Ajuricaba/RS;0,16;#02C650;Muito baixo;0,21;#A9DE00;Baixo;;0,185;Very low
2500304;Alagoa Grande/PB;0,67;#FF8300;Alto;0,65;#FF8300;Alto;;0,66;High
3101300;Alagoa/MG;0,39;#A9DE00;Baixo;0,45;#FFCD00;Médio;;0,42000000000000004;Medium
2500403;Alagoa Nova/PB;0,67;#FF8300;Alto;0,73;#FF8300;Alto;;0,7;High
2200251;Alagoinha do Piauí/PI;0,36;#A9DE00;Baixo;0,45;#FFCD00;Médio;;0,405;Medium
2500502;Alagoinha/PB;0,48;#FFCD00;Médio;0,59;#FFCD00;Médio;;0,5349999999999999;Medium
2600609;Alagoinha/PE;0,4;#FFCD00;Médio;0,45;#FFCD00;Médio;;0,42500000000000004;Medium
2900702;Alagoinhas/BA;0,78;#FF8300;Alto;0,81;#F40000;Muito alto;;0,795;Very high
3500758;Alambari/SP;0,18;#02C650;Muito baixo;0,18;#02C650;Muito baixo;;0,18;Very low
3101409;Albertina/MG;0,37;#A9DE00;Baixo;0,43;#FFCD00;Médio;;0,4;Medium
2100204;Alcântara/MA;0,51;#FFCD00;Médio;0,48;#FFCD00;Médio;;0,495;Medium
2300507;Alcântaras/CE;0,2;#A9DE00;Baixo;0,28;#A9DE00;Baixo;;0,24000000000000002;Low
2500536;Alcantil/PB;0,42;#FFCD00;Médio;0,48;#FFCD00;Médio;;0,44999999999999996;Medium
5000252;Alcinópolis/MS;0,38;#A9DE00;Baixo;0,42;#FFCD00;Médio;;0,4;Medium
2900801;Alcobaça/BA;0,25;#A9DE00;Baixo;0,31;#A9DE00;Baixo;;0,28;Low
2100303;Aldeias Altas/MA;0,61;#FF8300;Alto;0,83;#F40000;Muito alto;;0,72;High
4300307;Alecrim/RS;0,26;#A9DE00;Baixo;0,35;#A9DE00;Baixo;;0,305;Low
3200201;Alegre/ES;0,77;#FF8300;Alto;0,69;#FF8300;Alto;;0,73;High
2200277;Alegrete do Piauí/PI;0,35;#A9DE00;Baixo;0,43;#FFCD00;Médio;;0,39;Low
4300406;Alegrete/RS;0,7;#FF8300;Alto;0,84;#F40000;Muito alto;;0,77;High
4300455;Alegria/RS;0,26;#A9DE00;Baixo;0,32;#A9DE00;Baixo;;0,29000000000000004;Low
3101508;Além Paraíba/MG;0,77;#FF8300;Alto;0,76;#FF8300;Alto;;0,765;High
1500404;Alenquer/PA;0,82;#F40000;Muito alto;0,87;#F40000;Muito alto;;0,845;Very high
2400505;Alexandria/RN;0,46;#FFCD00;Médio;0,55;#FFCD00;Médio;;0,505;Medium
5200308;Alexânia/GO;0,61;#FF8300;Alto;0,59;#FFCD00;Médio;;0,6;High
3101607;Alfenas/MG;0,66;#FF8300;Alto;0,41;#FFCD00;Médio;;0,535;Medium
3200300;Alfredo Chaves/ES;0,63;#FF8300;Alto;0,54;#FFCD00;Médio;;0,585;Medium
3500808;Alfredo Marcondes/SP;0,36;#A9DE00;Baixo;0,45;#FFCD00;Médio;;0,405;Medium
3101631;Alfredo Vasconcelos/MG;0,39;#A9DE00;Baixo;0,44;#FFCD00;Médio;;0,41500000000000004;Medium
4200705;Alfredo Wagner/SC;0,61;#FF8300;Alto;0,56;#FFCD00;Médio;;0,585;Medium
2500577;Algodão de Jandaíra/PB;0,46;#FFCD00;Médio;0,51;#FFCD00;Médio;;0,485;Medium
2500601;Alhandra/PB;0,51;#FFCD00;Médio;0,57;#FFCD00;Médio;;0,54;Medium
1700350;Aliança do Tocantins/TO;0,32;#A9DE00;Baixo;0,41;#FFCD00;Médio;;0,365;Low
2600708;Aliança/PE;0,89;#F40000;Muito alto;0,86;#F40000;Muito alto;;0,875;Very high
2900900;Almadina/BA;0,58;#FFCD00;Médio;0,65;#FF8300;Alto;;0,615;High
1700400;Almas/TO;0,42;#FFCD00;Médio;0,49;#FFCD00;Médio;;0,45499999999999996;Medium
1500503;Almeirim/PA;0,73;#FF8300;Alto;0,84;#F40000;Muito alto;;0,7849999999999999;High
3101706;Almenara/MG;0,74;#FF8300;Alto;0,83;#F40000;Muito alto;;0,7849999999999999;High
2400604;Almino Afonso/RN;0,52;#FFCD00;Médio;0,59;#FFCD00;Médio;;0,5549999999999999;Medium
4300471;Almirante Tamandaré do Sul/RS;0,04;#02C650;Muito baixo;0,1;#02C650;Muito baixo;;0,07;Very low
4100400;Almirante Tamandaré/PR;0,63;#FF8300;Alto;0,64;#FF8300;Alto;;0,635;High
5200506;Aloândia/GO;0,32;#A9DE00;Baixo;0,38;#A9DE00;Baixo;;0,35;Low
3101805;Alpercata/MG;0,24;#A9DE00;Baixo;0,42;#FFCD00;Médio;;0,32999999999999996;Low
4300505;Alpestre/RS;0,21;#A9DE00;Baixo;0,32;#A9DE00;Baixo;;0,265;Low
3101904;Alpinópolis/MG;0,66;#FF8300;Alto;0,58;#FFCD00;Médio;;0,62;High
1100015;Alta Floresta D'Oeste/RO;0,4;#FFCD00;Médio;0,54;#FFCD00;Médio;;0,47000000000000003;Medium
5100250;Alta Floresta/MT;0,22;#A9DE00;Baixo;0,33;#A9DE00;Baixo;;0,275;Low
3500907;Altair/SP;0,27;#A9DE00;Baixo;0,41;#FFCD00;Médio;;0,33999999999999997;Low
2100402;Altamira do Maranhão/MA;0,48;#FFCD00;Médio;0,6;#FF8300;Alto;;0,54;Medium
4100459;Altamira do Paraná/PR;0,34;#A9DE00;Baixo;0,46;#FFCD00;Médio;;0,4;Medium
1500602;Altamira/PA;0,69;#FF8300;Alto;0,82;#F40000;Muito alto;;0,7549999999999999;High
2300606;Altaneira/CE;0,61;#FF8300;Alto;0,7;#FF8300;Alto;;0,655;High
3102001;Alterosa/MG;0,72;#FF8300;Alto;0,66;#FF8300;Alto;;0,69;High
2600807;Altinho/PE;0,55;#FFCD00;Médio;0,73;#FF8300;Alto;;0,64;High
3501004;Altinópolis/SP;0,63;#FF8300;Alto;0,69;#FF8300;Alto;;0,6599999999999999;High
2100436;Alto Alegre do Maranhão/MA;0,47;#FFCD00;Médio;0,54;#FFCD00;Médio;;0,505;Medium
2100477;Alto Alegre do Pindaré/MA;0,53;#FFCD00;Médio;0,7;#FF8300;Alto;;0,615;High
1100379;Alto Alegre dos Parecis/RO;0,32;#A9DE00;Baixo;0,4;#FFCD00;Médio;;0,36;Low
1400050;Alto Alegre/RR;0,18;#02C650;Muito baixo;0,3;#A9DE00;Baixo;;0,24;Low
4300554;Alto Alegre/RS;0,13;#02C650;Muito baixo;0,2;#A9DE00;Baixo;;0,165;Very low
3501103;Alto Alegre/SP;0,16;#02C650;Muito baixo;0,27;#A9DE00;Baixo;;0,21500000000000002;Low
5100300;Alto Araguaia/MT;0,45;#FFCD00;Médio;0,47;#FFCD00;Médio;;0,45999999999999996;Medium
4200754;Alto Bela Vista/SC;0,2;#A9DE00;Baixo;0,22;#A9DE00;Baixo;;0,21000000000000002;Low
5100359;Alto Boa Vista/MT;0,23;#A9DE00;Baixo;0,3;#A9DE00;Baixo;;0,265;Low
3102050;Alto Caparaó/MG;0,64;#FF8300;Alto;0,66;#FF8300;Alto;;0,65;High
2400703;Alto do Rodrigues/RN;0,53;#FFCD00;Médio;0,68;#FF8300;Alto;;0,605;High
4300570;Alto Feliz/RS;0,0;#02C650;Muito baixo;0,0;#02C650;Muito baixo;;0,0;Very low
5100409;Alto Garças/MT;0,44;#FFCD00;Médio;0,48;#FFCD00;Médio;;0,45999999999999996;Medium
5200555;Alto Horizonte/GO;0,33;#A9DE00;Baixo;0,39;#A9DE00;Baixo;;0,36;Low
3153509;Alto Jequitibá/MG;0,54;#FFCD00;Médio;0,53;#FFCD00;Médio;;0,535;Medium
2200301;Alto Longá/PI;0,36;#A9DE00;Baixo;0,45;#FFCD00;Médio;;0,405;Medium
4100509;Altônia/PR;0,37;#A9DE00;Baixo;0,43;#FFCD00;Médio;;0,4;Medium
5100508;Alto Paraguai/MT;0,64;#FF8300;Alto;0,6;#FF8300;Alto;;0,62;High
5200605;Alto Paraíso de Goiás/GO;0,22;#A9DE00;Baixo;0,29;#A9DE00;Baixo;;0,255;Low
4128625;Alto Paraíso/PR;0,15;#02C650;Muito baixo;0,24;#A9DE00;Baixo;;0,195;Low
1100403;Alto Paraíso/RO;0,39;#A9DE00;Baixo;0,58;#FFCD00;Médio;;0,485;Medium
4100608;Alto Paraná/PR;0,23;#A9DE00;Baixo;0,32;#A9DE00;Baixo;;0,275;Low
2100501;Alto Parnaíba/MA;0,43;#FFCD00;Médio;0,54;#FFCD00;Médio;;0,485;Medium
4100707;Alto Piquiri/PR;0,37;#A9DE00;Baixo;0,53;#FFCD00;Médio;;0,45;Medium
3102100;Alto Rio Doce/MG;0,48;#FFCD00;Médio;0,47;#FFCD00;Médio;;0,475;Medium
3200359;Alto Rio Novo/ES;0,54;#FFCD00;Médio;0,65;#FF8300;Alto;;0,595;High
2300705;Alto Santo/CE;0,57;#FFCD00;Médio;0,69;#FF8300;Alto;;0,6299999999999999;High
2200400;Altos/PI;0,39;#A9DE00;Baixo;0,59;#FFCD00;Médio;;0,49;Medium
5100607;Alto Taquari/MT;0,36;#A9DE00;Baixo;0,41;#FFCD00;Médio;;0,385;Low
3501152;Alumínio/SP;0,58;#FFCD00;Médio;0,72;#FF8300;Alto;;0,6499999999999999;High
1300029;Alvarães/AM;0,55;#FFCD00;Médio;0,63;#FF8300;Alto;;0,5900000000000001;High
3102209;Alvarenga/MG;0,38;#A9DE00;Baixo;0,42;#FFCD00;Médio;;0,4;Medium
3501202;Álvares Florence/SP;0,46;#FFCD00;Médio;0,7;#FF8300;Alto;;0,58;Medium
3501301;Álvares Machado/SP;0,37;#A9DE00;Baixo;0,54;#FFCD00;Médio;;0,455;Medium
3501400;Álvaro de Carvalho/SP;0,42;#FFCD00;Médio;0,48;#FFCD00;Médio;;0,44999999999999996;Medium
3501509;Alvinlândia/SP;0,44;#FFCD00;Médio;0,5;#FFCD00;Médio;;0,47;Medium
3102308;Alvinópolis/MG;0,62;#FF8300;Alto;0,74;#FF8300;Alto;;0,6799999999999999;High
3102407;Alvorada de Minas/MG;0,22;#A9DE00;Baixo;0,23;#A9DE00;Baixo;;0,225;Low
1100346;Alvorada D'Oeste/RO;0,38;#A9DE00;Baixo;0,53;#FFCD00;Médio;;0,455;Medium
2200459;Alvorada do Gurguéia/PI;0,11;#02C650;Muito baixo;0,17;#02C650;Muito baixo;;0,14;Very low
5200803;Alvorada do Norte/GO;0,32;#A9DE00;Baixo;0,37;#A9DE00;Baixo;;0,345;Low
4100806;Alvorada do Sul/PR;0,12;#02C650;Muito baixo;0,26;#A9DE00;Baixo;;0,19;Very low
4300604;Alvorada/RS;0,84;#F40000;Muito alto;0,8;#F40000;Muito alto;;0,8200000000000001;Very high
1700707;Alvorada/TO;0,48;#FFCD00;Médio;0,56;#FFCD00;Médio;;0,52;Medium
1400027;Amajari/RR;0,0;#02C650;Muito baixo;0,02;#02C650;Muito baixo;;0,01;Very low
5000609;Amambai/MS;0,38;#A9DE00;Baixo;0,45;#FFCD00;Médio;;0,41500000000000004;Medium
1600105;Amapá/AP;0,57;#FFCD00;Médio;0,74;#FF8300;Alto;;0,655;High
2100550;Amapá do Maranhão/MA;0,6;#FF8300;Alto;0,65;#FF8300;Alto;;0,625;High
4100905;Amaporã/PR;0,24;#A9DE00;Baixo;0,34;#A9DE00;Baixo;;0,29000000000000004;Low
2600906;Amaraji/PE;0,65;#FF8300;Alto;0,66;#FF8300;Alto;;0,655;High
4300638;Amaral Ferrador/RS;0,34;#A9DE00;Baixo;0,45;#FFCD00;Médio;;0,395;Medium
5200829;Amaralina/GO;0,42;#FFCD00;Médio;0,42;#FFCD00;Médio;;0,42;Medium
2100600;Amarante do Maranhão/MA;0,49;#FFCD00;Médio;0,58;#FFCD00;Médio;;0,5349999999999999;Medium
2200509;Amarante/PI;0,54;#FFCD00;Médio;0,48;#FFCD00;Médio;;0,51;Medium
2901007;Amargosa/BA;0,68;#FF8300;Alto;0,75;#FF8300;Alto;;0,7150000000000001;High
1300060;Amaturá/AM;0,56;#FFCD00;Médio;0,65;#FF8300;Alto;;0,605;High
2901106;Amélia Rodrigues/BA;0,38;#A9DE00;Baixo;0,53;#FFCD00;Médio;;0,455;Medium
2901155;América Dourada/BA;0,35;#A9DE00;Baixo;0,4;#FFCD00;Médio;;0,375;Low
3501608;Americana/SP;0,24;#A9DE00;Baixo;0,29;#A9DE00;Baixo;;0,265;Low
5200852;Americano do Brasil/GO;0,38;#A9DE00;Baixo;0,44;#FFCD00;Médio;;0,41000000000000003;Medium
3501707;Américo Brasiliense/SP;0,64;#FF8300;Alto;0,71;#FF8300;Alto;;0,675;High
3501806;Américo de Campos/SP;0,41;#FFCD00;Médio;0,54;#FFCD00;Médio;;0,475;Medium
4300646;Ametista do Sul/RS;0,22;#A9DE00;Baixo;0,28;#A9DE00;Baixo;;0,25;Low
2300754;Amontada/CE;0,31;#A9DE00;Baixo;0,46;#FFCD00;Médio;;0,385;Low
5200902;Amorinópolis/GO;0,3;#A9DE00;Baixo;0,36;#A9DE00;Baixo;;0,32999999999999996;Low
2800100;Amparo de São Francisco/SE;0,56;#FFCD00;Médio;0,58;#FFCD00;Médio;;0,5700000000000001;Medium
3102506;Amparo do Serra/MG;0,38;#A9DE00;Baixo;0,44;#FFCD00;Médio;;0,41000000000000003;Medium
2500734;Amparo/PB;0,45;#FFCD00;Médio;0,5;#FFCD00;Médio;;0,475;Medium
3501905;Amparo/SP;0,68;#FF8300;Alto;0,62;#FF8300;Alto;;0,65;High
4101002;Ampére/PR;0,36;#A9DE00;Baixo;0,45;#FFCD00;Médio;;0,405;Medium
2700201;Anadia/AL;0,39;#A9DE00;Baixo;0,45;#FFCD00;Médio;;0,42000000000000004;Medium
2901205;Anagé/BA;0,79;#FF8300;Alto;0,74;#FF8300;Alto;;0,765;High
4101051;Anahy/PR;0,3;#A9DE00;Baixo;0,36;#A9DE00;Baixo;;0,32999999999999996;Low
1500701;Anajás/PA;0,59;#FFCD00;Médio;0,65;#FF8300;Alto;;0,62;High
2100709;Anajatuba/MA;0,36;#A9DE00;Baixo;0,51;#FFCD00;Médio;;0,435;Medium
3502002;Analândia/SP;0,19;#02C650;Muito baixo;0,3;#A9DE00;Baixo;;0,245;Low
1300086;Anamã/AM;0,37;#A9DE00;Baixo;0,45;#FFCD00;Médio;;0,41000000000000003;Medium
1701002;Ananás/TO;0,54;#FFCD00;Médio;0,61;#FF8300;Alto;;0,575;Medium
1500800;Ananindeua/PA;0,83;#F40000;Muito alto;1,0;#F40000;Muito alto;;0,915;Very high
5201108;Anápolis/GO;0,43;#FFCD00;Médio;0,29;#A9DE00;Baixo;;0,36;Low
1500859;Anapu/PA;0,57;#FFCD00;Médio;0,65;#FF8300;Alto;;0,61;High
2100808;Anapurus/MA;0,39;#A9DE00;Baixo;0,55;#FFCD00;Médio;;0,47000000000000003;Medium
5000708;Anastácio/MS;0,44;#FFCD00;Médio;0,5;#FFCD00;Médio;;0,47;Medium
5000807;Anaurilândia/MS;0,32;#A9DE00;Baixo;0,45;#FFCD00;Médio;;0,385;Low
3200409;Anchieta/ES;0,33;#A9DE00;Baixo;0,3;#A9DE00;Baixo;;0,315;Low
4200804;Anchieta/SC;0,27;#A9DE00;Baixo;0,22;#A9DE00;Baixo;;0,245;Low
2901304;Andaraí/BA;0,66;#FF8300;Alto;0,64;#FF8300;Alto;;0,65;High
4101101;Andirá/PR;0,44;#FFCD00;Médio;0,54;#FFCD00;Médio;;0,49;Medium
2901353;Andorinha/BA;0,42;#FFCD00;Médio;0,51;#FFCD00;Médio;;0,46499999999999997;Medium
3102605;Andradas/MG;0,71;#FF8300;Alto;0,59;#FFCD00;Médio;;0,6499999999999999;High
3502101;Andradina/SP;0,45;#FFCD00;Médio;0,46;#FFCD00;Médio;;0,455;Medium
4300661;André da Rocha/RS;0,0;#02C650;Muito baixo;0,1;#02C650;Muito baixo;;0,05;Very low
3102803;Andrelândia/MG;0,52;#FFCD00;Médio;0,55;#FFCD00;Médio;;0,535;Medium
3502200;Angatuba/SP;0,27;#A9DE00;Baixo;0,42;#FFCD00;Médio;;0,345;Low
3102852;Angelândia/MG;0,38;#A9DE00;Baixo;0,47;#FFCD00;Médio;;0,425;Medium
5000856;Angélica/MS;0,35;#A9DE00;Baixo;0,49;#FFCD00;Médio;;0,42;Medium
2601003;Angelim/PE;0,48;#FFCD00;Médio;0,5;#FFCD00;Médio;;0,49;Medium
4200903;Angelina/SC;0,26;#A9DE00;Baixo;0,29;#A9DE00;Baixo;;0,275;Low
2901403;Angical/BA;0,37;#A9DE00;Baixo;0,46;#FFCD00;Médio;;0,41500000000000004;Medium
2200608;Angical do Piauí/PI;0,36;#A9DE00;Baixo;0,45;#FFCD00;Médio;;0,405;Medium
2400802;Angicos/RN;0,57;#FFCD00;Médio;0,68;#FF8300;Alto;;0,625;High
1701051;Angico/TO;0,28;#A9DE00;Baixo;0,33;#A9DE00;Baixo;;0,30500000000000005;Low
3300100;Angra dos Reis/RJ;0,58;#FFCD00;Médio;0,54;#FFCD00;Médio;;0,56;Medium
2901502;Anguera/BA;0,55;#FFCD00;Médio;0,56;#FFCD00;Médio;;0,555;Medium
4101150;Ângulo/PR;0,22;#A9DE00;Baixo;0,29;#A9DE00;Baixo;;0,255;Low
5201207;Anhanguera/GO;0,31;#A9DE00;Baixo;0,36;#A9DE00;Baixo;;0,33499999999999996;Low
3502309;Anhembi/SP;0,23;#A9DE00;Baixo;0,33;#A9DE00;Baixo;;0,28;Low
3502408;Anhumas/SP;0,47;#FFCD00;Médio;0,59;#FFCD00;Médio;;0,53;Medium
5201306;Anicuns/GO;0,51;#FFCD00;Médio;0,62;#FF8300;Alto;;0,565;Medium
2200707;Anísio de Abreu/PI;0,31;#A9DE00;Baixo;0,4;#FFCD00;Médio;;0,355;Low
4201000;Anita Garibaldi/SC;0,36;#A9DE00;Baixo;0,45;#FFCD00;Médio;;0,405;Medium
4201109;Anitápolis/SC;0,32;#A9DE00;Baixo;0,38;#A9DE00;Baixo;;0,35;Low
1300102;Anori/AM;0,76;#FF8300;Alto;0,85;#F40000;Muito alto;;0,8049999999999999;Very high
4300703;Anta Gorda/RS;0,27;#A9DE00;Baixo;0,34;#A9DE00;Baixo;;0,30500000000000005;Low
2901601;Antas/BA;0,46;#FFCD00;Médio;0,52;#FFCD00;Médio;;0,49;Medium
2300804;Antonina do Norte/CE;0,5;#FFCD00;Médio;0,65;#FF8300;Alto;;0,575;Medium
4101200;Antonina/PR;0,53;#FFCD00;Médio;0,51;#FFCD00;Médio;;0,52;Medium
2200806;Antônio Almeida/PI;0,2;#A9DE00;Baixo;0,26;#A9DE00;Baixo;;0,23;Low
2901700;Antônio Cardoso/BA;0,31;#A9DE00;Baixo;0,32;#A9DE00;Baixo;;0,315;Low
3102902;Antônio Carlos/MG;0,43;#FFCD00;Médio;0,54;#FFCD00;Médio;;0,485;Medium
4201208;Antônio Carlos/SC;0,41;#FFCD00;Médio;0,42;#FFCD00;Médio;;0,415;Medium
3103009;Antônio Dias/MG;0,5;#FFCD00;Médio;0,52;#FFCD00;Médio;;0,51;Medium
2901809;Antônio Gonçalves/BA;0,6;#FF8300;Alto;0,6;#FF8300;Alto;;0,6;High
5000906;Antônio João/MS;0,47;#FFCD00;Médio;0,56;#FFCD00;Médio;;0,515;Medium
2400901;Antônio Martins/RN;0,42;#FFCD00;Médio;0,52;#FFCD00;Médio;;0,47;Medium
4101309;Antônio Olinto/PR;0,06;#02C650;Muito baixo;0,11;#02C650;Muito baixo;;0,08499999999999999;Very low
3103108;Antônio Prado de Minas/MG;0,49;#FFCD00;Médio;0,55;#FFCD00;Médio;;0,52;Medium
4300802;Antônio Prado/RS;0,4;#FFCD00;Médio;0,52;#FFCD00;Médio;;0,46;Medium
5201405;Aparecida de Goiânia/GO;0,65;#FF8300;Alto;0,66;#FF8300;Alto;;0,655;High
3502606;Aparecida d'Oeste/SP;0,35;#A9DE00;Baixo;0,46;#FFCD00;Médio;;0,405;Medium
5201454;Aparecida do Rio Doce/GO;0,25;#A9DE00;Baixo;0,34;#A9DE00;Baixo;;0,29500000000000004;Low
1701101;Aparecida do Rio Negro/TO;0,33;#A9DE00;Baixo;0,41;#FFCD00;Médio;;0,37;Low
5001003;Aparecida do Taboado/MS;0,4;#FFCD00;Médio;0,47;#FFCD00;Médio;;0,435;Medium
2500775;Aparecida/PB;0,33;#A9DE00;Baixo;0,42;#FFCD00;Médio;;0,375;Low
3502507;Aparecida/SP;0,78;#FF8300;Alto;0,75;#FF8300;Alto;;0,765;High
3300159;Aperibé/RJ;0,49;#FFCD00;Médio;0,51;#FFCD00;Médio;;0,5;Medium
3200508;Apiacá/ES;0,39;#A9DE00;Baixo;0,42;#FFCD00;Médio;;0,405;Medium
5100805;Apiacás/MT;0,4;#FFCD00;Médio;0,49;#FFCD00;Médio;;0,445;Medium
3502705;Apiaí/SP;0,57;#FFCD00;Médio;0,58;#FFCD00;Médio;;0,575;Medium
2100832;Apicum-Açu/MA;0,53;#FFCD00;Médio;0,62;#FF8300;Alto;;0,575;Medium
4201257;Apiúna/SC;0,11;#02C650;Muito baixo;0,14;#02C650;Muito baixo;;0,125;Very low
2401008;Apodi/RN;0,77;#FF8300;Alto;0,74;#FF8300;Alto;;0,755;High
2901908;Aporá/BA;0,39;#A9DE00;Baixo;0,49;#FFCD00;Médio;;0,44;Medium
5201504;Aporé/GO;0,39;#A9DE00;Baixo;0,52;#FFCD00;Médio;;0,455;Medium
2901957;Apuarema/BA;0,59;#FFCD00;Médio;0,64;#FF8300;Alto;;0,615;High
4101408;Apucarana/PR;0,51;#FFCD00;Médio;0,49;#FFCD00;Médio;;0,5;Medium
1300144;Apuí/AM;0,49;#FFCD00;Médio;0,58;#FFCD00;Médio;;0,5349999999999999;Medium
2300903;Apuiarés/CE;0,37;#A9DE00;Baixo;0,5;#FFCD00;Médio;;0,435;Medium
2800209;Aquidabã/SE;0,35;#A9DE00;Baixo;0,44;#FFCD00;Médio;;0,395;Medium
5001102;Aquidauana/MS;0,28;#A9DE00;Baixo;0,52;#FFCD00;Médio;;0,4;Medium
2301000;Aquiraz/CE;0,46;#FFCD00;Médio;0,6;#FF8300;Alto;;0,53;Medium
4201273;Arabutã/SC;0,28;#A9DE00;Baixo;0,25;#A9DE00;Baixo;;0,265;Low
2500809;Araçagi/PB;0,6;#FF8300;Alto;0,53;#FFCD00;Médio;;0,565;Medium
3103207;Araçaí/MG;0,23;#A9DE00;Baixo;0,31;#A9DE00;Baixo;;0,27;Low
2800308;Aracaju/SE;0,59;#FFCD00;Médio;0,55;#FFCD00;Médio;;0,5700000000000001;Medium
3502754;Araçariguama/SP;0,48;#FFCD00;Médio;0,6;#FF8300;Alto;;0,54;Medium
2902054;Araçás/BA;0,32;#A9DE00;Baixo;0,38;#A9DE00;Baixo;;0,35;Low
2301109;Aracati/CE;0,73;#FF8300;Alto;0,68;#FF8300;Alto;;0,7050000000000001;High
2902005;Aracatu/BA;0,41;#FFCD00;Médio;0,51;#FFCD00;Médio;;0,45999999999999996;Medium
3502804;Araçatuba/SP;0,47;#FFCD00;Médio;0,51;#FFCD00;Médio;;0,49;Medium
2902104;Araci/BA;0,4;#FFCD00;Médio;0,45;#FFCD00;Médio;;0,42500000000000004;Medium
3103306;Aracitaba/MG;0,37;#A9DE00;Baixo;0,49;#FFCD00;Médio;;0,43;Medium
2301208;Aracoiaba/CE;0,53;#FFCD00;Médio;0,56;#FFCD00;Médio;;0,545;Medium
3502903;Araçoiaba da Serra/SP;0,27;#A9DE00;Baixo;0,33;#A9DE00;Baixo;;0,30000000000000004;Low
2601052;Araçoiaba/PE;0,66;#FF8300;Alto;0,79;#FF8300;Alto;;0,7250000000000001;High
3200607;Aracruz/ES;0,13;#02C650;Muito baixo;0,34;#A9DE00;Baixo;;0,23500000000000001;Low
3103405;Araçuaí/MG;0,5;#FFCD00;Médio;0,57;#FFCD00;Médio;;0,5349999999999999;Medium
5201603;Araçu/GO;0,37;#A9DE00;Baixo;0,4;#FFCD00;Médio;;0,385;Low
5201702;Aragarças/GO;0,94;#F40000;Muito alto;0,84;#F40000;Muito alto;;0,8899999999999999;Very high
5201801;Aragoiânia/GO;0,25;#A9DE00;Baixo;0,27;#A9DE00;Baixo;;0,26;Low
1701309;Aragominas/TO;0,43;#FFCD00;Médio;0,57;#FFCD00;Médio;;0,5;Medium
1701903;Araguacema/TO;0,25;#A9DE00;Baixo;0,33;#A9DE00;Baixo;;0,29000000000000004;Low
1702000;Araguaçu/TO;0,47;#FFCD00;Médio;0,54;#FFCD00;Médio;;0,505;Medium
5101001;Araguaiana/MT;0,34;#A9DE00;Baixo;0,4;#FFCD00;Médio;;0,37;Low
1702109;Araguaína/TO;0,54;#FFCD00;Médio;0,46;#FFCD00;Médio;;0,5;Medium
5101209;Araguainha/MT;0,28;#A9DE00;Baixo;0,32;#A9DE00;Baixo;;0,30000000000000004;Low
2100873;Araguanã/MA;0,41;#FFCD00;Médio;0,58;#FFCD00;Médio;;0,495;Medium
1702158;Araguanã/TO;0,36;#A9DE00;Baixo;0,4;#FFCD00;Médio;;0,38;Low
5202155;Araguapaz/GO;0,54;#FFCD00;Médio;0,54;#FFCD00;Médio;;0,54;Medium
3103504;Araguari/MG;0,57;#FFCD00;Médio;0,33;#A9DE00;Baixo;;0,44999999999999996;Medium
1702208;Araguatins/TO;0,37;#A9DE00;Baixo;0,57;#FFCD00;Médio;;0,47;Medium
2100907;Araioses/MA;0,55;#FFCD00;Médio;0,73;#FF8300;Alto;;0,64;High
5001243;Aral Moreira/MS;0,47;#FFCD00;Médio;0,51;#FFCD00;Médio;;0,49;Medium
2902203;Aramari/BA;0,6;#FF8300;Alto;0,68;#FF8300;Alto;;0,64;High
4300851;Arambaré/RS;0,15;#02C650;Muito baixo;0,19;#02C650;Muito baixo;;0,16999999999999998;Very low
2100956;Arame/MA;0,36;#A9DE00;Baixo;0,41;#FFCD00;Médio;;0,385;Low
3503000;Aramina/SP;0,42;#FFCD00;Médio;0,5;#FFCD00;Médio;;0,45999999999999996;Medium
3503109;Arandu/SP;0,07;#02C650;Muito baixo;0,16;#02C650;Muito baixo;;0,115;Very low
3103603;Arantina/MG;0,44;#FFCD00;Médio;0,59;#FFCD00;Médio;;0,515;Medium
3503158;Arapeí/SP;0,43;#FFCD00;Médio;0,5;#FFCD00;Médio;;0,46499999999999997;Medium
2700300;Arapiraca/AL;0,57;#FFCD00;Médio;0,63;#FF8300;Alto;;0,6;High
1702307;Arapoema/TO;0,45;#FFCD00;Médio;0,58;#FFCD00;Médio;;0,515;Medium
3103702;Araponga/MG;0,29;#A9DE00;Baixo;0,35;#A9DE00;Baixo;;0,31999999999999995;Low
4101507;Arapongas/PR;0,56;#FFCD00;Médio;0,53;#FFCD00;Médio;;0,545;Medium
3103751;Araporã/MG;0,27;#A9DE00;Baixo;0,45;#FFCD00;Médio;;0,36;Low
4101606;Arapoti/PR;0,55;#FFCD00;Médio;0,59;#FFCD00;Médio;;0,5700000000000001;Medium
3103801;Arapuá/MG;0,31;#A9DE00;Baixo;0,37;#A9DE00;Baixo;;0,33999999999999997;Low
4101655;Arapuã/PR;0,21;#A9DE00;Baixo;0,27;#A9DE00;Baixo;;0,24;Low
5101258;Araputanga/MT;0,3;#A9DE00;Baixo;0,36;#A9DE00;Baixo;;0,32999999999999996;Low
4201307;Araquari/SC;0,31;#A9DE00;Baixo;0,3;#A9DE00;Baixo;;0,305;Low
4201406;Araranguá/SC;0,31;#A9DE00;Baixo;0,27;#A9DE00;Baixo;;0,29000000000000004;Low
2500908;Arara/PB;0,81;#F40000;Muito alto;0,73;#FF8300;Alto;;0,77;High
3503208;Araraquara/SP;0,45;#FFCD00;Médio;0,0;#02C650;Muito baixo;;0,225;Low
3503307;Araras/SP;0,48;#FFCD00;Médio;0,46;#FFCD00;Médio;;0,47;Medium
2301257;Ararendá/CE;0,46;#FFCD00;Médio;0,54;#FFCD00;Médio;;0,5;Medium
4300877;Araricá/RS;0,3;#A9DE00;Baixo;0,37;#A9DE00;Baixo;;0,33499999999999996;Low
2101004;Arari/MA;0,63;#FF8300;Alto;0,86;#F40000;Muito alto;;0,745;High
2301307;Araripe/CE;0,74;#FF8300;Alto;0,82;#F40000;Muito alto;;0,78;High
2601102;Araripina/PE;0,56;#FFCD00;Médio;0,64;#FF8300;Alto;;0,6000000000000001;High
3300209;Araruama/RJ;0,41;#FFCD00;Médio;0,53;#FFCD00;Médio;;0,47;Medium
2501005;Araruna/PB;0,55;#FFCD00;Médio;0,64;#FF8300;Alto;;0,595;High
4101705;Araruna/PR;0,44;#FFCD00;Médio;0,54;#FFCD00;Médio;;0,49;Medium
2902252;Arataca/BA;0,61;#FF8300;Alto;0,71;#FF8300;Alto;;0,6599999999999999;High
4300901;Aratiba/RS;0,28;#A9DE00;Baixo;0,3;#A9DE00;Baixo;;0,29000000000000004;Low
2301406;Aratuba/CE;0,5;#FFCD00;Médio;0,6;#FF8300;Alto;;0,55;Medium
2902302;Aratuípe/BA;0,63;#FF8300;Alto;0,72;#FF8300;Alto;;0,675;High
2800407;Arauá/SE;0,21;#A9DE00;Baixo;0,3;#A9DE00;Baixo;;0,255;Low
4101804;Araucária/PR;0,55;#FFCD00;Médio;0,48;#FFCD00;Médio;;0,515;Medium
3103900;Araújos/MG;0,37;#A9DE00;Baixo;0,48;#FFCD00;Médio;;0,425;Medium
3104007;Araxá/MG;0,52;#FFCD00;Médio;0,56;#FFCD00;Médio;;0,54;Medium
3104106;Arceburgo/MG;0,46;#FFCD00;Médio;0,47;#FFCD00;Médio;;0,46499999999999997;Medium
3503356;Arco-Íris/SP;0,34;#A9DE00;Baixo;0,4;#FFCD00;Médio;;0,37;Low
3104205;Arcos/MG;0,57;#FFCD00;Médio;0,57;#FFCD00;Médio;;0,57;Medium
2601201;Arcoverde/PE;0,9;#F40000;Muito alto;0,85;#F40000;Muito alto;;0,875;Very high
3104304;Areado/MG;0,72;#FF8300;Alto;0,68;#FF8300;Alto;;0,7;High
3300225;Areal/RJ;0,27;#A9DE00;Baixo;0,33;#A9DE00;Baixo;;0,30000000000000004;Low
3503406;Arealva/SP;0,12;#02C650;Muito baixo;0,23;#A9DE00;Baixo;;0,175;Very low
2401107;Areia Branca/RN;0,91;#F40000;Muito alto;0,86;#F40000;Muito alto;;0,885;Very high
2800506;Areia Branca/SE;0,29;#A9DE00;Baixo;0,35;#A9DE00;Baixo;;0,31999999999999995;Low
2501153;Areia de Baraúnas/PB;0,44;#FFCD00;Médio;0,5;#FFCD00;Médio;;0,47;Medium
2501203;Areial/PB;0,51;#FFCD00;Médio;0,57;#FFCD00;Médio;;0,54;Medium
2501104;Areia/PB;0,75;#FF8300;Alto;0,68;#FF8300;Alto;;0,7150000000000001;High
3503505;Areias/SP;0,71;#FF8300;Alto;0,64;#FF8300;Alto;;0,675;High
3503604;Areiópolis/SP;0,52;#FFCD00;Médio;0,67;#FF8300;Alto;;0,595;High
5101308;Arenápolis/MT;0,54;#FFCD00;Médio;0,52;#FFCD00;Médio;;0,53;Medium
5202353;Arenópolis/GO;0,42;#FFCD00;Médio;0,44;#FFCD00;Médio;;0,43;Medium
2401206;Arês/RN;0,39;#A9DE00;Baixo;0,44;#FFCD00;Médio;;0,41500000000000004;Medium
3104403;Argirita/MG;0,32;#A9DE00;Baixo;0,34;#A9DE00;Baixo;;0,33;Low
3104452;Aricanduva/MG;0,27;#A9DE00;Baixo;0,39;#A9DE00;Baixo;;0,33;Low
3104502;Arinos/MG;0,24;#A9DE00;Baixo;0,48;#FFCD00;Médio;;0,36;Low
5101407;Aripuanã/MT;0,4;#FFCD00;Médio;0,39;#A9DE00;Baixo;;0,395;Medium
1100023;Ariquemes/RO;0,35;#A9DE00;Baixo;0,49;#FFCD00;Médio;;0,42;Medium
4101853;Ariranha do Ivaí/PR;0,22;#A9DE00;Baixo;0,29;#A9DE00;Baixo;;0,255;Low
3503703;Ariranha/SP;0,52;#FFCD00;Médio;0,6;#FF8300;Alto;;0,56;Medium
3300233;Armação dos Búzios/RJ;0,39;#A9DE00;Baixo;0,41;#FFCD00;Médio;;0,4;Medium
4201505;Armazém/SC;0,35;#A9DE00;Baixo;0,33;#A9DE00;Baixo;;0,33999999999999997;Low
2301505;Arneiroz/CE;0,4;#FFCD00;Médio;0,47;#FFCD00;Médio;;0,435;Medium
2200905;Aroazes/PI;0,5;#FFCD00;Médio;0,52;#FFCD00;Médio;;0,51;Medium
2200954;Aroeiras do Itaim/PI;0,44;#FFCD00;Médio;0,51;#FFCD00;Médio;;0,475;Medium
2501302;Aroeiras/PB;0,68;#FF8300;Alto;0,71;#FF8300;Alto;;0,6950000000000001;High
3300258;Arraial do Cabo/RJ;0,76;#FF8300;Alto;0,77;#FF8300;Alto;;0,765;High
2201002;Arraial/PI;0,36;#A9DE00;Baixo;0,41;#FFCD00;Médio;;0,385;Low
1702406;Arraias/TO;0,83;#F40000;Muito alto;0,68;#FF8300;Alto;;0,755;High
4301008;Arroio do Meio/RS;0,11;#02C650;Muito baixo;0,0;#02C650;Muito baixo;;0,055;Very low
4301073;Arroio do Padre/RS;0,06;#02C650;Muito baixo;0,06;#02C650;Muito baixo;;0,06;Very low
4301057;Arroio do Sal/RS;0,07;#02C650;Muito baixo;0,11;#02C650;Muito baixo;;0,09;Very low
4301107;Arroio dos Ratos/RS;0,21;#A9DE00;Baixo;0,38;#A9DE00;Baixo;;0,295;Low
4301206;Arroio do Tigre/RS;0,38;#A9DE00;Baixo;0,4;#FFCD00;Médio;;0,39;Low
4301305;Arroio Grande/RS;0,53;#FFCD00;Médio;0,63;#FF8300;Alto;;0,5800000000000001;Medium
4201604;Arroio Trinta/SC;0,36;#A9DE00;Baixo;0,36;#A9DE00;Baixo;;0,36;Low
3503802;Artur Nogueira/SP;0,41;#FFCD00;Médio;0,51;#FFCD00;Médio;;0,45999999999999996;Medium
5202502;Aruanã/GO;0,21;#A9DE00;Baixo;0,29;#A9DE00;Baixo;;0,25;Low
3503901;Arujá/SP;0,72;#FF8300;Alto;0,62;#FF8300;Alto;;0,6699999999999999;High
4201653;Arvoredo/SC;0,01;#02C650;Muito baixo;0,02;#02C650;Muito baixo;;0,015;Very low
4301404;Arvorezinha/RS;0,38;#A9DE00;Baixo;0,49;#FFCD00;Médio;;0,435;Medium
4201703;Ascurra/SC;0,4;#FFCD00;Médio;0,34;#A9DE00;Baixo;;0,37;Low
3503950;Aspásia/SP;0,31;#A9DE00;Baixo;0,44;#FFCD00;Médio;;0,375;Low
4101903;Assaí/PR;0,21;#A9DE00;Baixo;0,27;#A9DE00;Baixo;;0,24;Low
2301604;Assaré/CE;0,56;#FFCD00;Médio;0,66;#FF8300;Alto;;0,6100000000000001;High
1200054;Assis Brasil/AC;0,38;#A9DE00;Baixo;0,43;#FFCD00;Médio;;0,405;Medium
4102000;Assis Chateaubriand/PR;0,22;#A9DE00;Baixo;0,31;#A9DE00;Baixo;;0,265;Low
3504008;Assis/SP;0,34;#A9DE00;Baixo;0,47;#FFCD00;Médio;;0,405;Medium
2201051;Assunção do Piauí/PI;0,45;#FFCD00;Médio;0,54;#FFCD00;Médio;;0,495;Medium
2501351;Assunção/PB;0,46;#FFCD00;Médio;0,51;#FFCD00;Médio;;0,485;Medium
3104601;Astolfo Dutra/MG;0,51;#FFCD00;Médio;0,52;#FFCD00;Médio;;0,515;Medium
4102109;Astorga/PR;0,28;#A9DE00;Baixo;0,24;#A9DE00;Baixo;;0,26;Low
2700409;Atalaia/AL;0,77;#FF8300;Alto;0,72;#FF8300;Alto;;0,745;High
1300201;Atalaia do Norte/AM;0,47;#FFCD00;Médio;0,51;#FFCD00;Médio;;0,49;Medium
4102208;Atalaia/PR;0,28;#A9DE00;Baixo;0,36;#A9DE00;Baixo;;0,32;Low
4201802;Atalanta/SC;0,27;#A9DE00;Baixo;0,29;#A9DE00;Baixo;;0,28;Low
3104700;Ataléia/MG;0,66;#FF8300;Alto;0,67;#FF8300;Alto;;0,665;High
3504107;Atibaia/SP;0,23;#A9DE00;Baixo;0,25;#A9DE00;Baixo;;0,24;Low
3200706;Atílio Vivacqua/ES;0,5;#FFCD00;Médio;0,46;#FFCD00;Médio;;0,48;Medium
1702554;Augustinópolis/TO;0,43;#FFCD00;Médio;0,63;#FF8300;Alto;;0,53;Medium
1500909;Augusto Corrêa/PA;0,55;#FFCD00;Médio;0,66;#FF8300;Alto;;0,605;High
3104809;Augusto de Lima/MG;0,21;#A9DE00;Baixo;0,32;#A9DE00;Baixo;;0,265;Low
4301503;Augusto Pestana/RS;0,32;#A9DE00;Baixo;0,44;#FFCD00;Médio;;0,38;Low
4301552;Áurea/RS;0,18;#02C650;Muito baixo;0,25;#A9DE00;Baixo;;0,215;Low
2902401;Aurelino Leal/BA;0,88;#F40000;Muito alto;0,88;#F40000;Muito alto;;0,88;Very high
3504206;Auriflama/SP;0,47;#FFCD00;Médio;0,58;#FFCD00;Médio;;0,5249999999999999;Medium
5202601;Aurilândia/GO;0,82;#F40000;Muito alto;0,75;#FF8300;Alto;;0,7849999999999999;High
2301703;Aurora/CE;0,46;#FFCD00;Médio;0,66;#FF8300;Alto;;0,56;Medium
1500958;Aurora do Pará/PA;0,47;#FFCD00;Médio;0,65;#FF8300;Alto;;0,56;Medium
1702703;Aurora do Tocantins/TO;0,41;#FFCD00;Médio;0,49;#FFCD00;Médio;;0,44999999999999996;Medium
4201901;Aurora/SC;0,58;#FFCD00;Médio;0,52;#FFCD00;Médio;;0,55;Medium
1300300;Autazes/AM;0,78;#FF8300;Alto;0,75;#FF8300;Alto;;0,765;High
3504305;Avaí/SP;0,33;#A9DE00;Baixo;0,39;#A9DE00;Baixo;;0,36;Low
3504404;Avanhandava/SP;0,57;#FFCD00;Médio;0,73;#FF8300;Alto;;0,6499999999999999;High
3504503;Avaré/SP;0,37;#A9DE00;Baixo;0,48;#FFCD00;Médio;;0,425;Medium
1501006;Aveiro/PA;0,83;#F40000;Muito alto;0,79;#FF8300;Alto;;0,81;Very high
2201101;Avelino Lopes/PI;0,48;#FFCD00;Médio;0,6;#FF8300;Alto;;0,54;Medium
5202809;Avelinópolis/GO;0,36;#A9DE00;Baixo;0,44;#FFCD00;Médio;;0,4;Medium
1702901;Axixá do Tocantins/TO;0,45;#FFCD00;Médio;0,57;#FFCD00;Médio;;0,51;Medium
2101103;Axixá/MA;0,53;#FFCD00;Médio;0,55;#FFCD00;Médio;;0,54;Medium
1703008;Babaçulândia/TO;0,44;#FFCD00;Médio;0,5;#FFCD00;Médio;;0,47;Medium
2101202;Bacabal/MA;0,69;#FF8300;Alto;0,81;#F40000;Muito alto;;0,75;High
2101251;Bacabeira/MA;0,17;#02C650;Muito baixo;0,22;#A9DE00;Baixo;;0,195;Low
2101301;Bacuri/MA;0,5;#FFCD00;Médio;0,62;#FF8300;Alto;;0,56;Medium
2101350;Bacurituba/MA;0,19;#02C650;Muito baixo;0,23;#A9DE00;Baixo;;0,21000000000000002;Low
3504602;Bady Bassitt/SP;0,29;#A9DE00;Baixo;0,38;#A9DE00;Baixo;;0,33499999999999996;Low
3104908;Baependi/MG;0,78;#FF8300;Alto;0,67;#FF8300;Alto;;0,7250000000000001;High
4301602;Bagé/RS;0,44;#FFCD00;Médio;0,57;#FFCD00;Médio;;0,505;Medium
1501105;Bagre/PA;0,76;#FF8300;Alto;0,97;#F40000;Muito alto;;0,865;Very high
2501401;Baía da Traição/PB;0,17;#02C650;Muito baixo;0,21;#A9DE00;Baixo;;0,19;Very low
2401404;Baía Formosa/RN;0,62;#FF8300;Alto;0,61;#FF8300;Alto;;0,615;High
2902500;Baianópolis/BA;0,19;#02C650;Muito baixo;0,24;#A9DE00;Baixo;;0,215;Low
1501204;Baião/PA;0,51;#FFCD00;Médio;0,67;#FF8300;Alto;;0,5900000000000001;High
2902609;Baixa Grande/BA;0,4;#FFCD00;Médio;0,46;#FFCD00;Médio;;0,43000000000000005;Medium
2201150;Baixa Grande do Ribeiro/PI;0,36;#A9DE00;Baixo;0,41;#FFCD00;Médio;;0,385;Low
2301802;Baixio/CE;0,65;#FF8300;Alto;0,72;#FF8300;Alto;;0,685;High
3200805;Baixo Guandu/ES;0,54;#FFCD00;Médio;0,67;#FF8300;Alto;;0,605;High
3504701;Balbinos/SP;0,36;#A9DE00;Baixo;0,44;#FFCD00;Médio;;0,4;Medium
3105004;Baldim/MG;0,26;#A9DE00;Baixo;0,36;#A9DE00;Baixo;;0,31;Low
5203104;Baliza/GO;0,4;#FFCD00;Médio;0,42;#FFCD00;Médio;;0,41000000000000003;Medium
4201950;Balneário Arroio do Silva/SC;0,44;#FFCD00;Médio;0,42;#FFCD00;Médio;;0,43;Medium
4202057;Balneário Barra do Sul/SC;0,28;#A9DE00;Baixo;0,37;#A9DE00;Baixo;;0,325;Low
4202008;Balneário Camboriú/SC;0,6;#FF8300;Alto;0,0;#02C650;Muito baixo;;0,3;Low
4202073;Balneário Gaivota/SC;0,26;#A9DE00;Baixo;0,3;#A9DE00;Baixo;;0,28;Low
4212809;Balneário Piçarras/SC;0,48;#FFCD00;Médio;0,49;#FFCD00;Médio;;0,485;Medium
4301636;Balneário Pinhal/RS;0,28;#A9DE00;Baixo;0,24;#A9DE00;Baixo;;0,26;Low
4220000;Balneário Rincão/SC;0,06;#02C650;Muito baixo;0,07;#02C650;Muito baixo;;0,065;Very low
3504800;Bálsamo/SP;0,39;#A9DE00;Baixo;0,53;#FFCD00;Médio;;0,46;Medium
4102307;Balsa Nova/PR;0,11;#02C650;Muito baixo;0,15;#02C650;Muito baixo;;0,13;Very low
2101400;Balsas/MA;0,4;#FFCD00;Médio;0,57;#FFCD00;Médio;;0,485;Medium
3105103;Bambuí/MG;0,46;#FFCD00;Médio;0,64;#FF8300;Alto;;0,55;Medium
2301851;Banabuiú/CE;0,53;#FFCD00;Médio;0,64;#FF8300;Alto;;0,585;Medium
3504909;Bananal/SP;0,61;#FF8300;Alto;0,67;#FF8300;Alto;;0,64;High
2501500;Bananeiras/PB;0,45;#FFCD00;Médio;0,55;#FFCD00;Médio;;0,5;Medium
3105301;Bandeira do Sul/MG;0,32;#A9DE00;Baixo;0,41;#FFCD00;Médio;;0,365;Low
3105202;Bandeira/MG;0,54;#FFCD00;Médio;0,63;#FF8300;Alto;;0,585;Medium
4202081;Bandeirante/SC;0,07;#02C650;Muito baixo;0,14;#02C650;Muito baixo;;0,10500000000000001;Very low
1703057;Bandeirantes do Tocantins/TO;0,28;#A9DE00;Baixo;0,34;#A9DE00;Baixo;;0,31000000000000005;Low
5001508;Bandeirantes/MS;0,38;#A9DE00;Baixo;0,49;#FFCD00;Médio;;0,435;Medium
4102406;Bandeirantes/PR;0,51;#FFCD00;Médio;0,59;#FFCD00;Médio;;0,55;Medium
1501253;Bannach/PA;0,34;#A9DE00;Baixo;0,37;#A9DE00;Baixo;;0,355;Low
2902658;Banzaê/BA;0,23;#A9DE00;Baixo;0,28;#A9DE00;Baixo;;0,255;Low
3505005;Barão de Antonina/SP;0,24;#A9DE00;Baixo;0,33;#A9DE00;Baixo;;0,28500000000000003;Low
3105400;Barão de Cocais/MG;0,61;#FF8300;Alto;0,63;#FF8300;Alto;;0,62;High
4301701;Barão de Cotegipe/RS;0,29;#A9DE00;Baixo;0,33;#A9DE00;Baixo;;0,31;Low
2101509;Barão de Grajaú/MA;0,46;#FFCD00;Médio;0,69;#FF8300;Alto;;0,575;Medium
5101605;Barão de Melgaço/MT;0,51;#FFCD00;Médio;0,64;#FF8300;Alto;;0,575;Medium
3105509;Barão de Monte Alto/MG;0,62;#FF8300;Alto;0,61;#FF8300;Alto;;0,615;High
4301750;Barão do Triunfo/RS;0,11;#02C650;Muito baixo;0,18;#02C650;Muito baixo;;0,145;Very low
4301651;Barão/RS;0,19;#02C650;Muito baixo;0,19;#02C650;Muito baixo;;0,19;Very low
2501534;Baraúna/PB;0,51;#FFCD00;Médio;0,57;#FFCD00;Médio;;0,54;Medium
2401453;Baraúna/RN;0,69;#FF8300;Alto;0,73;#FF8300;Alto;;0,71;High
3105608;Barbacena/MG;0,71;#FF8300;Alto;0,67;#FF8300;Alto;;0,69;High
2301901;Barbalha/CE;0,4;#FFCD00;Médio;0,38;#A9DE00;Baixo;;0,39;Low
4102505;Barbosa Ferraz/PR;0,42;#FFCD00;Médio;0,44;#FFCD00;Médio;;0,43;Medium
3505104;Barbosa/SP;0,33;#A9DE00;Baixo;0,44;#FFCD00;Médio;;0,385;Low
1501303;Barcarena/PA;0,53;#FFCD00;Médio;0,51;#FFCD00;Médio;;0,52;Medium
2401503;Barcelona/RN;0,56;#FFCD00;Médio;0,61;#FF8300;Alto;;0,585;Medium
1300409;Barcelos/AM;0,53;#FFCD00;Médio;0,69;#FF8300;Alto;;0,61;High
3505203;Bariri/SP;0,4;#FFCD00;Médio;0,67;#FF8300;Alto;;0,535;Medium
2902708;Barra/BA;0,48;#FFCD00;Médio;0,61;#FF8300;Alto;;0,5449999999999999;Medium
4202099;Barra Bonita/SC;0,14;#02C650;Muito baixo;0,18;#02C650;Muito baixo;;0,16;Very low
3505302;Barra Bonita/SP;0,44;#FFCD00;Médio;0,6;#FF8300;Alto;;0,52;Medium
4102604;Barracão/PR;0,51;#FFCD00;Médio;0,52;#FFCD00;Médio;;0,515;Medium
4301800;Barracão/RS;0,28;#A9DE00;Baixo;0,38;#A9DE00;Baixo;;0,33;Low
2902807;Barra da Estiva/BA;0,42;#FFCD00;Médio;0,54;#FFCD00;Médio;;0,48;Medium
2201176;Barra D'Alcântara/PI;0,37;#A9DE00;Baixo;0,42;#FFCD00;Médio;;0,395;Medium
2601300;Barra de Guabiraba/PE;0,53;#FFCD00;Médio;0,62;#FF8300;Alto;;0,575;Medium
2501575;Barra de Santana/PB;0,24;#A9DE00;Baixo;0,29;#A9DE00;Baixo;;0,265;Low
2501609;Barra de Santa Rosa/PB;0,79;#FF8300;Alto;0,73;#FF8300;Alto;;0,76;High
2700508;Barra de Santo Antônio/AL;0,88;#F40000;Muito alto;0,84;#F40000;Muito alto;;0,86;Very high
3200904;Barra de São Francisco/ES;0,73;#FF8300;Alto;0,77;#FF8300;Alto;;0,75;High
2700607;Barra de São Miguel/AL;0,29;#A9DE00;Baixo;0,33;#A9DE00;Baixo;;0,31;Low
2501708;Barra de São Miguel/PB;0,42;#FFCD00;Médio;0,57;#FFCD00;Médio;;0,495;Medium
5101704;Barra do Bugres/MT;0,46;#FFCD00;Médio;0,59;#FFCD00;Médio;;0,525;Medium
3505351;Barra do Chapéu/SP;0,28;#A9DE00;Baixo;0,38;#A9DE00;Baixo;;0,33;Low
2902906;Barra do Choça/BA;0,59;#FFCD00;Médio;0,81;#F40000;Muito alto;;0,7;High
2101608;Barra do Corda/MA;0,49;#FFCD00;Médio;0,6;#FF8300;Alto;;0,5449999999999999;Medium
5101803;Barra do Garças/MT;0,44;#FFCD00;Médio;0,37;#A9DE00;Baixo;;0,405;Medium
4301859;Barra do Guarita/RS;0,5;#FFCD00;Médio;0,47;#FFCD00;Médio;;0,485;Medium
4102703;Barra do Jacaré/PR;0,27;#A9DE00;Baixo;0,34;#A9DE00;Baixo;;0,30500000000000005;Low
2903003;Barra do Mendes/BA;0,3;#A9DE00;Baixo;0,35;#A9DE00;Baixo;;0,32499999999999996;Low
1703073;Barra do Ouro/TO;0,27;#A9DE00;Baixo;0,31;#A9DE00;Baixo;;0,29000000000000004;Low
3300308;Barra do Piraí/RJ;0,93;#F40000;Muito alto;0,88;#F40000;Muito alto;;0,905;Very high
4301875;Barra do Quaraí/RS;0,44;#FFCD00;Médio;0,54;#FFCD00;Médio;;0,49;Medium
4301909;Barra do Ribeiro/RS;0,4;#FFCD00;Médio;0,57;#FFCD00;Médio;;0,485;Medium
4301925;Barra do Rio Azul/RS;0,19;#02C650;Muito baixo;0,21;#A9DE00;Baixo;;0,2;Low
2903102;Barra do Rocha/BA;0,69;#FF8300;Alto;0,84;#F40000;Muito alto;;0,7649999999999999;High
2800605;Barra dos Coqueiros/SE;0,67;#FF8300;Alto;0,55;#FFCD00;Médio;;0,6100000000000001;High
3505401;Barra do Turvo/SP;0,48;#FFCD00;Médio;0,55;#FFCD00;Médio;;0,515;Medium
4301958;Barra Funda/RS;0,09;#02C650;Muito baixo;0,15;#02C650;Muito baixo;;0,12;Very low
3105707;Barra Longa/MG;0,31;#A9DE00;Baixo;0,33;#A9DE00;Baixo;;0,32;Low
3300407;Barra Mansa/RJ;0,72;#FF8300;Alto;0,56;#FFCD00;Médio;;0,64;High
2201200;Barras/PI;0,4;#FFCD00;Médio;0,59;#FFCD00;Médio;;0,495;Medium
4202107;Barra Velha/SC;0,5;#FFCD00;Médio;0,47;#FFCD00;Médio;;0,485;Medium
2301950;Barreira/CE;0,42;#FFCD00;Médio;0,51;#FFCD00;Médio;;0,46499999999999997;Medium
2903201;Barreiras/BA;0,47;#FFCD00;Médio;0,6;#FF8300;Alto;;0,5349999999999999;Medium
2201309;Barreiras do Piauí/PI;0,46;#FFCD00;Médio;0,52;#FFCD00;Médio;;0,49;Medium
1300508;Barreirinha/AM;0,61;#FF8300;Alto;0,77;#FF8300;Alto;;0,69;High
2101707;Barreirinhas/MA;0,35;#A9DE00;Baixo;0,58;#FFCD00;Médio;;0,46499999999999997;Medium
2601409;Barreiros/PE;0,98;#F40000;Muito alto;0,93;#F40000;Muito alto;;0,9550000000000001;Very high
3505500;Barretos/SP;0,38;#A9DE00;Baixo;0,43;#FFCD00;Médio;;0,405;Medium
3505609;Barrinha/SP;0,61;#FF8300;Alto;0,76;#FF8300;Alto;;0,685;High
2903235;Barro Alto/BA;0,24;#A9DE00;Baixo;0,3;#A9DE00;Baixo;;0,27;Low
5203203;Barro Alto/GO;0,26;#A9DE00;Baixo;0,32;#A9DE00;Baixo;;0,29000000000000004;Low
2903276;Barrocas/BA;0,22;#A9DE00;Baixo;0,28;#A9DE00;Baixo;;0,25;Low
2302008;Barro/CE;0,6;#FF8300;Alto;0,75;#FF8300;Alto;;0,675;High
2201408;Barro Duro/PI;0,36;#A9DE00;Baixo;0,43;#FFCD00;Médio;;0,395;Medium
1703107;Barrolândia/TO;0,43;#FFCD00;Médio;0,49;#FFCD00;Médio;;0,45999999999999996;Medium
2903300;Barro Preto/BA;0,53;#FFCD00;Médio;0,58;#FFCD00;Médio;;0,5549999999999999;Medium
2302057;Barroquinha/CE;0,52;#FFCD00;Médio;0,68;#FF8300;Alto;;0,6000000000000001;High
4302006;Barros Cassal/RS;0,29;#A9DE00;Baixo;0,42;#FFCD00;Médio;;0,355;Low
3105905;Barroso/MG;0,67;#FF8300;Alto;0,67;#FF8300;Alto;;0,67;High
3505708;Barueri/SP;0,7;#FF8300;Alto;0,66;#FF8300;Alto;;0,6799999999999999;High
3505807;Bastos/SP;0,33;#A9DE00;Baixo;0,49;#FFCD00;Médio;;0,41000000000000003;Medium
5001904;Bataguassu/MS;0,26;#A9DE00;Baixo;0,39;#A9DE00;Baixo;;0,325;Low
2700706;Batalha/AL;0,46;#FFCD00;Médio;0,52;#FFCD00;Médio;;0,49;Medium
2201507;Batalha/PI;0,46;#FFCD00;Médio;0,58;#FFCD00;Médio;;0,52;Medium
3505906;Batatais/SP;0,59;#FFCD00;Médio;0,58;#FFCD00;Médio;;0,585;Medium
5002001;Batayporã/MS;0,58;#FFCD00;Médio;0,67;#FF8300;Alto;;0,625;High
2302107;Baturité/CE;0,82;#F40000;Muito alto;0,76;#FF8300;Alto;;0,79;High
3506003;Bauru/SP;0,65;#FF8300;Alto;0,67;#FF8300;Alto;692413,0;0,66;High
2501807;Bayeux/PB;1,0;#F40000;Muito alto;0,94;#F40000;Muito alto;;0,97;Very high
3506102;Bebedouro/SP;0,45;#FFCD00;Médio;0,18;#02C650;Muito baixo;;0,315;Low
2302206;Beberibe/CE;0,61;#FF8300;Alto;0,57;#FFCD00;Médio;;0,59;Medium
2302305;Bela Cruz/CE;0,24;#A9DE00;Baixo;0,52;#FFCD00;Médio;;0,38;Low
2101731;Belágua/MA;0,54;#FFCD00;Médio;0,65;#FF8300;Alto;;0,595;High
4102752;Bela Vista da Caroba/PR;0,14;#02C650;Muito baixo;0,2;#A9DE00;Baixo;;0,17;Very low
5203302;Bela Vista de Goiás/GO;0,2;#A9DE00;Baixo;0,31;#A9DE00;Baixo;;0,255;Low
3106002;Bela Vista de Minas/MG;0,9;#F40000;Muito alto;0,85;#F40000;Muito alto;;0,875;Very high
2101772;Bela Vista do Maranhão/MA;0,33;#A9DE00;Baixo;0,49;#FFCD00;Médio;;0,41000000000000003;Medium
4102802;Bela Vista do Paraíso/PR;0,39;#A9DE00;Baixo;0,47;#FFCD00;Médio;;0,43;Medium
2201556;Bela Vista do Piauí/PI;0,35;#A9DE00;Baixo;0,46;#FFCD00;Médio;;0,405;Medium
4202131;Bela Vista do Toldo/SC;0,0;#02C650;Muito baixo;0,07;#02C650;Muito baixo;;0,035;Very low
5002100;Bela Vista/MS;0,33;#A9DE00;Baixo;0,48;#FFCD00;Médio;;0,405;Medium
2700805;Belém/AL;0,33;#A9DE00;Baixo;0,38;#A9DE00;Baixo;;0,355;Low
2601508;Belém de Maria/PE;0,54;#FFCD00;Médio;0,59;#FFCD00;Médio;;0,565;Medium
2502003;Belém do Brejo do Cruz/PB;0,62;#FF8300;Alto;0,71;#FF8300;Alto;;0,665;High
2201572;Belém do Piauí/PI;0,44;#FFCD00;Médio;0,52;#FFCD00;Médio;;0,48;Medium
2601607;Belém do São Francisco/PE;0,51;#FFCD00;Médio;0,54;#FFCD00;Médio;;0,525;Medium
1501402;Belém/PA;0,74;#FF8300;Alto;0,74;#FF8300;Alto;;0,74;High
2501906;Belém/PB;0,58;#FFCD00;Médio;0,63;#FF8300;Alto;;0,605;High
3300456;Belford Roxo/RJ;0,88;#F40000;Muito alto;0,77;#FF8300;Alto;;0,825;Very high
3106101;Belmiro Braga/MG;0,2;#A9DE00;Baixo;0,23;#A9DE00;Baixo;;0,21500000000000002;Low
2903409;Belmonte/BA;0,47;#FFCD00;Médio;0,59;#FFCD00;Médio;;0,53;Medium
4202156;Belmonte/SC;0,34;#A9DE00;Baixo;0,44;#FFCD00;Médio;;0,39;Low
2903508;Belo Campo/BA;0,49;#FFCD00;Médio;0,41;#FFCD00;Médio;;0,44999999999999996;Medium
3106200;Belo Horizonte/MG;0,0;#02C650;Muito baixo;0,0;#02C650;Muito baixo;;0,0;Very low
2601706;Belo Jardim/PE;0,57;#FFCD00;Médio;0,75;#FF8300;Alto;;0,6599999999999999;High
2700904;Belo Monte/AL;0,42;#FFCD00;Médio;0,45;#FFCD00;Médio;;0,435;Medium
3106309;Belo Oriente/MG;0,5;#FFCD00;Médio;0,44;#FFCD00;Médio;;0,47;Medium
3106408;Belo Vale/MG;0,31;#A9DE00;Baixo;0,4;#FFCD00;Médio;;0,355;Low
1501451;Belterra/PA;0,1;#02C650;Muito baixo;0,14;#02C650;Muito baixo;;0,12000000000000001;Very low
2201606;Beneditinos/PI;0,47;#FFCD00;Médio;0,56;#FFCD00;Médio;;0,515;Medium
2101806;Benedito Leite/MA;0,39;#A9DE00;Baixo;0,52;#FFCD00;Médio;;0,455;Medium
4202206;Benedito Novo/SC;0,36;#A9DE00;Baixo;0,34;#A9DE00;Baixo;;0,35;Low
1501501;Benevides/PA;0,43;#FFCD00;Médio;0,67;#FF8300;Alto;;0,55;Medium
1300607;Benjamin Constant/AM;0,73;#FF8300;Alto;0,8;#F40000;Muito alto;;0,765;High
4302055;Benjamin Constant do Sul/RS;0,03;#02C650;Muito baixo;0,04;#02C650;Muito baixo;;0,035;Very low
3506201;Bento de Abreu/SP;0,52;#FFCD00;Médio;0,62;#FF8300;Alto;;0,5700000000000001;Medium
2401602;Bento Fernandes/RN;0,54;#FFCD00;Médio;0,47;#FFCD00;Médio;;0,505;Medium
4302105;Bento Gonçalves/RS;0,47;#FFCD00;Médio;0,11;#02C650;Muito baixo;;0,29;Low
2101905;Bequimão/MA;0,32;#A9DE00;Baixo;0,39;#A9DE00;Baixo;;0,355;Low
3106507;Berilo/MG;0,31;#A9DE00;Baixo;0,38;#A9DE00;Baixo;;0,345;Low
3106655;Berizal/MG;0,43;#FFCD00;Médio;0,51;#FFCD00;Médio;;0,47;Medium
2502052;Bernardino Batista/PB;0,18;#02C650;Muito baixo;0,23;#A9DE00;Baixo;;0,20500000000000002;Low
3506300;Bernardino de Campos/SP;0,31;#A9DE00;Baixo;0,44;#FFCD00;Médio;;0,375;Low
2101939;Bernardo do Mearim/MA;0,86;#F40000;Muito alto;0,83;#F40000;Muito alto;;0,845;Very high
1703206;Bernardo Sayão/TO;0,24;#A9DE00;Baixo;0,34;#A9DE00;Baixo;;0,29000000000000004;Low
3506359;Bertioga/SP;0,33;#A9DE00;Baixo;0,35;#A9DE00;Baixo;;0,33999999999999997;Low
2201705;Bertolínia/PI;0,34;#A9DE00;Baixo;0,44;#FFCD00;Médio;;0,39;Low
3106606;Bertópolis/MG;0,58;#FFCD00;Médio;0,58;#FFCD00;Médio;;0,58;Medium
1300631;Beruri/AM;0,71;#FF8300;Alto;0,79;#FF8300;Alto;;0,75;High
2201739;Betânia do Piauí/PI;0,26;#A9DE00;Baixo;0,34;#A9DE00;Baixo;;0,30000000000000004;Low
2601805;Betânia/PE;0,21;#A9DE00;Baixo;0,29;#A9DE00;Baixo;;0,25;Low
3106705;Betim/MG;0,59;#FFCD00;Médio;0,57;#FFCD00;Médio;;0,58;Medium
2601904;Bezerros/PE;0,69;#FF8300;Alto;0,76;#FF8300;Alto;;0,725;High
3106804;Bias Fortes/MG;0,53;#FFCD00;Médio;0,59;#FFCD00;Médio;;0,56;Medium
3106903;Bicas/MG;0,65;#FF8300;Alto;0,68;#FF8300;Alto;;0,665;High
4202305;Biguaçu/SC;0,74;#FF8300;Alto;0,59;#FFCD00;Médio;;0,665;High
3506409;Bilac/SP;0,26;#A9DE00;Baixo;0,38;#A9DE00;Baixo;;0,32;Low
3107000;Biquinhas/MG;0,33;#A9DE00;Baixo;0,41;#FFCD00;Médio;;0,37;Low
3506508;Birigui/SP;0,56;#FFCD00;Médio;0,58;#FFCD00;Médio;;0,5700000000000001;Medium
3506607;Biritiba Mirim/SP;0,55;#FFCD00;Médio;0,64;#FF8300;Alto;;0,595;High
2903607;Biritinga/BA;0,32;#A9DE00;Baixo;0,38;#A9DE00;Baixo;;0,35;Low
4102901;Bituruna/PR;0,34;#A9DE00;Baixo;0,32;#A9DE00;Baixo;;0,33;Low
4202404;Blumenau/SC;0,66;#FF8300;Alto;0,04;#02C650;Muito baixo;;0,35000000000000003;Low
4103024;Boa Esperança do Iguaçu/PR;0,2;#A9DE00;Baixo;0,22;#A9DE00;Baixo;;0,21000000000000002;Low
3506706;Boa Esperança do Sul/SP;0,53;#FFCD00;Médio;0,63;#FF8300;Alto;;0,5800000000000001;Medium
3201001;Boa Esperança/ES;0,62;#FF8300;Alto;0,67;#FF8300;Alto;;0,645;High
3107109;Boa Esperança/MG;0,76;#FF8300;Alto;0,7;#FF8300;Alto;;0,73;High
4103008;Boa Esperança/PR;0,14;#02C650;Muito baixo;0,29;#A9DE00;Baixo;;0,215;Low
2201770;Boa Hora/PI;0,14;#02C650;Muito baixo;0,17;#02C650;Muito baixo;;0,15500000000000003;Very low
2903706;Boa Nova/BA;0,42;#FFCD00;Médio;0,44;#FFCD00;Médio;;0,43;Medium
4103040;Boa Ventura de São Roque/PR;0,48;#FFCD00;Médio;0,5;#FFCD00;Médio;;0,49;Medium
2502102;Boa Ventura/PB;0,6;#FF8300;Alto;0,74;#FF8300;Alto;;0,6699999999999999;High
2302404;Boa Viagem/CE;0,68;#FF8300;Alto;0,76;#FF8300;Alto;;0,72;High
4103057;Boa Vista da Aparecida/PR;0,18;#02C650;Muito baixo;0,28;#A9DE00;Baixo;;0,23;Low
4302154;Boa Vista das Missões/RS;0,05;#02C650;Muito baixo;0,09;#02C650;Muito baixo;;0,07;Very low
4302204;Boa Vista do Buricá/RS;0,26;#A9DE00;Baixo;0,28;#A9DE00;Baixo;;0,27;Low
4302220;Boa Vista do Cadeado/RS;0,1;#02C650;Muito baixo;0,11;#02C650;Muito baixo;;0,10500000000000001;Very low
2101970;Boa Vista do Gurupi/MA;0,45;#FFCD00;Médio;0,67;#FF8300;Alto;;0,56;Medium
4302238;Boa Vista do Incra/RS;0,16;#02C650;Muito baixo;0,23;#A9DE00;Baixo;;0,195;Low
1300680;Boa Vista do Ramos/AM;0,68;#FF8300;Alto;0,76;#FF8300;Alto;;0,72;High
4302253;Boa Vista do Sul/RS;0,0;#02C650;Muito baixo;0,0;#02C650;Muito baixo;;0,0;Very low
2903805;Boa Vista do Tupim/BA;0,32;#A9DE00;Baixo;0,48;#FFCD00;Médio;;0,4;Medium
2502151;Boa Vista/PB;0,41;#FFCD00;Médio;0,46;#FFCD00;Médio;;0,435;Medium
1400100;Boa Vista/RR;0,35;#A9DE00;Baixo;0,33;#A9DE00;Baixo;;0,33999999999999997;Low
2701001;Boca da Mata/AL;0,53;#FFCD00;Médio;0,51;#FFCD00;Médio;;0,52;Medium
1300706;Boca do Acre/AM;0,62;#FF8300;Alto;0,87;#F40000;Muito alto;;0,745;High
3107208;Bocaina de Minas/MG;0,39;#A9DE00;Baixo;0,42;#FFCD00;Médio;;0,405;Medium
4202438;Bocaina do Sul/SC;0,03;#02C650;Muito baixo;0,07;#02C650;Muito baixo;;0,05;Very low
2201804;Bocaina/PI;0,24;#A9DE00;Baixo;0,31;#A9DE00;Baixo;;0,275;Low
3506805;Bocaina/SP;0,33;#A9DE00;Baixo;0,32;#A9DE00;Baixo;;0,325;Low
4103107;Bocaiúva do Sul/PR;0,47;#FFCD00;Médio;0,55;#FFCD00;Médio;;0,51;Medium
3107307;Bocaiúva/MG;0,64;#FF8300;Alto;0,81;#F40000;Muito alto;;0,7250000000000001;High
2602001;Bodocó/PE;0,57;#FFCD00;Médio;0,79;#FF8300;Alto;;0,6799999999999999;High
5002159;Bodoquena/MS;0,28;#A9DE00;Baixo;0,35;#A9DE00;Baixo;;0,315;Low
2401651;Bodó/RN;0,45;#FFCD00;Médio;0,48;#FFCD00;Médio;;0,46499999999999997;Medium
3506904;Bofete/SP;0,1;#02C650;Muito baixo;0,16;#02C650;Muito baixo;;0,13;Very low
3507001;Boituva/SP;0,2;#A9DE00;Baixo;0,39;#A9DE00;Baixo;;0,29500000000000004;Low
4202453;Bombinhas/SC;0,44;#FFCD00;Médio;0,36;#A9DE00;Baixo;;0,4;Medium
2602100;Bom Conselho/PE;0,46;#FFCD00;Médio;0,5;#FFCD00;Médio;;0,48;Medium
3107406;Bom Despacho/MG;0,43;#FFCD00;Médio;0,43;#FFCD00;Médio;;0,43;Medium
4202503;Bom Jardim da Serra/SC;0,49;#FFCD00;Médio;0,46;#FFCD00;Médio;;0,475;Medium
5203401;Bom Jardim de Goiás/GO;0,47;#FFCD00;Médio;0,48;#FFCD00;Médio;;0,475;Medium
3107505;Bom Jardim de Minas/MG;0,51;#FFCD00;Médio;0,6;#FF8300;Alto;;0,5549999999999999;Medium
2102002;Bom Jardim/MA;0,64;#FF8300;Alto;0,77;#FF8300;Alto;;0,7050000000000001;High
2602209;Bom Jardim/PE;0,51;#FFCD00;Médio;0,63;#FF8300;Alto;;0,5700000000000001;Medium
3300506;Bom Jardim/RJ;0,69;#FF8300;Alto;0,55;#FFCD00;Médio;;0,62;High
2903904;Bom Jesus da Lapa/BA;0,34;#A9DE00;Baixo;0,47;#FFCD00;Médio;;0,405;Medium
3107604;Bom Jesus da Penha/MG;0,31;#A9DE00;Baixo;0,37;#A9DE00;Baixo;;0,33999999999999997;Low
2903953;Bom Jesus da Serra/BA;0,33;#A9DE00;Baixo;0,39;#A9DE00;Baixo;;0,36;Low
2102036;Bom Jesus das Selvas/MA;0,5;#FFCD00;Médio;0,73;#FF8300;Alto;;0,615;High
5203500;Bom Jesus de Goiás/GO;0,38;#A9DE00;Baixo;0,46;#FFCD00;Médio;;0,42000000000000004;Medium
3107703;Bom Jesus do Amparo/MG;0,08;#02C650;Muito baixo;0,15;#02C650;Muito baixo;;0,11499999999999999;Very low
5101852;Bom Jesus do Araguaia/MT;0,14;#02C650;Muito baixo;0,19;#02C650;Muito baixo;;0,165;Very low
3107802;Bom Jesus do Galho/MG;0,46;#FFCD00;Médio;0,56;#FFCD00;Médio;;0,51;Medium
3300605;Bom Jesus do Itabapoana/RJ;0,61;#FF8300;Alto;0,78;#FF8300;Alto;;0,6950000000000001;High
3201100;Bom Jesus do Norte/ES;0,84;#F40000;Muito alto;0,91;#F40000;Muito alto;;0,875;Very high
4202578;Bom Jesus do Oeste/SC;0,25;#A9DE00;Baixo;0,28;#A9DE00;Baixo;;0,265;Low
3507100;Bom Jesus dos Perdões/SP;0,52;#FFCD00;Médio;0,61;#FF8300;Alto;;0,565;Medium
4103156;Bom Jesus do Sul/PR;0,16;#02C650;Muito baixo;0,16;#02C650;Muito baixo;;0,16;Very low
1501576;Bom Jesus do Tocantins/PA;0,4;#FFCD00;Médio;0,56;#FFCD00;Médio;;0,48000000000000004;Medium
1703305;Bom Jesus do Tocantins/TO;0,42;#FFCD00;Médio;0,66;#FF8300;Alto;;0,54;Medium
2502201;Bom Jesus/PB;0,42;#FFCD00;Médio;0,48;#FFCD00;Médio;;0,44999999999999996;Medium
2201903;Bom Jesus/PI;0,39;#A9DE00;Baixo;0,5;#FFCD00;Médio;;0,445;Medium
2401701;Bom Jesus/RN;0,69;#FF8300;Alto;0,77;#FF8300;Alto;;0,73;High
4302303;Bom Jesus/RS;0,53;#FFCD00;Médio;0,57;#FFCD00;Médio;;0,55;Medium
4202537;Bom Jesus/SC;0,14;#02C650;Muito baixo;0,26;#A9DE00;Baixo;;0,2;Low
2102077;Bom Lugar/MA;0,33;#A9DE00;Baixo;0,42;#FFCD00;Médio;;0,375;Low
2201919;Bom Princípio do Piauí/PI;0,19;#02C650;Muito baixo;0,26;#A9DE00;Baixo;;0,225;Low
4302352;Bom Princípio/RS;0,2;#A9DE00;Baixo;0,17;#02C650;Muito baixo;;0,185;Very low
4302378;Bom Progresso/RS;0,22;#A9DE00;Baixo;0,32;#A9DE00;Baixo;;0,27;Low
3107901;Bom Repouso/MG;0,42;#FFCD00;Médio;0,49;#FFCD00;Médio;;0,45499999999999996;Medium
4302402;Bom Retiro do Sul/RS;0,33;#A9DE00;Baixo;0,44;#FFCD00;Médio;;0,385;Low
4202602;Bom Retiro/SC;0,62;#FF8300;Alto;0,59;#FFCD00;Médio;;0,605;High
3507159;Bom Sucesso de Itararé/SP;0,48;#FFCD00;Médio;0,53;#FFCD00;Médio;;0,505;Medium
4103222;Bom Sucesso do Sul/PR;0,33;#A9DE00;Baixo;0,35;#A9DE00;Baixo;;0,33999999999999997;Low
3108008;Bom Sucesso/MG;0,54;#FFCD00;Médio;0,56;#FFCD00;Médio;;0,55;Medium
2502300;Bom Sucesso/PB;0,43;#FFCD00;Médio;0,52;#FFCD00;Médio;;0,475;Medium
4103206;Bom Sucesso/PR;0,42;#FFCD00;Médio;0,51;#FFCD00;Médio;;0,46499999999999997;Medium
2201929;Bonfim do Piauí/PI;0,3;#A9DE00;Baixo;0,35;#A9DE00;Baixo;;0,32499999999999996;Low
3108107;Bonfim/MG;0,26;#A9DE00;Baixo;0,27;#A9DE00;Baixo;;0,265;Low
1400159;Bonfim/RR;0,01;#02C650;Muito baixo;0,06;#02C650;Muito baixo;;0,034999999999999996;Very low
3108206;Bonfinópolis de Minas/MG;0,27;#A9DE00;Baixo;0,41;#FFCD00;Médio;;0,33999999999999997;Low
5203559;Bonfinópolis/GO;0,36;#A9DE00;Baixo;0,37;#A9DE00;Baixo;;0,365;Low
2904001;Boninal/BA;0,29;#A9DE00;Baixo;0,3;#A9DE00;Baixo;;0,295;Low
2904050;Bonito/BA;0,3;#A9DE00;Baixo;0,36;#A9DE00;Baixo;;0,32999999999999996;Low
3108255;Bonito de Minas/MG;0,19;#02C650;Muito baixo;0,24;#A9DE00;Baixo;;0,215;Low
2502409;Bonito de Santa Fé/PB;0,52;#FFCD00;Médio;0,57;#FFCD00;Médio;;0,5449999999999999;Medium
5002209;Bonito/MS;0,27;#A9DE00;Baixo;0,37;#A9DE00;Baixo;;0,32;Low
1501600;Bonito/PA;0,47;#FFCD00;Médio;0,51;#FFCD00;Médio;;0,49;Medium
2602308;Bonito/PE;0,98;#F40000;Muito alto;0,73;#FF8300;Alto;;0,855;Very high
5203575;Bonópolis/GO;0,23;#A9DE00;Baixo;0,28;#A9DE00;Baixo;;0,255;Low
4302451;Boqueirão do Leão/RS;0,21;#A9DE00;Baixo;0,21;#A9DE00;Baixo;;0,21;Low
2201945;Boqueirão do Piauí/PI;0,18;#02C650;Muito baixo;0,25;#A9DE00;Baixo;;0,215;Low
2502508;Boqueirão/PB;0,8;#F40000;Muito alto;0,88;#F40000;Muito alto;;0,8400000000000001;Very high
2800670;Boquim/SE;0,44;#FFCD00;Médio;0,52;#FFCD00;Médio;;0,48;Medium
2904100;Boquira/BA;0,34;#A9DE00;Baixo;0,4;#FFCD00;Médio;;0,37;Low
3507308;Boracéia/SP;0,37;#A9DE00;Baixo;0,48;#FFCD00;Médio;;0,425;Medium
3507209;Borá/SP;0,29;#A9DE00;Baixo;0,35;#A9DE00;Baixo;;0,31999999999999995;Low
1300805;Borba/AM;0,82;#F40000;Muito alto;0,79;#FF8300;Alto;;0,8049999999999999;Very high
2502706;Borborema/PB;0,78;#FF8300;Alto;0,67;#FF8300;Alto;;0,7250000000000001;High
3507407;Borborema/SP;0,37;#A9DE00;Baixo;0,58;#FFCD00;Médio;;0,475;Medium
3108305;Borda da Mata/MG;0,64;#FF8300;Alto;0,69;#FF8300;Alto;;0,665;High
3507456;Borebi/SP;0,3;#A9DE00;Baixo;0,37;#A9DE00;Baixo;;0,33499999999999996;Low
4103305;Borrazópolis/PR;0,35;#A9DE00;Baixo;0,43;#FFCD00;Médio;;0,39;Low
4302501;Bossoroca/RS;0,26;#A9DE00;Baixo;0,45;#FFCD00;Médio;;0,355;Low
3108404;Botelhos/MG;0,65;#FF8300;Alto;0,58;#FFCD00;Médio;;0,615;High
3507506;Botucatu/SP;0,42;#FFCD00;Médio;0,0;#02C650;Muito baixo;;0,21;Low
3108503;Botumirim/MG;0,34;#A9DE00;Baixo;0,49;#FFCD00;Médio;;0,41500000000000004;Medium
2904209;Botuporã/BA;0,23;#A9DE00;Baixo;0,28;#A9DE00;Baixo;;0,255;Low
4202701;Botuverá/SC;0,24;#A9DE00;Baixo;0,28;#A9DE00;Baixo;;0,26;Low
4302584;Bozano/RS;0,18;#02C650;Muito baixo;0,23;#A9DE00;Baixo;;0,20500000000000002;Low
4202800;Braço do Norte/SC;0,5;#FFCD00;Médio;0,52;#FFCD00;Médio;;0,51;Medium
4202859;Braço do Trombudo/SC;0,19;#02C650;Muito baixo;0,23;#A9DE00;Baixo;;0,21000000000000002;Low
1501709;Bragança/PA;0,72;#FF8300;Alto;0,72;#FF8300;Alto;;0,72;High
3507605;Bragança Paulista/SP;0,27;#A9DE00;Baixo;0,26;#A9DE00;Baixo;;0,265;Low
4103354;Braganey/PR;0,23;#A9DE00;Baixo;0,28;#A9DE00;Baixo;;0,255;Low
4302600;Braga/RS;0,39;#A9DE00;Baixo;0,52;#FFCD00;Médio;;0,455;Medium
2701100;Branquinha/AL;0,61;#FF8300;Alto;0,73;#FF8300;Alto;;0,6699999999999999;High
3108552;Brasilândia de Minas/MG;0,59;#FFCD00;Médio;0,64;#FF8300;Alto;;0,615;High
4103370;Brasilândia do Sul/PR;0,28;#A9DE00;Baixo;0,29;#A9DE00;Baixo;;0,28500000000000003;Low
1703602;Brasilândia do Tocantins/TO;0,28;#A9DE00;Baixo;0,34;#A9DE00;Baixo;;0,31000000000000005;Low
5002308;Brasilândia/MS;0,62;#FF8300;Alto;0,57;#FFCD00;Médio;;0,595;High
1200104;Brasiléia/AC;0,37;#A9DE00;Baixo;0,52;#FFCD00;Médio;;0,445;Medium
2201960;Brasileira/PI;0,38;#A9DE00;Baixo;0,45;#FFCD00;Médio;;0,41500000000000004;Medium
3108602;Brasília de Minas/MG;0,34;#A9DE00;Baixo;0,49;#FFCD00;Médio;;0,41500000000000004;Medium
5300108;Brasília/DF;0,5;#FFCD00;Médio;0,46;#FFCD00;Médio;;0,48;Medium
1501725;Brasil Novo/PA;0,35;#A9DE00;Baixo;0,42;#FFCD00;Médio;;0,385;Low
5101902;Brasnorte/MT;0,33;#A9DE00;Baixo;0,38;#A9DE00;Baixo;;0,355;Low
3108701;Brás Pires/MG;0,2;#A9DE00;Baixo;0,33;#A9DE00;Baixo;;0,265;Low
3108800;Braúnas/MG;0,28;#A9DE00;Baixo;0,3;#A9DE00;Baixo;;0,29000000000000004;Low
3507704;Braúna/SP;0,33;#A9DE00;Baixo;0,4;#FFCD00;Médio;;0,365;Low
5203609;Brazabrantes/GO;0,4;#FFCD00;Médio;0,5;#FFCD00;Médio;;0,45;Medium
3108909;Brazópolis/MG;0,67;#FF8300;Alto;0,51;#FFCD00;Médio;;0,5900000000000001;High
2602407;Brejão/PE;0,53;#FFCD00;Médio;0,59;#FFCD00;Médio;;0,56;Medium
3201159;Brejetuba/ES;0,29;#A9DE00;Baixo;0,32;#A9DE00;Baixo;;0,305;Low
1703701;Brejinho de Nazaré/TO;0,29;#A9DE00;Baixo;0,38;#A9DE00;Baixo;;0,33499999999999996;Low
2602506;Brejinho/PE;0,31;#A9DE00;Baixo;0,37;#A9DE00;Baixo;;0,33999999999999997;Low
2401800;Brejinho/RN;0,62;#FF8300;Alto;0,69;#FF8300;Alto;;0,655;High
3507753;Brejo Alegre/SP;0,23;#A9DE00;Baixo;0,24;#A9DE00;Baixo;;0,235;Low
2602605;Brejo da Madre de Deus/PE;0,8;#F40000;Muito alto;0,77;#FF8300;Alto;;0,785;High
2102150;Brejo de Areia/MA;0,46;#FFCD00;Médio;0,52;#FFCD00;Médio;;0,49;Medium
2502805;Brejo do Cruz/PB;0,8;#F40000;Muito alto;0,79;#FF8300;Alto;;0,795;Very high
2201988;Brejo do Piauí/PI;0,39;#A9DE00;Baixo;0,52;#FFCD00;Médio;;0,455;Medium
2502904;Brejo dos Santos/PB;0,49;#FFCD00;Médio;0,59;#FFCD00;Médio;;0,54;Medium
2904308;Brejões/BA;0,47;#FFCD00;Médio;0,54;#FFCD00;Médio;;0,505;Medium
1501758;Brejo Grande do Araguaia/PA;0,39;#A9DE00;Baixo;0,51;#FFCD00;Médio;;0,45;Medium
2800704;Brejo Grande/SE;0,5;#FFCD00;Médio;0,55;#FFCD00;Médio;;0,525;Medium
2904407;Brejolândia/BA;0,27;#A9DE00;Baixo;0,31;#A9DE00;Baixo;;0,29000000000000004;Low
2102101;Brejo/MA;0,44;#FFCD00;Médio;0,65;#FF8300;Alto;;0,545;Medium
2302503;Brejo Santo/CE;0,57;#FFCD00;Médio;0,65;#FF8300;Alto;;0,61;High
1501782;Breu Branco/PA;0,6;#FF8300;Alto;0,78;#FF8300;Alto;;0,69;High
1501808;Breves/PA;0,95;#F40000;Muito alto;1,0;#F40000;Muito alto;;0,975;Very high
5203807;Britânia/GO;0,33;#A9DE00;Baixo;0,39;#A9DE00;Baixo;;0,36;Low
4302659;Brochier/RS;0,19;#02C650;Muito baixo;0,21;#A9DE00;Baixo;;0,2;Low
3507803;Brodowski/SP;0,44;#FFCD00;Médio;0,38;#A9DE00;Baixo;;0,41000000000000003;Medium
2904506;Brotas de Macaúbas/BA;0,22;#A9DE00;Baixo;0,27;#A9DE00;Baixo;;0,245;Low
3507902;Brotas/SP;0,32;#A9DE00;Baixo;0,42;#FFCD00;Médio;;0,37;Low
3109006;Brumadinho/MG;0,37;#A9DE00;Baixo;0,4;#FFCD00;Médio;;0,385;Low
2904605;Brumado/BA;0,69;#FF8300;Alto;0,75;#FF8300;Alto;;0,72;High
4202875;Brunópolis/SC;0,04;#02C650;Muito baixo;0,12;#02C650;Muito baixo;;0,08;Very low
4202909;Brusque/SC;0,25;#A9DE00;Baixo;0,5;#FFCD00;Médio;340000,0;0,375;Low
3109105;Bueno Brandão/MG;0,46;#FFCD00;Médio;0,52;#FFCD00;Médio;;0,49;Medium
3109204;Buenópolis/MG;0,59;#FFCD00;Médio;0,67;#FF8300;Alto;;0,63;High
2602704;Buenos Aires/PE;0,61;#FF8300;Alto;0,66;#FF8300;Alto;;0,635;High
2904704;Buerarema/BA;0,74;#FF8300;Alto;0,79;#FF8300;Alto;;0,765;High
3109253;Bugre/MG;0,44;#FFCD00;Médio;0,41;#FFCD00;Médio;;0,425;Medium
2602803;Buíque/PE;0,92;#F40000;Muito alto;0,82;#F40000;Muito alto;;0,87;Very high
1200138;Bujari/AC;0,25;#A9DE00;Baixo;0,48;#FFCD00;Médio;;0,365;Low
1501907;Bujaru/PA;0,66;#FF8300;Alto;0,74;#FF8300;Alto;;0,7;High
3508009;Buri/SP;0,42;#FFCD00;Médio;0,61;#FF8300;Alto;;0,515;Medium
3508108;Buritama/SP;0,22;#A9DE00;Baixo;0,3;#A9DE00;Baixo;;0,26;Low
5203906;Buriti Alegre/GO;0,6;#FF8300;Alto;0,49;#FFCD00;Médio;;0,5449999999999999;Medium
2102309;Buriti Bravo/MA;0,6;#FF8300;Alto;0,82;#F40000;Muito alto;;0,71;High
2102325;Buriticupu/MA;0,64;#FF8300;Alto;0,75;#FF8300;Alto;;0,6950000000000001;High
5203939;Buriti de Goiás/GO;0,22;#A9DE00;Baixo;0,28;#A9DE00;Baixo;;0,25;Low
2202000;Buriti dos Lopes/PI;0,54;#FFCD00;Médio;0,7;#FF8300;Alto;;0,62;High
2202026;Buriti dos Montes/PI;0,41;#FFCD00;Médio;0,4;#FFCD00;Médio;;0,405;Medium
1703800;Buriti do Tocantins/TO;0,4;#FFCD00;Médio;0,58;#FFCD00;Médio;;0,49;Medium
2102200;Buriti/MA;0,54;#FFCD00;Médio;0,72;#FF8300;Alto;;0,63;High
5203962;Buritinópolis/GO;0,37;#A9DE00;Baixo;0,43;#FFCD00;Médio;;0,4;Medium
2904753;Buritirama/BA;0,36;#A9DE00;Baixo;0,49;#FFCD00;Médio;;0,425;Medium
2102358;Buritirana/MA;0,23;#A9DE00;Baixo;0,31;#A9DE00;Baixo;;0,27;Low
3109303;Buritis/MG;0,3;#A9DE00;Baixo;0,49;#FFCD00;Médio;;0,395;Medium
1100452;Buritis/RO;0,45;#FFCD00;Médio;0,63;#FF8300;Alto;;0,54;Medium
3508207;Buritizal/SP;0,34;#A9DE00;Baixo;0,46;#FFCD00;Médio;;0,4;Medium
3109402;Buritizeiro/MG;0,47;#FFCD00;Médio;0,63;#FF8300;Alto;;0,55;Medium
4302709;Butiá/RS;0,38;#A9DE00;Baixo;0,64;#FF8300;Alto;;0,51;Medium
1300839;Caapiranga/AM;0,58;#FFCD00;Médio;0,69;#FF8300;Alto;;0,635;High
2503001;Caaporã/PB;0,71;#FF8300;Alto;0,74;#FF8300;Alto;;0,725;High
5002407;Caarapó/MS;0,31;#A9DE00;Baixo;0,4;#FFCD00;Médio;;0,355;Low
2904803;Caatiba/BA;0,49;#FFCD00;Médio;0,58;#FFCD00;Médio;;0,5349999999999999;Medium
2904852;Cabaceiras do Paraguaçu/BA;0,29;#A9DE00;Baixo;0,34;#A9DE00;Baixo;;0,315;Low
2503100;Cabaceiras/PB;0,4;#FFCD00;Médio;0,46;#FFCD00;Médio;;0,43000000000000005;Medium
3109451;Cabeceira Grande/MG;0,32;#A9DE00;Baixo;0,35;#A9DE00;Baixo;;0,33499999999999996;Low
2202059;Cabeceiras do Piauí/PI;0,15;#02C650;Muito baixo;0,22;#A9DE00;Baixo;;0,185;Very low
5204003;Cabeceiras/GO;0,33;#A9DE00;Baixo;0,4;#FFCD00;Médio;;0,365;Low
2503209;Cabedelo/PB;0,76;#FF8300;Alto;0,71;#FF8300;Alto;;0,735;High
1100031;Cabixi/RO;0,27;#A9DE00;Baixo;0,32;#A9DE00;Baixo;;0,29500000000000004;Low
2602902;Cabo de Santo Agostinho/PE;0,75;#FF8300;Alto;0,63;#FF8300;Alto;;0,69;High
3300704;Cabo Frio/RJ;0,54;#FFCD00;Médio;0,57;#FFCD00;Médio;;0,5549999999999999;Medium
3109501;Cabo Verde/MG;0,63;#FF8300;Alto;0,62;#FF8300;Alto;;0,625;High
3508306;Cabrália Paulista/SP;0,35;#A9DE00;Baixo;0,46;#FFCD00;Médio;;0,405;Medium
3508405;Cabreúva/SP;0,37;#A9DE00;Baixo;0,45;#FFCD00;Médio;;0,41000000000000003;Medium
2603009;Cabrobó/PE;0,42;#FFCD00;Médio;0,7;#FF8300;Alto;;0,5599999999999999;Medium
4203006;Caçador/SC;0,65;#FF8300;Alto;0,71;#FF8300;Alto;;0,6799999999999999;High
4302808;Caçapava do Sul/RS;0,55;#FFCD00;Médio;0,73;#FF8300;Alto;;0,64;High
3508504;Caçapava/SP;0,36;#A9DE00;Baixo;0,55;#FFCD00;Médio;;0,455;Medium
1100601;Cacaulândia/RO;0,36;#A9DE00;Baixo;0,46;#FFCD00;Médio;;0,41000000000000003;Medium
4302907;Cacequi/RS;0,38;#A9DE00;Baixo;0,53;#FFCD00;Médio;;0,455;Medium
5102504;Cáceres/MT;0,34;#A9DE00;Baixo;0,59;#FFCD00;Médio;;0,46499999999999997;Medium
5204102;Cachoeira Alta/GO;0,49;#FFCD00;Médio;0,58;#FFCD00;Médio;;0,5349999999999999;Medium
2904902;Cachoeira/BA;0,47;#FFCD00;Médio;0,43;#FFCD00;Médio;;0,44999999999999996;Medium
3109600;Cachoeira da Prata/MG;0,33;#A9DE00;Baixo;0,4;#FFCD00;Médio;;0,365;Low
5204201;Cachoeira de Goiás/GO;0,25;#A9DE00;Baixo;0,31;#A9DE00;Baixo;;0,28;Low
3109709;Cachoeira de Minas/MG;0,62;#FF8300;Alto;0,65;#FF8300;Alto;;0,635;High
3102704;Cachoeira de Pajeú/MG;0,51;#FFCD00;Médio;0,64;#FF8300;Alto;;0,575;Medium
1502004;Cachoeira do Arari/PA;0,54;#FFCD00;Médio;0,6;#FF8300;Alto;;0,5700000000000001;Medium
1501956;Cachoeira do Piriá/PA;0,3;#A9DE00;Baixo;0,47;#FFCD00;Médio;;0,385;Low
2503308;Cachoeira dos Índios/PB;0,27;#A9DE00;Baixo;0,32;#A9DE00;Baixo;;0,29500000000000004;Low
4303004;Cachoeira do Sul/RS;0,39;#A9DE00;Baixo;0,57;#FFCD00;Médio;;0,48;Medium
5204250;Cachoeira Dourada/GO;0,23;#A9DE00;Baixo;0,3;#A9DE00;Baixo;;0,265;Low
3109808;Cachoeira Dourada/MG;0,4;#FFCD00;Médio;0,47;#FFCD00;Médio;;0,435;Medium
2102374;Cachoeira Grande/MA;0,63;#FF8300;Alto;0,63;#FF8300;Alto;;0,63;High
3508603;Cachoeira Paulista/SP;0,71;#FF8300;Alto;0,8;#F40000;Muito alto;;0,755;High
3300803;Cachoeiras de Macacu/RJ;0,61;#FF8300;Alto;0,67;#FF8300;Alto;;0,64;High
2603108;Cachoeirinha/PE;0,53;#FFCD00;Médio;0,76;#FF8300;Alto;;0,645;High
4303103;Cachoeirinha/RS;0,63;#FF8300;Alto;0,76;#FF8300;Alto;;0,6950000000000001;High
1703826;Cachoeirinha/TO;0,41;#FFCD00;Médio;0,5;#FFCD00;Médio;;0,45499999999999996;Medium
3201209;Cachoeiro de Itapemirim/ES;0,76;#FF8300;Alto;0,53;#FFCD00;Médio;;0,645;High
2503407;Cacimba de Areia/PB;0,63;#FF8300;Alto;0,64;#FF8300;Alto;;0,635;High
2503506;Cacimba de Dentro/PB;0,49;#FFCD00;Médio;0,75;#FF8300;Alto;;0,62;High
2503555;Cacimbas/PB;0,17;#02C650;Muito baixo;0,24;#A9DE00;Baixo;;0,20500000000000002;Low
2701209;Cacimbinhas/AL;0,46;#FFCD00;Médio;0,51;#FFCD00;Médio;;0,485;Medium
4303202;Cacique Doble/RS;0,35;#A9DE00;Baixo;0,36;#A9DE00;Baixo;;0,355;Low
1100049;Cacoal/RO;0,5;#FFCD00;Médio;0,54;#FFCD00;Médio;;0,52;Medium
3508702;Caconde/SP;0,72;#FF8300;Alto;0,71;#FF8300;Alto;;0,715;High
5204300;Caçu/GO;0,5;#FFCD00;Médio;0,62;#FF8300;Alto;;0,56;Medium
2905008;Caculé/BA;0,32;#A9DE00;Baixo;0,34;#A9DE00;Baixo;;0,33;Low
2905107;Caém/BA;0,4;#FFCD00;Médio;0,46;#FFCD00;Médio;;0,43000000000000005;Medium
3109907;Caetanópolis/MG;0,48;#FFCD00;Médio;0,48;#FFCD00;Médio;;0,48;Medium
2905156;Caetanos/BA;0,45;#FFCD00;Médio;0,5;#FFCD00;Médio;;0,475;Medium
3110004;Caeté/MG;0,69;#FF8300;Alto;0,63;#FF8300;Alto;;0,6599999999999999;High
2603207;Caetés/PE;0,44;#FFCD00;Médio;0,51;#FFCD00;Médio;;0,475;Medium
2905206;Caetité/BA;0,43;#FFCD00;Médio;0,62;#FF8300;Alto;;0,525;Medium
2905305;Cafarnaum/BA;0,34;#A9DE00;Baixo;0,4;#FFCD00;Médio;;0,37;Low
4103404;Cafeara/PR;0,4;#FFCD00;Médio;0,47;#FFCD00;Médio;;0,435;Medium
4103453;Cafelândia/PR;0,24;#A9DE00;Baixo;0,34;#A9DE00;Baixo;;0,29000000000000004;Low
3508801;Cafelândia/SP;0,64;#FF8300;Alto;0,71;#FF8300;Alto;;0,675;High
4103479;Cafezal do Sul/PR;0,24;#A9DE00;Baixo;0,35;#A9DE00;Baixo;;0,295;Low
3508900;Caiabu/SP;0,37;#A9DE00;Baixo;0,47;#FFCD00;Médio;;0,42;Medium
3110103;Caiana/MG;0,61;#FF8300;Alto;0,69;#FF8300;Alto;;0,6499999999999999;High
5204409;Caiapônia/GO;0,42;#FFCD00;Médio;0,51;#FFCD00;Médio;;0,46499999999999997;Medium
4303301;Caibaté/RS;0,27;#A9DE00;Baixo;0,35;#A9DE00;Baixo;;0,31;Low
4203105;Caibi/SC;0,41;#FFCD00;Médio;0,47;#FFCD00;Médio;;0,43999999999999995;Medium
2401859;Caiçara do Norte/RN;0,57;#FFCD00;Médio;0,65;#FF8300;Alto;;0,61;High
2401909;Caiçara do Rio do Vento/RN;0,57;#FFCD00;Médio;0,62;#FF8300;Alto;;0,595;High
2503605;Caiçara/PB;0,7;#FF8300;Alto;0,65;#FF8300;Alto;;0,675;High
4303400;Caiçara/RS;0,15;#02C650;Muito baixo;0,24;#A9DE00;Baixo;;0,195;Low
2402006;Caicó/RN;0,71;#FF8300;Alto;0,8;#F40000;Muito alto;;0,755;High
3509007;Caieiras/SP;0,78;#FF8300;Alto;0,73;#FF8300;Alto;;0,755;High
2905404;Cairu/BA;0,43;#FFCD00;Médio;0,72;#FF8300;Alto;;0,575;Medium
3509106;Caiuá/SP;0,4;#FFCD00;Médio;0,56;#FFCD00;Médio;;0,48000000000000004;Medium
3509205;Cajamar/SP;0,66;#FF8300;Alto;0,49;#FFCD00;Médio;;0,575;Medium
2102408;Cajapió/MA;0,51;#FFCD00;Médio;0,64;#FF8300;Alto;;0,575;Medium
2102507;Cajari/MA;0,61;#FF8300;Alto;0,77;#FF8300;Alto;;0,69;High
3509254;Cajati/SP;0,52;#FFCD00;Médio;0,45;#FFCD00;Médio;;0,485;Medium
2202075;Cajazeiras do Piauí/PI;0,19;#02C650;Muito baixo;0,26;#A9DE00;Baixo;;0,225;Low
2503704;Cajazeiras/PB;0,67;#FF8300;Alto;0,79;#FF8300;Alto;;0,73;High
2503753;Cajazeirinhas/PB;0,67;#FF8300;Alto;0,65;#FF8300;Alto;;0,66;High
3509304;Cajobi/SP;0,41;#FFCD00;Médio;0,54;#FFCD00;Médio;;0,475;Medium
2701308;Cajueiro/AL;0,44;#FFCD00;Médio;0,51;#FFCD00;Médio;;0,475;Medium
2202083;Cajueiro da Praia/PI;0,34;#A9DE00;Baixo;0,43;#FFCD00;Médio;;0,385;Low
3110202;Cajuri/MG;0,19;#02C650;Muito baixo;0,2;#A9DE00;Baixo;;0,195;Low
3509403;Cajuru/SP;0,65;#FF8300;Alto;0,69;#FF8300;Alto;;0,6699999999999999;High
2603306;Calçado/PE;0,52;#FFCD00;Médio;0,58;#FFCD00;Médio;;0,55;Medium
1600204;Calçoene/AP;0,61;#FF8300;Alto;0,68;#FF8300;Alto;;0,645;High
2503803;Caldas Brandão/PB;0,73;#FF8300;Alto;0,81;#F40000;Muito alto;;0,77;High
3110301;Caldas/MG;0,69;#FF8300;Alto;0,67;#FF8300;Alto;;0,6799999999999999;High
5204508;Caldas Novas/GO;0,32;#A9DE00;Baixo;0,49;#FFCD00;Médio;;0,405;Medium
5204557;Caldazinha/GO;0,37;#A9DE00;Baixo;0,42;#FFCD00;Médio;;0,395;Medium
2905503;Caldeirão Grande/BA;0,41;#FFCD00;Médio;0,44;#FFCD00;Médio;;0,425;Medium
2202091;Caldeirão Grande do Piauí/PI;0,52;#FFCD00;Médio;0,59;#FFCD00;Médio;;0,5549999999999999;Medium
4103503;Califórnia/PR;0,29;#A9DE00;Baixo;0,38;#A9DE00;Baixo;;0,33499999999999996;Low
4203154;Calmon/SC;0,5;#FFCD00;Médio;0,61;#FF8300;Alto;;0,5549999999999999;Medium
2603405;Calumbi/PE;0,31;#A9DE00;Baixo;0,37;#A9DE00;Baixo;;0,33999999999999997;Low
2905602;Camacan/BA;0,93;#F40000;Muito alto;0,73;#FF8300;Alto;;0,8300000000000001;Very high
2905701;Camaçari/BA;0,66;#FF8300;Alto;0,42;#FFCD00;Médio;;0,54;Medium
3110400;Camacho/MG;0,37;#A9DE00;Baixo;0,45;#FFCD00;Médio;;0,41000000000000003;Medium
2503902;Camalaú/PB;0,37;#A9DE00;Baixo;0,48;#FFCD00;Médio;;0,425;Medium
2905800;Camamu/BA;0,42;#FFCD00;Médio;0,49;#FFCD00;Médio;;0,45499999999999996;Medium
3110509;Camanducaia/MG;0,41;#FFCD00;Médio;0,36;#A9DE00;Baixo;;0,385;Low
5002605;Camapuã/MS;0,32;#A9DE00;Baixo;0,4;#FFCD00;Médio;;0,36;Low
4303509;Camaquã/RS;0,44;#FFCD00;Médio;0,66;#FF8300;Alto;;0,55;Medium
2603454;Camaragibe/PE;0,92;#F40000;Muito alto;0,88;#F40000;Muito alto;;0,9;Very high
4303558;Camargo/RS;0,06;#02C650;Muito baixo;0,14;#02C650;Muito baixo;;0,1;Very low
4303608;Cambará do Sul/RS;0,28;#A9DE00;Baixo;0,32;#A9DE00;Baixo;;0,30000000000000004;Low
4103602;Cambará/PR;0,5;#FFCD00;Médio;0,59;#FFCD00;Médio;;0,5449999999999999;Medium
4103701;Cambé/PR;0,6;#FF8300;Alto;0,68;#FF8300;Alto;;0,64;High
4103800;Cambira/PR;0,57;#FFCD00;Médio;0,62;#FF8300;Alto;;0,595;High
4203204;Camboriú/SC;0,71;#FF8300;Alto;0,67;#FF8300;Alto;;0,69;High
3300902;Cambuci/RJ;0,59;#FFCD00;Médio;0,55;#FFCD00;Médio;;0,5700000000000001;Medium
3110608;Cambuí/MG;0,66;#FF8300;Alto;0,64;#FF8300;Alto;;0,65;High
3110707;Cambuquira/MG;0,57;#FFCD00;Médio;0,54;#FFCD00;Médio;;0,5549999999999999;Medium
1502103;Cametá/PA;0,71;#FF8300;Alto;0,89;#F40000;Muito alto;;0,8;Very high
2302602;Camocim/CE;0,6;#FF8300;Alto;0,74;#FF8300;Alto;;0,6699999999999999;High
2603504;Camocim de São Félix/PE;0,73;#FF8300;Alto;0,81;#F40000;Muito alto;;0,77;High
3110806;Campanário/MG;0,51;#FFCD00;Médio;0,62;#FF8300;Alto;;0,565;Medium
3110905;Campanha/MG;0,8;#F40000;Muito alto;0,72;#FF8300;Alto;;0,76;High
2701357;Campestre/AL;0,55;#FFCD00;Médio;0,59;#FFCD00;Médio;;0,5700000000000001;Medium
4303673;Campestre da Serra/RS;0,11;#02C650;Muito baixo;0,16;#02C650;Muito baixo;;0,135;Very low
5204607;Campestre de Goiás/GO;0,43;#FFCD00;Médio;0,48;#FFCD00;Médio;;0,45499999999999996;Medium
2102556;Campestre do Maranhão/MA;0,47;#FFCD00;Médio;0,5;#FFCD00;Médio;;0,485;Medium
3111002;Campestre/MG;0,62;#FF8300;Alto;0,6;#FF8300;Alto;;0,61;High
5204656;Campinaçu/GO;0,29;#A9DE00;Baixo;0,35;#A9DE00;Baixo;;0,31999999999999995;Low
4103909;Campina da Lagoa/PR;0,5;#FFCD00;Médio;0,6;#FF8300;Alto;;0,55;Medium
4303707;Campina das Missões/RS;0,18;#02C650;Muito baixo;0,24;#A9DE00;Baixo;;0,21;Low
3509452;Campina do Monte Alegre/SP;0,39;#A9DE00;Baixo;0,54;#FFCD00;Médio;;0,465;Medium
4103958;Campina do Simão/PR;0,3;#A9DE00;Baixo;0,35;#A9DE00;Baixo;;0,32499999999999996;Low
4104006;Campina Grande do Sul/PR;0,39;#A9DE00;Baixo;0,53;#FFCD00;Médio;;0,46;Medium
2504009;Campina Grande/PB;0,74;#FF8300;Alto;0,63;#FF8300;Alto;500000,0;0,685;High
5102603;Campinápolis/MT;0,39;#A9DE00;Baixo;0,43;#FFCD00;Médio;;0,41000000000000003;Medium
2202109;Campinas do Piauí/PI;0,36;#A9DE00;Baixo;0,45;#FFCD00;Médio;;0,405;Medium
4303806;Campinas do Sul/RS;0,31;#A9DE00;Baixo;0,32;#A9DE00;Baixo;;0,315;Low
3509502;Campinas/SP;0,37;#A9DE00;Baixo;0,3;#A9DE00;Baixo;;0,33499999999999996;Low
3111101;Campina Verde/MG;0,4;#FFCD00;Médio;0,46;#FFCD00;Médio;;0,43000000000000005;Medium
5204706;Campinorte/GO;0,47;#FFCD00;Médio;0,44;#FFCD00;Médio;;0,45499999999999996;Medium
2701407;Campo Alegre/AL;0,73;#FF8300;Alto;0,89;#F40000;Muito alto;;0,81;Very high
5204805;Campo Alegre de Goiás/GO;0,23;#A9DE00;Baixo;0,28;#A9DE00;Baixo;;0,255;Low
2905909;Campo Alegre de Lourdes/BA;0,3;#A9DE00;Baixo;0,38;#A9DE00;Baixo;;0,33999999999999997;Low
2202117;Campo Alegre do Fidalgo/PI;0,26;#A9DE00;Baixo;0,33;#A9DE00;Baixo;;0,29500000000000004;Low
4203303;Campo Alegre/SC;0,35;#A9DE00;Baixo;0,44;#FFCD00;Médio;;0,395;Medium
3111150;Campo Azul/MG;0,26;#A9DE00;Baixo;0,31;#A9DE00;Baixo;;0,28500000000000003;Low
4203402;Campo Belo do Sul/SC;0,48;#FFCD00;Médio;0,58;#FFCD00;Médio;;0,53;Medium
3111200;Campo Belo/MG;0,78;#FF8300;Alto;0,75;#FF8300;Alto;;0,765;High
4303905;Campo Bom/RS;0,62;#FF8300;Alto;0,0;#02C650;Muito baixo;;0,31;Low
4104055;Campo Bonito/PR;0,28;#A9DE00;Baixo;0,35;#A9DE00;Baixo;;0,315;Low
2801009;Campo do Brito/SE;0,62;#FF8300;Alto;0,72;#FF8300;Alto;;0,6699999999999999;High
3111309;Campo do Meio/MG;0,66;#FF8300;Alto;0,77;#FF8300;Alto;;0,7150000000000001;High
4104105;Campo do Tenente/PR;0,21;#A9DE00;Baixo;0,33;#A9DE00;Baixo;;0,27;Low
4203501;Campo Erê/SC;0,27;#A9DE00;Baixo;0,38;#A9DE00;Baixo;;0,325;Low
3111408;Campo Florido/MG;0,28;#A9DE00;Baixo;0,38;#A9DE00;Baixo;;0,33;Low
2906006;Campo Formoso/BA;0,45;#FFCD00;Médio;0,48;#FFCD00;Médio;;0,46499999999999997;Medium
2701506;Campo Grande/AL;0,51;#FFCD00;Médio;0,57;#FFCD00;Médio;;0,54;Medium
2202133;Campo Grande do Piauí/PI;0,2;#A9DE00;Baixo;0,27;#A9DE00;Baixo;;0,23500000000000001;Low
5002704;Campo Grande/MS;0,19;#02C650;Muito baixo;0,26;#A9DE00;Baixo;;0,225;Low
2401305;Campo Grande/RN;0,51;#FFCD00;Médio;0,67;#FF8300;Alto;;0,5900000000000001;High
2202174;Campo Largo do Piauí/PI;0,16;#02C650;Muito baixo;0,26;#A9DE00;Baixo;;0,21000000000000002;Low
4104204;Campo Largo/PR;0,29;#A9DE00;Baixo;0,39;#A9DE00;Baixo;;0,33999999999999997;Low
5204854;Campo Limpo de Goiás/GO;0,45;#FFCD00;Médio;0,56;#FFCD00;Médio;;0,505;Medium
3509601;Campo Limpo Paulista/SP;0,59;#FFCD00;Médio;0,55;#FFCD00;Médio;;0,5700000000000001;Medium
4104253;Campo Magro/PR;0,49;#FFCD00;Médio;0,54;#FFCD00;Médio;;0,515;Medium
2202208;Campo Maior/PI;0,46;#FFCD00;Médio;0,66;#FF8300;Alto;;0,56;Medium
4104303;Campo Mourão/PR;0,48;#FFCD00;Médio;0,6;#FF8300;Alto;;0,54;Medium
1100700;Campo Novo de Rondônia/RO;0,41;#FFCD00;Médio;0,58;#FFCD00;Médio;;0,495;Medium
5102637;Campo Novo do Parecis/MT;0,2;#A9DE00;Baixo;0,33;#A9DE00;Baixo;;0,265;Low
4304002;Campo Novo/RS;0,32;#A9DE00;Baixo;0,38;#A9DE00;Baixo;;0,35;Low
2402105;Campo Redondo/RN;0,37;#A9DE00;Baixo;0,47;#FFCD00;Médio;;0,42;Medium
3111507;Campos Altos/MG;0,5;#FFCD00;Médio;0,58;#FFCD00;Médio;;0,54;Medium
5204904;Campos Belos/GO;0,72;#FF8300;Alto;0,6;#FF8300;Alto;;0,6599999999999999;High
4304101;Campos Borges/RS;0,23;#A9DE00;Baixo;0,3;#A9DE00;Baixo;;0,265;Low
5102686;Campos de Júlio/MT;0,17;#02C650;Muito baixo;0,23;#A9DE00;Baixo;;0,2;Low
3509700;Campos do Jordão/SP;0,56;#FFCD00;Médio;0,42;#FFCD00;Médio;;0,49;Medium
3301009;Campos dos Goytacazes/RJ;0,78;#FF8300;Alto;0,6;#FF8300;Alto;1268737,18;0,69;High
3111606;Campos Gerais/MG;0,92;#F40000;Muito alto;0,83;#F40000;Muito alto;;0,875;Very high
1703842;Campos Lindos/TO;0,43;#FFCD00;Médio;0,49;#FFCD00;Médio;;0,45999999999999996;Medium
3509809;Campos Novos Paulista/SP;0,49;#FFCD00;Médio;0,57;#FFCD00;Médio;;0,53;Medium
4203600;Campos Novos/SC;0,55;#FFCD00;Médio;0,38;#A9DE00;Baixo;;0,465;Medium
2302701;Campos Sales/CE;0,62;#FF8300;Alto;0,75;#FF8300;Alto;;0,685;High
5204953;Campos Verdes/GO;0,37;#A9DE00;Baixo;0,43;#FFCD00;Médio;;0,4;Medium
5102678;Campo Verde/MT;0,2;#A9DE00;Baixo;0,32;#A9DE00;Baixo;;0,26;Low
2603603;Camutanga/PE;0,62;#FF8300;Alto;0,67;#FF8300;Alto;;0,645;High
1502152;Canaã dos Carajás/PA;0,33;#A9DE00;Baixo;0,48;#FFCD00;Médio;;0,405;Medium
3111705;Canaã/MG;0,34;#A9DE00;Baixo;0,4;#FFCD00;Médio;;0,37;Low
5102694;Canabrava do Norte/MT;0,24;#A9DE00;Baixo;0,28;#A9DE00;Baixo;;0,26;Low
3509908;Cananéia/SP;0,59;#FFCD00;Médio;0,61;#FF8300;Alto;;0,6;High
2701605;Canapi/AL;0,38;#A9DE00;Baixo;0,46;#FFCD00;Médio;;0,42000000000000004;Medium
2906105;Canápolis/BA;0,26;#A9DE00;Baixo;0,27;#A9DE00;Baixo;;0,265;Low
3111804;Canápolis/MG;0,55;#FFCD00;Médio;0,65;#FF8300;Alto;;0,6000000000000001;High
2906204;Canarana/BA;0,36;#A9DE00;Baixo;0,46;#FFCD00;Médio;;0,41000000000000003;Medium
5102702;Canarana/MT;0,3;#A9DE00;Baixo;0,44;#FFCD00;Médio;;0,37;Low
3509957;Canas/SP;0,21;#A9DE00;Baixo;0,28;#A9DE00;Baixo;;0,245;Low
3111903;Cana Verde/MG;0,69;#FF8300;Alto;0,7;#FF8300;Alto;;0,695;High
2202251;Canavieira/PI;0,15;#02C650;Muito baixo;0,19;#02C650;Muito baixo;;0,16999999999999998;Very low
2906303;Canavieiras/BA;0,54;#FFCD00;Médio;0,73;#FF8300;Alto;;0,635;High
2906402;Candeal/BA;0,42;#FFCD00;Médio;0,47;#FFCD00;Médio;;0,44499999999999995;Medium
2906501;Candeias/BA;0,85;#F40000;Muito alto;0,8;#F40000;Muito alto;;0,825;Very high
1100809;Candeias do Jamari/RO;0,38;#A9DE00;Baixo;0,57;#FFCD00;Médio;;0,475;Medium
3112000;Candeias/MG;0,59;#FFCD00;Médio;0,62;#FF8300;Alto;;0,605;High
4304200;Candelária/RS;0,36;#A9DE00;Baixo;0,46;#FFCD00;Médio;;0,41000000000000003;Medium
2906600;Candiba/BA;0,45;#FFCD00;Médio;0,5;#FFCD00;Médio;;0,475;Medium
4104402;Cândido de Abreu/PR;0,29;#A9DE00;Baixo;0,43;#FFCD00;Médio;;0,36;Low
4304309;Cândido Godói/RS;0,13;#02C650;Muito baixo;0,18;#02C650;Muito baixo;;0,155;Very low
2102606;Cândido Mendes/MA;0,68;#FF8300;Alto;0,72;#FF8300;Alto;;0,7;High
3510005;Cândido Mota/SP;0,37;#A9DE00;Baixo;0,54;#FFCD00;Médio;;0,455;Medium
3510104;Cândido Rodrigues/SP;0,25;#A9DE00;Baixo;0,31;#A9DE00;Baixo;;0,28;Low
2906709;Cândido Sales/BA;0,77;#FF8300;Alto;0,8;#F40000;Muito alto;;0,785;High
4304358;Candiota/RS;0,06;#02C650;Muito baixo;0,08;#02C650;Muito baixo;;0,07;Very low
4104428;Candói/PR;0,35;#A9DE00;Baixo;0,4;#FFCD00;Médio;;0,375;Low
4304408;Canela/RS;0,44;#FFCD00;Médio;0,45;#FFCD00;Médio;;0,445;Medium
4203709;Canelinha/SC;0,64;#FF8300;Alto;0,66;#FF8300;Alto;;0,65;High
2402204;Canguaretama/RN;0,64;#FF8300;Alto;0,66;#FF8300;Alto;;0,65;High
4304507;Canguçu/RS;0,43;#FFCD00;Médio;0,54;#FFCD00;Médio;;0,485;Medium
2801108;Canhoba/SE;0,32;#A9DE00;Baixo;0,38;#A9DE00;Baixo;;0,35;Low
2603702;Canhotinho/PE;0,54;#FFCD00;Médio;0,62;#FF8300;Alto;;0,5800000000000001;Medium
2302800;Canindé/CE;0,71;#FF8300;Alto;0,85;#F40000;Muito alto;;0,78;High
2801207;Canindé de São Francisco/SE;0,55;#FFCD00;Médio;0,7;#FF8300;Alto;;0,625;High
3510153;Canitar/SP;0,44;#FFCD00;Médio;0,51;#FFCD00;Médio;;0,475;Medium
4304606;Canoas/RS;0,56;#FFCD00;Médio;0,67;#FF8300;Alto;200000,0;0,615;High
4203808;Canoinhas/SC;0,29;#A9DE00;Baixo;0,29;#A9DE00;Baixo;;0,29;Low
2906808;Cansanção/BA;0,45;#FFCD00;Médio;0,44;#FFCD00;Médio;;0,445;Medium
3112059;Cantagalo/MG;0,4;#FFCD00;Médio;0,45;#FFCD00;Médio;;0,42500000000000004;Medium
4104451;Cantagalo/PR;0,3;#A9DE00;Baixo;0,46;#FFCD00;Médio;;0,38;Low
3301108;Cantagalo/RJ;0,52;#FFCD00;Médio;0,52;#FFCD00;Médio;;0,52;Medium
2102705;Cantanhede/MA;0,38;#A9DE00;Baixo;0,62;#FF8300;Alto;;0,5;Medium
1400175;Cantá/RR;0,2;#A9DE00;Baixo;0,32;#A9DE00;Baixo;;0,26;Low
2202307;Canto do Buriti/PI;0,43;#FFCD00;Médio;0,54;#FFCD00;Médio;;0,485;Medium
2906824;Canudos/BA;0,33;#A9DE00;Baixo;0,39;#A9DE00;Baixo;;0,36;Low
4304614;Canudos do Vale/RS;0,21;#A9DE00;Baixo;0,22;#A9DE00;Baixo;;0,215;Low
1300904;Canutama/AM;0,82;#F40000;Muito alto;0,86;#F40000;Muito alto;;0,84;Very high
1502202;Capanema/PA;0,58;#FFCD00;Médio;0,67;#FF8300;Alto;;0,625;High
4104501;Capanema/PR;0,19;#02C650;Muito baixo;0,36;#A9DE00;Baixo;;0,275;Low
4203253;Capão Alto/SC;0,31;#A9DE00;Baixo;0,36;#A9DE00;Baixo;;0,33499999999999996;Low
4304622;Capão Bonito do Sul/RS;0,11;#02C650;Muito baixo;0,16;#02C650;Muito baixo;;0,135;Very low
3510203;Capão Bonito/SP;0,59;#FFCD00;Médio;0,63;#FF8300;Alto;;0,61;High
4304630;Capão da Canoa/RS;0,26;#A9DE00;Baixo;0,48;#FFCD00;Médio;;0,37;Low
4304655;Capão do Cipó/RS;0,01;#02C650;Muito baixo;0,01;#02C650;Muito baixo;;0,01;Very low
4304663;Capão do Leão/RS;0,71;#FF8300;Alto;0,78;#FF8300;Alto;;0,745;High
3112109;Caparaó/MG;0,65;#FF8300;Alto;0,59;#FFCD00;Médio;;0,62;High
2701704;Capela/AL;0,55;#FFCD00;Médio;0,63;#FF8300;Alto;;0,5900000000000001;High
4304689;Capela de Santana/RS;0,51;#FFCD00;Médio;0,6;#FF8300;Alto;;0,5549999999999999;Medium
2906857;Capela do Alto Alegre/BA;0,33;#A9DE00;Baixo;0,4;#FFCD00;Médio;;0,365;Low
3510302;Capela do Alto/SP;0,27;#A9DE00;Baixo;0,37;#A9DE00;Baixo;;0,32;Low
3112208;Capela Nova/MG;0,49;#FFCD00;Médio;0,53;#FFCD00;Médio;;0,51;Medium
2801306;Capela/SE;0,37;#A9DE00;Baixo;0,41;#FFCD00;Médio;;0,39;Low
3112307;Capelinha/MG;0,64;#FF8300;Alto;0,65;#FF8300;Alto;;0,645;High
3112406;Capetinga/MG;0,63;#FF8300;Alto;0,67;#FF8300;Alto;;0,65;High
3112505;Capim Branco/MG;0,55;#FFCD00;Médio;0,43;#FFCD00;Médio;;0,49;Medium
2906873;Capim Grosso/BA;0,43;#FFCD00;Médio;0,52;#FFCD00;Médio;;0,475;Medium
2504033;Capim/PB;0,52;#FFCD00;Médio;0,55;#FFCD00;Médio;;0,535;Medium
3112604;Capinópolis/MG;0,46;#FFCD00;Médio;0,52;#FFCD00;Médio;;0,49;Medium
2102754;Capinzal do Norte/MA;0,27;#A9DE00;Baixo;0,33;#A9DE00;Baixo;;0,30000000000000004;Low
4203907;Capinzal/SC;0,54;#FFCD00;Médio;0,42;#FFCD00;Médio;;0,48;Medium
2302909;Capistrano/CE;0,41;#FFCD00;Médio;0,52;#FFCD00;Médio;;0,46499999999999997;Medium
3112653;Capitão Andrade/MG;0,53;#FFCD00;Médio;0,58;#FFCD00;Médio;;0,5549999999999999;Medium
2202406;Capitão de Campos/PI;0,37;#A9DE00;Baixo;0,47;#FFCD00;Médio;;0,42;Medium
3112703;Capitão Enéas/MG;0,42;#FFCD00;Médio;0,59;#FFCD00;Médio;;0,505;Medium
2202455;Capitão Gervásio Oliveira/PI;0,28;#A9DE00;Baixo;0,33;#A9DE00;Baixo;;0,30500000000000005;Low
4104600;Capitão Leônidas Marques/PR;0,3;#A9DE00;Baixo;0,39;#A9DE00;Baixo;;0,345;Low
1502301;Capitão Poço/PA;0,63;#FF8300;Alto;0,65;#FF8300;Alto;;0,64;High
4304697;Capitão/RS;0,05;#02C650;Muito baixo;0,1;#02C650;Muito baixo;;0,07500000000000001;Very low
3112802;Capitólio/MG;0,33;#A9DE00;Baixo;0,32;#A9DE00;Baixo;;0,325;Low
4203956;Capivari de Baixo/SC;0,51;#FFCD00;Médio;0,67;#FF8300;Alto;;0,5900000000000001;High
4304671;Capivari do Sul/RS;0,13;#02C650;Muito baixo;0,18;#02C650;Muito baixo;;0,155;Very low
3510401;Capivari/SP;0,0;#02C650;Muito baixo;0,32;#A9DE00;Baixo;;0,16;Very low
1200179;Capixaba/AC;0,17;#02C650;Muito baixo;0,28;#A9DE00;Baixo;;0,22500000000000003;Low
2603801;Capoeiras/PE;0,44;#FFCD00;Médio;0,5;#FFCD00;Médio;;0,47;Medium
3112901;Caputira/MG;0,53;#FFCD00;Médio;0,59;#FFCD00;Médio;;0,56;Medium
4304713;Caraá/RS;0,0;#02C650;Muito baixo;0,0;#02C650;Muito baixo;;0,0;Very low
1400209;Caracaraí/RR;0,29;#A9DE00;Baixo;0,4;#FFCD00;Médio;;0,345;Low
5002803;Caracol/MS;0,29;#A9DE00;Baixo;0,42;#FFCD00;Médio;;0,355;Low
2202505;Caracol/PI;0,31;#A9DE00;Baixo;0,4;#FFCD00;Médio;;0,355;Low
3510500;Caraguatatuba/SP;0,39;#A9DE00;Baixo;0,33;#A9DE00;Baixo;;0,36;Low
2906899;Caraíbas/BA;0,34;#A9DE00;Baixo;0,4;#FFCD00;Médio;;0,37;Low
3113008;Caraí/MG;0,8;#F40000;Muito alto;0,69;#FF8300;Alto;;0,745;High
4104659;Carambeí/PR;0,53;#FFCD00;Médio;0,59;#FFCD00;Médio;;0,56;Medium
3113107;Caranaíba/MG;0,55;#FFCD00;Médio;0,61;#FF8300;Alto;;0,5800000000000001;Medium
3113206;Carandaí/MG;0,28;#A9DE00;Baixo;0,37;#A9DE00;Baixo;;0,325;Low
3113305;Carangola/MG;0,87;#F40000;Muito alto;0,75;#FF8300;Alto;;0,81;Very high
3300936;Carapebus/RJ;0,5;#FFCD00;Médio;0,59;#FFCD00;Médio;;0,5449999999999999;Medium
3510609;Carapicuíba/SP;0,83;#F40000;Muito alto;0,72;#FF8300;Alto;;0,7749999999999999;High
3113404;Caratinga/MG;0,72;#FF8300;Alto;0,67;#FF8300;Alto;;0,6950000000000001;High
1301001;Carauari/AM;0,78;#FF8300;Alto;0,86;#F40000;Muito alto;;0,8200000000000001;Very high
2202539;Caraúbas do Piauí/PI;0,26;#A9DE00;Baixo;0,31;#A9DE00;Baixo;;0,28500000000000003;Low
2504074;Caraúbas/PB;0,45;#FFCD00;Médio;0,56;#FFCD00;Médio;;0,505;Medium
2402303;Caraúbas/RN;0,53;#FFCD00;Médio;0,62;#FF8300;Alto;;0,575;Medium
2906907;Caravelas/BA;0,76;#FF8300;Alto;0,73;#FF8300;Alto;;0,745;High
4304705;Carazinho/RS;0,34;#A9DE00;Baixo;0,39;#A9DE00;Baixo;;0,365;Low
3113503;Carbonita/MG;0,17;#02C650;Muito baixo;0,39;#A9DE00;Baixo;;0,28;Low
2907004;Cardeal da Silva/BA;0,2;#A9DE00;Baixo;0,25;#A9DE00;Baixo;;0,225;Low
3301157;Cardoso Moreira/RJ;0,51;#FFCD00;Médio;0,46;#FFCD00;Médio;;0,485;Medium
3510708;Cardoso/SP;0,34;#A9DE00;Baixo;0,45;#FFCD00;Médio;;0,395;Medium
3113602;Careaçu/MG;0,35;#A9DE00;Baixo;0,42;#FFCD00;Médio;;0,385;Low
1301100;Careiro/AM;0,86;#F40000;Muito alto;0,81;#F40000;Muito alto;;0,835;Very high
1301159;Careiro da Várzea/AM;0,93;#F40000;Muito alto;0,87;#F40000;Muito alto;;0,9;Very high
3201308;Cariacica/ES;0,51;#FFCD00;Médio;0,61;#FF8300;Alto;;0,56;Medium
2303006;Caridade/CE;0,74;#FF8300;Alto;0,9;#F40000;Muito alto;;0,8200000000000001;Very high
2202554;Caridade do Piauí/PI;0,34;#A9DE00;Baixo;0,44;#FFCD00;Médio;;0,39;Low
2907103;Carinhanha/BA;0,31;#A9DE00;Baixo;0,43;#FFCD00;Médio;;0,37;Low
2801405;Carira/SE;0,48;#FFCD00;Médio;0,52;#FFCD00;Médio;;0,5;Medium
2303105;Cariré/CE;0,32;#A9DE00;Baixo;0,39;#A9DE00;Baixo;;0,355;Low
2303204;Caririaçu/CE;0,53;#FFCD00;Médio;0,61;#FF8300;Alto;;0,5700000000000001;Medium
1703867;Cariri do Tocantins/TO;0,24;#A9DE00;Baixo;0,34;#A9DE00;Baixo;;0,29000000000000004;Low
2303303;Cariús/CE;0,66;#FF8300;Alto;0,76;#FF8300;Alto;;0,71;High
5102793;Carlinda/MT;0,42;#FFCD00;Médio;0,46;#FFCD00;Médio;;0,44;Medium
4104709;Carlópolis/PR;0,34;#A9DE00;Baixo;0,36;#A9DE00;Baixo;;0,35;Low
4304804;Carlos Barbosa/RS;0,14;#02C650;Muito baixo;0,24;#A9DE00;Baixo;;0,19;Very low
3113701;Carlos Chagas/MG;0,75;#FF8300;Alto;0,74;#FF8300;Alto;;0,745;High
4304853;Carlos Gomes/RS;0,24;#A9DE00;Baixo;0,32;#A9DE00;Baixo;;0,28;Low
3113800;Carmésia/MG;0,3;#A9DE00;Baixo;0,32;#A9DE00;Baixo;;0,31;Low
3113909;Carmo da Cachoeira/MG;0,75;#FF8300;Alto;0,81;#F40000;Muito alto;;0,78;High
3114006;Carmo da Mata/MG;0,64;#FF8300;Alto;0,61;#FF8300;Alto;;0,625;High
3114105;Carmo de Minas/MG;0,74;#FF8300;Alto;0,72;#FF8300;Alto;;0,73;High
3114204;Carmo do Cajuru/MG;0,63;#FF8300;Alto;0,6;#FF8300;Alto;;0,615;High
3114303;Carmo do Paranaíba/MG;0,6;#FF8300;Alto;0,63;#FF8300;Alto;;0,615;High
3114402;Carmo do Rio Claro/MG;0,45;#FFCD00;Médio;0,58;#FFCD00;Médio;;0,515;Medium
5205000;Carmo do Rio Verde/GO;0,69;#FF8300;Alto;0,73;#FF8300;Alto;;0,71;High
1703883;Carmolândia/TO;0,29;#A9DE00;Baixo;0,33;#A9DE00;Baixo;;0,31;Low
3114501;Carmópolis de Minas/MG;0,43;#FFCD00;Médio;0,42;#FFCD00;Médio;;0,425;Medium
2801504;Carmópolis/SE;0,62;#FF8300;Alto;0,69;#FF8300;Alto;;0,655;High
3301207;Carmo/RJ;0,71;#FF8300;Alto;0,81;#F40000;Muito alto;;0,76;High
2603900;Carnaíba/PE;0,53;#FFCD00;Médio;0,68;#FF8300;Alto;;0,605;High
2402402;Carnaúba dos Dantas/RN;0,53;#FFCD00;Médio;0,64;#FF8300;Alto;;0,585;Medium
2402501;Carnaubais/RN;0,48;#FFCD00;Médio;0,63;#FF8300;Alto;;0,5549999999999999;Medium
2303402;Carnaubal/CE;0,48;#FFCD00;Médio;0,5;#FFCD00;Médio;;0,49;Medium
2603926;Carnaubeira da Penha/PE;0,36;#A9DE00;Baixo;0,45;#FFCD00;Médio;;0,405;Medium
3114550;Carneirinho/MG;0,38;#A9DE00;Baixo;0,44;#FFCD00;Médio;;0,41000000000000003;Medium
2701803;Carneiros/AL;0,47;#FFCD00;Médio;0,52;#FFCD00;Médio;;0,495;Medium
1400233;Caroebe/RR;0,29;#A9DE00;Baixo;0,33;#A9DE00;Baixo;;0,31;Low
2102804;Carolina/MA;0,48;#FFCD00;Médio;0,66;#FF8300;Alto;;0,5700000000000001;Medium
2604007;Carpina/PE;0,96;#F40000;Muito alto;0,87;#F40000;Muito alto;;0,915;Very high
3114600;Carrancas/MG;0,36;#A9DE00;Baixo;0,4;#FFCD00;Médio;;0,38;Low
2504108;Carrapateira/PB;0,58;#FFCD00;Médio;0,63;#FF8300;Alto;;0,605;High
1703891;Carrasco Bonito/TO;0,2;#A9DE00;Baixo;0,28;#A9DE00;Baixo;;0,24000000000000002;Low
2604106;Caruaru/PE;0,74;#FF8300;Alto;0,7;#FF8300;Alto;;0,72;High
2102903;Carutapera/MA;0,81;#F40000;Muito alto;0,8;#F40000;Muito alto;;0,805;Very high
3114709;Carvalhópolis/MG;0,52;#FFCD00;Médio;0,61;#FF8300;Alto;;0,565;Medium
3114808;Carvalhos/MG;0,38;#A9DE00;Baixo;0,43;#FFCD00;Médio;;0,405;Medium
3510807;Casa Branca/SP;0,32;#A9DE00;Baixo;0,36;#A9DE00;Baixo;;0,33999999999999997;Low
3114907;Casa Grande/MG;0,28;#A9DE00;Baixo;0,31;#A9DE00;Baixo;;0,29500000000000004;Low
2907202;Casa Nova/BA;0,55;#FFCD00;Médio;0,74;#FF8300;Alto;;0,645;High
3115003;Cascalho Rico/MG;0,27;#A9DE00;Baixo;0,36;#A9DE00;Baixo;;0,315;Low
4304903;Casca/RS;0,2;#A9DE00;Baixo;0,36;#A9DE00;Baixo;;0,28;Low
2303501;Cascavel/CE;0,7;#FF8300;Alto;0,67;#FF8300;Alto;;0,685;High
4104808;Cascavel/PR;0,39;#A9DE00;Baixo;0,26;#A9DE00;Baixo;;0,325;Low
1703909;Caseara/TO;0,43;#FFCD00;Médio;0,48;#FFCD00;Médio;;0,45499999999999996;Medium
4304952;Caseiros/RS;0,24;#A9DE00;Baixo;0,32;#A9DE00;Baixo;;0,28;Low
3301306;Casimiro de Abreu/RJ;0,71;#FF8300;Alto;0,67;#FF8300;Alto;;0,69;High
2604155;Casinhas/PE;0,23;#A9DE00;Baixo;0,28;#A9DE00;Baixo;;0,255;Low
2504157;Casserengue/PB;0,38;#A9DE00;Baixo;0,45;#FFCD00;Médio;;0,41500000000000004;Medium
3510906;Cássia dos Coqueiros/SP;0,38;#A9DE00;Baixo;0,47;#FFCD00;Médio;;0,425;Medium
3115102;Cássia/MG;0,52;#FFCD00;Médio;0,52;#FFCD00;Médio;;0,52;Medium
5002902;Cassilândia/MS;0,34;#A9DE00;Baixo;0,52;#FFCD00;Médio;;0,43000000000000005;Medium
1502400;Castanhal/PA;0,5;#FFCD00;Médio;0,71;#FF8300;Alto;;0,605;High
5102850;Castanheira/MT;0,3;#A9DE00;Baixo;0,39;#A9DE00;Baixo;;0,345;Low
1100908;Castanheiras/RO;0,21;#A9DE00;Baixo;0,28;#A9DE00;Baixo;;0,245;Low
5205059;Castelândia/GO;0,4;#FFCD00;Médio;0,47;#FFCD00;Médio;;0,435;Medium
2202604;Castelo do Piauí/PI;0,49;#FFCD00;Médio;0,61;#FF8300;Alto;;0,55;Medium
3201407;Castelo/ES;0,72;#FF8300;Alto;0,66;#FF8300;Alto;;0,69;High
3511003;Castilho/SP;0,46;#FFCD00;Médio;0,58;#FFCD00;Médio;;0,52;Medium
2907301;Castro Alves/BA;0,54;#FFCD00;Médio;0,63;#FF8300;Alto;;0,585;Medium
4104907;Castro/PR;0,62;#FF8300;Alto;0,68;#FF8300;Alto;;0,65;High
3115300;Cataguases/MG;0,53;#FFCD00;Médio;0,41;#FFCD00;Médio;;0,47;Medium
5205109;Catalão/GO;0,37;#A9DE00;Baixo;0,26;#A9DE00;Baixo;;0,315;Low
3511102;Catanduva/SP;0,5;#FFCD00;Médio;0,47;#FFCD00;Médio;;0,485;Medium
4105003;Catanduvas/PR;0,25;#A9DE00;Baixo;0,4;#FFCD00;Médio;;0,325;Low
4204004;Catanduvas/SC;0,29;#A9DE00;Baixo;0,37;#A9DE00;Baixo;;0,32999999999999996;Low
2303600;Catarina/CE;0,66;#FF8300;Alto;0,79;#FF8300;Alto;;0,7250000000000001;High
3115409;Catas Altas da Noruega/MG;0,3;#A9DE00;Baixo;0,35;#A9DE00;Baixo;;0,32499999999999996;Low
3115359;Catas Altas/MG;0,33;#A9DE00;Baixo;0,39;#A9DE00;Baixo;;0,36;Low
2604205;Catende/PE;0,74;#FF8300;Alto;0,71;#FF8300;Alto;;0,725;High
3511201;Catiguá/SP;0,53;#FFCD00;Médio;0,68;#FF8300;Alto;;0,605;High
2504207;Catingueira/PB;0,78;#FF8300;Alto;0,74;#FF8300;Alto;;0,76;High
2907400;Catolândia/BA;0,27;#A9DE00;Baixo;0,32;#A9DE00;Baixo;;0,29500000000000004;Low
2504306;Catolé do Rocha/PB;0,78;#FF8300;Alto;0,73;#FF8300;Alto;;0,755;High
2907509;Catu/BA;0,88;#F40000;Muito alto;0,93;#F40000;Muito alto;;0,905;Very high
4305009;Catuípe/RS;0,28;#A9DE00;Baixo;0,37;#A9DE00;Baixo;;0,325;Low
3115458;Catuji/MG;0,19;#02C650;Muito baixo;0,26;#A9DE00;Baixo;;0,225;Low
2303659;Catunda/CE;0,43;#FFCD00;Médio;0,53;#FFCD00;Médio;;0,48;Medium
5205208;Caturaí/GO;0,42;#FFCD00;Médio;0,5;#FFCD00;Médio;;0,45999999999999996;Medium
2907558;Caturama/BA;0,23;#A9DE00;Baixo;0,26;#A9DE00;Baixo;;0,245;Low
2504355;Caturité/PB;0,18;#02C650;Muito baixo;0,28;#A9DE00;Baixo;;0,23;Low
3115474;Catuti/MG;0,35;#A9DE00;Baixo;0,41;#FFCD00;Médio;;0,38;Low
2303709;Caucaia/CE;0,86;#F40000;Muito alto;0,77;#FF8300;Alto;;0,815;Very high
5205307;Cavalcante/GO;0,39;#A9DE00;Baixo;0,48;#FFCD00;Médio;;0,435;Medium
4204103;Caxambu do Sul/SC;0,27;#A9DE00;Baixo;0,33;#A9DE00;Baixo;;0,30000000000000004;Low
3115508;Caxambu/MG;0,68;#FF8300;Alto;0,64;#FF8300;Alto;;0,66;High
4305108;Caxias do Sul/RS;0,8;#F40000;Muito alto;0,7;#FF8300;Alto;;0,75;High
2103000;Caxias/MA;0,63;#FF8300;Alto;0,81;#F40000;Muito alto;;0,72;High
2202653;Caxingó/PI;0,36;#A9DE00;Baixo;0,48;#FFCD00;Médio;;0,42;Medium
2402600;Ceará-Mirim/RN;0,76;#FF8300;Alto;0,71;#FF8300;Alto;;0,735;High
2103109;Cedral/MA;0,3;#A9DE00;Baixo;0,28;#A9DE00;Baixo;;0,29000000000000004;Low
3511300;Cedral/SP;0,32;#A9DE00;Baixo;0,46;#FFCD00;Médio;;0,39;Low
2303808;Cedro/CE;0,69;#FF8300;Alto;0,74;#FF8300;Alto;;0,715;High
2801603;Cedro de São João/SE;0,49;#FFCD00;Médio;0,55;#FFCD00;Médio;;0,52;Medium
3115607;Cedro do Abaeté/MG;0,33;#A9DE00;Baixo;0,38;#A9DE00;Baixo;;0,355;Low
2604304;Cedro/PE;0,49;#FFCD00;Médio;0,61;#FF8300;Alto;;0,55;Medium
4204152;Celso Ramos/SC;0,11;#02C650;Muito baixo;0,12;#02C650;Muito baixo;;0,11499999999999999;Very low
4105102;Centenário do Sul/PR;0,35;#A9DE00;Baixo;0,41;#FFCD00;Médio;;0,38;Low
4305116;Centenário/RS;0,16;#02C650;Muito baixo;0,22;#A9DE00;Baixo;;0,19;Very low
1704105;Centenário/TO;0,39;#A9DE00;Baixo;0,45;#FFCD00;Médio;;0,42000000000000004;Medium
2907608;Central/BA;0,31;#A9DE00;Baixo;0,45;#FFCD00;Médio;;0,38;Low
3115706;Central de Minas/MG;0,59;#FFCD00;Médio;0,57;#FFCD00;Médio;;0,58;Medium
2103125;Central do Maranhão/MA;0,34;#A9DE00;Baixo;0,39;#A9DE00;Baixo;;0,365;Low
3115805;Centralina/MG;0,38;#A9DE00;Baixo;0,55;#FFCD00;Médio;;0,465;Medium
2103158;Centro do Guilherme/MA;0,67;#FF8300;Alto;0,73;#FF8300;Alto;;0,7;High
2103174;Centro Novo do Maranhão/MA;0,73;#FF8300;Alto;0,53;#FFCD00;Médio;;0,63;High
1100056;Cerejeiras/RO;0,34;#A9DE00;Baixo;0,53;#FFCD00;Médio;;0,43500000000000005;Medium
5205406;Ceres/GO;0,49;#FFCD00;Médio;0,31;#A9DE00;Baixo;;0,4;Medium
3511409;Cerqueira César/SP;0,33;#A9DE00;Baixo;0,46;#FFCD00;Médio;;0,395;Medium
3511508;Cerquilho/SP;0,28;#A9DE00;Baixo;0,21;#A9DE00;Baixo;;0,245;Low
4305124;Cerrito/RS;0,34;#A9DE00;Baixo;0,47;#FFCD00;Médio;;0,405;Medium
4105201;Cerro Azul/PR;0,43;#FFCD00;Médio;0,46;#FFCD00;Médio;;0,445;Medium
4305132;Cerro Branco/RS;0,09;#02C650;Muito baixo;0,15;#02C650;Muito baixo;;0,12;Very low
2402709;Cerro Corá/RN;0,45;#FFCD00;Médio;0,53;#FFCD00;Médio;;0,49;Medium
4305173;Cerro Grande do Sul/RS;0,32;#A9DE00;Baixo;0,44;#FFCD00;Médio;;0,38;Low
4305157;Cerro Grande/RS;0,11;#02C650;Muito baixo;0,15;#02C650;Muito baixo;;0,13;Very low
4305207;Cerro Largo/RS;0,34;#A9DE00;Baixo;0,45;#FFCD00;Médio;;0,395;Medium
4204178;Cerro Negro/SC;0,26;#A9DE00;Baixo;0,32;#A9DE00;Baixo;;0,29000000000000004;Low
3511607;Cesário Lange/SP;0,21;#A9DE00;Baixo;0,29;#A9DE00;Baixo;;0,25;Low
4105300;Céu Azul/PR;0,35;#A9DE00;Baixo;0,45;#FFCD00;Médio;;0,4;Medium
5205455;Cezarina/GO;0,21;#A9DE00;Baixo;0,29;#A9DE00;Baixo;;0,25;Low
3115904;Chácara/MG;0,55;#FFCD00;Médio;0,46;#FFCD00;Médio;;0,505;Medium
2604403;Chã de Alegria/PE;0,7;#FF8300;Alto;0,63;#FF8300;Alto;;0,665;High
2604502;Chã Grande/PE;0,52;#FFCD00;Médio;0,65;#FF8300;Alto;;0,585;Medium
3116001;Chalé/MG;0,57;#FFCD00;Médio;0,64;#FF8300;Alto;;0,605;High
1705102;Chapada da Natividade/TO;0,38;#A9DE00;Baixo;0,43;#FFCD00;Médio;;0,405;Medium
1704600;Chapada de Areia/TO;0,23;#A9DE00;Baixo;0,3;#A9DE00;Baixo;;0,265;Low
3116100;Chapada do Norte/MG;0,58;#FFCD00;Médio;0,71;#FF8300;Alto;;0,645;High
5103007;Chapada dos Guimarães/MT;0,35;#A9DE00;Baixo;0,46;#FFCD00;Médio;;0,405;Medium
3116159;Chapada Gaúcha/MG;0,25;#A9DE00;Baixo;0,36;#A9DE00;Baixo;;0,305;Low
5205471;Chapadão do Céu/GO;0,03;#02C650;Muito baixo;0,12;#02C650;Muito baixo;;0,075;Very low
4204194;Chapadão do Lageado/SC;0,2;#A9DE00;Baixo;0,23;#A9DE00;Baixo;;0,21500000000000002;Low
5002951;Chapadão do Sul/MS;0,19;#02C650;Muito baixo;0,22;#A9DE00;Baixo;;0,20500000000000002;Low
4305306;Chapada/RS;0,29;#A9DE00;Baixo;0,42;#FFCD00;Médio;;0,355;Low
2103208;Chapadinha/MA;0,71;#FF8300;Alto;0,88;#F40000;Muito alto;;0,7949999999999999;Very high
4204202;Chapecó/SC;0,05;#02C650;Muito baixo;0,0;#02C650;Muito baixo;;0,025;Very low
2701902;Chã Preta/AL;0,57;#FFCD00;Médio;0,62;#FF8300;Alto;;0,595;High
3511706;Charqueada/SP;0,09;#02C650;Muito baixo;0,18;#02C650;Muito baixo;;0,135;Very low
4305355;Charqueadas/RS;0,4;#FFCD00;Médio;0,62;#FF8300;Alto;;0,51;Medium
4305371;Charrua/RS;0,11;#02C650;Muito baixo;0,15;#02C650;Muito baixo;;0,13;Very low
2303907;Chaval/CE;0,61;#FF8300;Alto;0,77;#FF8300;Alto;;0,69;High
3557204;Chavantes/SP;0,38;#A9DE00;Baixo;0,49;#FFCD00;Médio;;0,435;Medium
1502509;Chaves/PA;0,57;#FFCD00;Médio;0,85;#F40000;Muito alto;;0,71;High
3116209;Chiador/MG;0,48;#FFCD00;Médio;0,52;#FFCD00;Médio;;0,5;Medium
4305405;Chiapetta/RS;0,34;#A9DE00;Baixo;0,35;#A9DE00;Baixo;;0,345;Low
4105409;Chopinzinho/PR;0,11;#02C650;Muito baixo;0,3;#A9DE00;Baixo;;0,205;Low
2303931;Choró/CE;0,72;#FF8300;Alto;0,8;#F40000;Muito alto;;0,76;High
2303956;Chorozinho/CE;0,74;#FF8300;Alto;0,76;#FF8300;Alto;;0,75;High
2907707;Chorrochó/BA;0,25;#A9DE00;Baixo;0,3;#A9DE00;Baixo;;0,275;Low
4305439;Chuí/RS;0,44;#FFCD00;Médio;0,53;#FFCD00;Médio;;0,485;Medium
1100924;Chupinguaia/RO;0,21;#A9DE00;Baixo;0,29;#A9DE00;Baixo;;0,25;Low
4305447;Chuvisca/RS;0,1;#02C650;Muito baixo;0,16;#02C650;Muito baixo;;0,13;Very low
4105508;Cianorte/PR;0,4;#FFCD00;Médio;0,39;#A9DE00;Baixo;;0,395;Medium
2907806;Cícero Dantas/BA;0,34;#A9DE00;Baixo;0,4;#FFCD00;Médio;;0,37;Low
4105607;Cidade Gaúcha/PR;0,25;#A9DE00;Baixo;0,32;#A9DE00;Baixo;;0,28500000000000003;Low
5205497;Cidade Ocidental/GO;0,62;#FF8300;Alto;0,6;#FF8300;Alto;;0,61;High
2103257;Cidelândia/MA;0,29;#A9DE00;Baixo;0,34;#A9DE00;Baixo;;0,315;Low
4305454;Cidreira/RS;0,18;#02C650;Muito baixo;0,28;#A9DE00;Baixo;;0,23;Low
2907905;Cipó/BA;0,55;#FFCD00;Médio;0,56;#FFCD00;Médio;;0,555;Medium
3116308;Cipotânea/MG;0,53;#FFCD00;Médio;0,56;#FFCD00;Médio;;0,545;Medium
4305504;Ciríaco/RS;0,28;#A9DE00;Baixo;0,34;#A9DE00;Baixo;;0,31000000000000005;Low
3116407;Claraval/MG;0,39;#A9DE00;Baixo;0,4;#FFCD00;Médio;;0,395;Medium
3116506;Claro dos Poções/MG;0,18;#02C650;Muito baixo;0,31;#A9DE00;Baixo;;0,245;Low
5103056;Cláudia/MT;0,3;#A9DE00;Baixo;0,38;#A9DE00;Baixo;;0,33999999999999997;Low
3116605;Cláudio/MG;0,48;#FFCD00;Médio;0,4;#FFCD00;Médio;;0,44;Medium
3511904;Clementina/SP;0,32;#A9DE00;Baixo;0,47;#FFCD00;Médio;;0,395;Medium
4105706;Clevelândia/PR;0,34;#A9DE00;Baixo;0,48;#FFCD00;Médio;;0,41000000000000003;Medium
2908002;Coaraci/BA;0,62;#FF8300;Alto;0,82;#F40000;Muito alto;;0,72;High
1301209;Coari/AM;0,95;#F40000;Muito alto;1,0;#F40000;Muito alto;;0,975;Very high
2202711;Cocal de Telha/PI;0,32;#A9DE00;Baixo;0,4;#FFCD00;Médio;;0,36;Low
2202729;Cocal dos Alves/PI;0,19;#02C650;Muito baixo;0,23;#A9DE00;Baixo;;0,21000000000000002;Low
4204251;Cocal do Sul/SC;0,47;#FFCD00;Médio;0,43;#FFCD00;Médio;;0,44999999999999996;Medium
5103106;Cocalinho/MT;0,42;#FFCD00;Médio;0,37;#A9DE00;Baixo;;0,395;Medium
2202703;Cocal/PI;0,27;#A9DE00;Baixo;0,43;#FFCD00;Médio;;0,35;Low
5205513;Cocalzinho de Goiás/GO;0,51;#FFCD00;Médio;0,46;#FFCD00;Médio;;0,485;Medium
2908101;Cocos/BA;0,41;#FFCD00;Médio;0,54;#FFCD00;Médio;;0,475;Medium
1301308;Codajás/AM;0,94;#F40000;Muito alto;1,0;#F40000;Muito alto;;0,97;Very high
2103307;Codó/MA;0,75;#FF8300;Alto;0,93;#F40000;Muito alto;;0,8400000000000001;Very high
2103406;Coelho Neto/MA;0,66;#FF8300;Alto;0,76;#FF8300;Alto;;0,71;High
3116704;Coimbra/MG;0,32;#A9DE00;Baixo;0,37;#A9DE00;Baixo;;0,345;Low
2702009;Coité do Nóia/AL;0,19;#02C650;Muito baixo;0,24;#A9DE00;Baixo;;0,215;Low
2202737;Coivaras/PI;0,33;#A9DE00;Baixo;0,4;#FFCD00;Médio;;0,365;Low
1502608;Colares/PA;0,3;#A9DE00;Baixo;0,43;#FFCD00;Médio;;0,365;Low
3201506;Colatina/ES;0,32;#A9DE00;Baixo;0,22;#A9DE00;Baixo;;0,27;Low
5103205;Colíder/MT;0,35;#A9DE00;Baixo;0,52;#FFCD00;Médio;;0,435;Medium
5205521;Colinas do Sul/GO;0,38;#A9DE00;Baixo;0,43;#FFCD00;Médio;;0,405;Medium
1705508;Colinas do Tocantins/TO;0,29;#A9DE00;Baixo;0,46;#FFCD00;Médio;;0,375;Low
2103505;Colinas/MA;0,41;#FFCD00;Médio;0,55;#FFCD00;Médio;;0,48;Medium
3512001;Colina/SP;0,23;#A9DE00;Baixo;0,2;#A9DE00;Baixo;;0,21500000000000002;Low
4305587;Colinas/RS;0,37;#A9DE00;Baixo;0,42;#FFCD00;Médio;;0,395;Medium
1716703;Colméia/TO;0,43;#FFCD00;Médio;0,53;#FFCD00;Médio;;0,48;Medium
5103254;Colniza/MT;0,43;#FFCD00;Médio;0,58;#FFCD00;Médio;;0,505;Medium
3512100;Colômbia/SP;0,19;#02C650;Muito baixo;0,35;#A9DE00;Baixo;;0,27;Low
4105805;Colombo/PR;0,54;#FFCD00;Médio;0,58;#FFCD00;Médio;;0,56;Medium
2202752;Colônia do Gurguéia/PI;0,26;#A9DE00;Baixo;0,32;#A9DE00;Baixo;;0,29000000000000004;Low
2202778;Colônia do Piauí/PI;0,26;#A9DE00;Baixo;0,31;#A9DE00;Baixo;;0,28500000000000003;Low
2702108;Colônia Leopoldina/AL;0,63;#FF8300;Alto;0,74;#FF8300;Alto;;0,685;High
1100064;Colorado do Oeste/RO;0,37;#A9DE00;Baixo;0,46;#FFCD00;Médio;;0,41500000000000004;Medium
4105904;Colorado/PR;0,38;#A9DE00;Baixo;0,2;#A9DE00;Baixo;;0,29000000000000004;Low
4305603;Colorado/RS;0,18;#02C650;Muito baixo;0,25;#A9DE00;Baixo;;0,215;Low
3116803;Coluna/MG;0,42;#FFCD00;Médio;0,45;#FFCD00;Médio;;0,435;Medium
1705557;Combinado/TO;0,36;#A9DE00;Baixo;0,37;#A9DE00;Baixo;;0,365;Low
3116902;Comendador Gomes/MG;0,28;#A9DE00;Baixo;0,34;#A9DE00;Baixo;;0,31000000000000005;Low
3300951;Comendador Levy Gasparian/RJ;0,64;#FF8300;Alto;0,7;#FF8300;Alto;;0,6699999999999999;High
3117009;Comercinho/MG;0,57;#FFCD00;Médio;0,75;#FF8300;Alto;;0,6599999999999999;High
5103304;Comodoro/MT;0,3;#A9DE00;Baixo;0,45;#FFCD00;Médio;;0,375;Low
3117108;Conceição da Aparecida/MG;0,55;#FFCD00;Médio;0,5;#FFCD00;Médio;;0,525;Medium
3115201;Conceição da Barra de Minas/MG;0,44;#FFCD00;Médio;0,5;#FFCD00;Médio;;0,47;Medium
3201605;Conceição da Barra/ES;0,78;#FF8300;Alto;0,74;#FF8300;Alto;;0,76;High
2908200;Conceição da Feira/BA;0,39;#A9DE00;Baixo;0,47;#FFCD00;Médio;;0,43;Medium
3117306;Conceição das Alagoas/MG;0,33;#A9DE00;Baixo;0,44;#FFCD00;Médio;;0,385;Low
3117207;Conceição das Pedras/MG;0,29;#A9DE00;Baixo;0,38;#A9DE00;Baixo;;0,33499999999999996;Low
3117405;Conceição de Ipanema/MG;0,61;#FF8300;Alto;0,63;#FF8300;Alto;;0,62;High
3301405;Conceição de Macabu/RJ;0,54;#FFCD00;Médio;0,62;#FF8300;Alto;;0,5800000000000001;Medium
2908309;Conceição do Almeida/BA;0,65;#FF8300;Alto;0,83;#F40000;Muito alto;;0,74;High
1502707;Conceição do Araguaia/PA;0,41;#FFCD00;Médio;0,6;#FF8300;Alto;;0,505;Medium
2202802;Conceição do Canindé/PI;0,41;#FFCD00;Médio;0,46;#FFCD00;Médio;;0,435;Medium
3201704;Conceição do Castelo/ES;0,74;#FF8300;Alto;0,7;#FF8300;Alto;;0,72;High
2908408;Conceição do Coité/BA;0,49;#FFCD00;Médio;0,51;#FFCD00;Médio;;0,5;Medium
2908507;Conceição do Jacuípe/BA;0,33;#A9DE00;Baixo;0,47;#FFCD00;Médio;;0,4;Medium
2103554;Conceição do Lago-Açu/MA;0,46;#FFCD00;Médio;0,52;#FFCD00;Médio;;0,49;Medium
3117504;Conceição do Mato Dentro/MG;0,44;#FFCD00;Médio;0,4;#FFCD00;Médio;;0,42000000000000004;Medium
3117603;Conceição do Pará/MG;0,53;#FFCD00;Médio;0,34;#A9DE00;Baixo;;0,43500000000000005;Medium
3117702;Conceição do Rio Verde/MG;0,62;#FF8300;Alto;0,79;#FF8300;Alto;;0,7050000000000001;High
3117801;Conceição dos Ouros/MG;0,58;#FFCD00;Médio;0,57;#FFCD00;Médio;;0,575;Medium
1705607;Conceição do Tocantins/TO;0,41;#FFCD00;Médio;0,46;#FFCD00;Médio;;0,435;Medium
2504405;Conceição/PB;0,69;#FF8300;Alto;0,84;#F40000;Muito alto;;0,7649999999999999;High
3512209;Conchal/SP;0,56;#FFCD00;Médio;0,67;#FF8300;Alto;;0,615;High
3512308;Conchas/SP;0,37;#A9DE00;Baixo;0,47;#FFCD00;Médio;;0,42;Medium
1502756;Concórdia do Pará/PA;0,53;#FFCD00;Médio;0,73;#FF8300;Alto;;0,63;High
4204301;Concórdia/SC;0,43;#FFCD00;Médio;0,17;#02C650;Muito baixo;;0,3;Low
2504504;Condado/PB;0,54;#FFCD00;Médio;0,66;#FF8300;Alto;;0,6000000000000001;High
2604601;Condado/PE;0,93;#F40000;Muito alto;0,94;#F40000;Muito alto;;0,935;Very high
2908606;Conde/BA;0,23;#A9DE00;Baixo;0,27;#A9DE00;Baixo;;0,25;Low
2504603;Conde/PB;0,29;#A9DE00;Baixo;0,43;#FFCD00;Médio;;0,36;Low
2908705;Condeúba/BA;0,4;#FFCD00;Médio;0,6;#FF8300;Alto;;0,5;Medium
4305702;Condor/RS;0,39;#A9DE00;Baixo;0,44;#FFCD00;Médio;;0,41500000000000004;Medium
3117836;Cônego Marinho/MG;0,1;#02C650;Muito baixo;0,13;#02C650;Muito baixo;;0,115;Very low
3117876;Confins/MG;0,43;#FFCD00;Médio;0,46;#FFCD00;Médio;;0,445;Medium
5103353;Confresa/MT;0,18;#02C650;Muito baixo;0,26;#A9DE00;Baixo;;0,22;Low
3117900;Congonhal/MG;0,28;#A9DE00;Baixo;0,34;#A9DE00;Baixo;;0,31000000000000005;Low
3118106;Congonhas do Norte/MG;0,22;#A9DE00;Baixo;0,33;#A9DE00;Baixo;;0,275;Low
3118007;Congonhas/MG;0,5;#FFCD00;Médio;0,6;#FF8300;Alto;;0,55;Medium
4106001;Congonhinhas/PR;0,28;#A9DE00;Baixo;0,34;#A9DE00;Baixo;;0,31000000000000005;Low
2504702;Congo/PB;0,39;#A9DE00;Baixo;0,5;#FFCD00;Médio;;0,445;Medium
5103361;Conquista D'Oeste/MT;0,27;#A9DE00;Baixo;0,35;#A9DE00;Baixo;;0,31;Low
3118205;Conquista/MG;0,46;#FFCD00;Médio;0,49;#FFCD00;Médio;;0,475;Medium
3118304;Conselheiro Lafaiete/MG;0,76;#FF8300;Alto;0,57;#FFCD00;Médio;;0,665;High
4106100;Conselheiro Mairinck/PR;0,39;#A9DE00;Baixo;0,45;#FFCD00;Médio;;0,42000000000000004;Medium
3118403;Conselheiro Pena/MG;0,7;#FF8300;Alto;0,74;#FF8300;Alto;;0,72;High
3118502;Consolação/MG;0,28;#A9DE00;Baixo;0,31;#A9DE00;Baixo;;0,29500000000000004;Low
4305801;Constantina/RS;0,37;#A9DE00;Baixo;0,39;#A9DE00;Baixo;;0,38;Low
3118601;Contagem/MG;0,58;#FFCD00;Médio;0,54;#FFCD00;Médio;;0,56;Medium
4106209;Contenda/PR;0,37;#A9DE00;Baixo;0,36;#A9DE00;Baixo;;0,365;Low
2908804;Contendas do Sincorá/BA;0,58;#FFCD00;Médio;0,53;#FFCD00;Médio;;0,5549999999999999;Medium
3118700;Coqueiral/MG;0,51;#FFCD00;Médio;0,55;#FFCD00;Médio;;0,53;Medium
4305835;Coqueiro Baixo/RS;0,11;#02C650;Muito baixo;0,12;#02C650;Muito baixo;;0,11499999999999999;Very low
4305850;Coqueiros do Sul/RS;0,13;#02C650;Muito baixo;0,18;#02C650;Muito baixo;;0,155;Very low
2702207;Coqueiro Seco/AL;0,59;#FFCD00;Médio;0,66;#FF8300;Alto;;0,625;High
3118809;Coração de Jesus/MG;0,48;#FFCD00;Médio;0,58;#FFCD00;Médio;;0,53;Medium
2908903;Coração de Maria/BA;0,34;#A9DE00;Baixo;0,47;#FFCD00;Médio;;0,405;Medium
4106308;Corbélia/PR;0,38;#A9DE00;Baixo;0,3;#A9DE00;Baixo;;0,33999999999999997;Low
3512407;Cordeirópolis/SP;0,3;#A9DE00;Baixo;0,11;#02C650;Muito baixo;;0,205;Low
3301504;Cordeiro/RJ;0,74;#FF8300;Alto;0,66;#FF8300;Alto;;0,7;High
2909000;Cordeiros/BA;0,26;#A9DE00;Baixo;0,43;#FFCD00;Médio;;0,345;Low
4204350;Cordilheira Alta/SC;0,0;#02C650;Muito baixo;0,04;#02C650;Muito baixo;;0,02;Very low
3118908;Cordisburgo/MG;0,3;#A9DE00;Baixo;0,44;#FFCD00;Médio;;0,37;Low
3119005;Cordislândia/MG;0,44;#FFCD00;Médio;0,56;#FFCD00;Médio;;0,5;Medium
2304004;Coreaú/CE;0,47;#FFCD00;Médio;0,61;#FF8300;Alto;;0,54;Medium
2504801;Coremas/PB;0,68;#FF8300;Alto;0,77;#FF8300;Alto;;0,7250000000000001;High
5003108;Corguinho/MS;0,04;#02C650;Muito baixo;0,1;#02C650;Muito baixo;;0,07;Very low
2909109;Coribe/BA;0,28;#A9DE00;Baixo;0,38;#A9DE00;Baixo;;0,33;Low
3119104;Corinto/MG;0,57;#FFCD00;Médio;0,69;#FF8300;Alto;;0,6299999999999999;High
4106407;Cornélio Procópio/PR;0,55;#FFCD00;Médio;0,52;#FFCD00;Médio;;0,535;Medium
3119203;Coroaci/MG;0,31;#A9DE00;Baixo;0,39;#A9DE00;Baixo;;0,35;Low
3512506;Coroados/SP;0,47;#FFCD00;Médio;0,63;#FF8300;Alto;;0,55;Medium
2103604;Coroatá/MA;0,84;#F40000;Muito alto;0,91;#F40000;Muito alto;;0,875;Very high
3119302;Coromandel/MG;0,57;#FFCD00;Médio;0,54;#FFCD00;Médio;;0,5549999999999999;Medium
4305871;Coronel Barros/RS;0,12;#02C650;Muito baixo;0,19;#02C650;Muito baixo;;0,155;Very low
4305900;Coronel Bicaco/RS;0,4;#FFCD00;Médio;0,55;#FFCD00;Médio;;0,47500000000000003;Medium
4106456;Coronel Domingos Soares/PR;0,41;#FFCD00;Médio;0,36;#A9DE00;Baixo;;0,385;Low
2402808;Coronel Ezequiel/RN;0,53;#FFCD00;Médio;0,6;#FF8300;Alto;;0,565;Medium
3119401;Coronel Fabriciano/MG;0,79;#FF8300;Alto;0,67;#FF8300;Alto;;0,73;High
4204400;Coronel Freitas/SC;0,2;#A9DE00;Baixo;0,22;#A9DE00;Baixo;;0,21000000000000002;Low
2402907;Coronel João Pessoa/RN;0,24;#A9DE00;Baixo;0,29;#A9DE00;Baixo;;0,265;Low
2909208;Coronel João Sá/BA;0,39;#A9DE00;Baixo;0,45;#FFCD00;Médio;;0,42000000000000004;Medium
2202851;Coronel José Dias/PI;0,32;#A9DE00;Baixo;0,37;#A9DE00;Baixo;;0,345;Low
3512605;Coronel Macedo/SP;0,55;#FFCD00;Médio;0,68;#FF8300;Alto;;0,615;High
4204459;Coronel Martins/SC;0,16;#02C650;Muito baixo;0,2;#A9DE00;Baixo;;0,18;Very low
3119500;Coronel Murta/MG;0,58;#FFCD00;Médio;0,62;#FF8300;Alto;;0,6;High
3119609;Coronel Pacheco/MG;0,49;#FFCD00;Médio;0,52;#FFCD00;Médio;;0,505;Medium
4305934;Coronel Pilar/RS;0,0;#02C650;Muito baixo;0,0;#02C650;Muito baixo;;0,0;Very low
5003157;Coronel Sapucaia/MS;0,51;#FFCD00;Médio;0,51;#FFCD00;Médio;;0,51;Medium
4106506;Coronel Vivida/PR;0,41;#FFCD00;Médio;0,34;#A9DE00;Baixo;;0,375;Low
3119708;Coronel Xavier Chaves/MG;0,19;#02C650;Muito baixo;0,22;#A9DE00;Baixo;;0,20500000000000002;Low
3119807;Córrego Danta/MG;0,42;#FFCD00;Médio;0,5;#FFCD00;Médio;;0,45999999999999996;Medium
3119906;Córrego do Bom Jesus/MG;0,66;#FF8300;Alto;0,65;#FF8300;Alto;;0,655;High
5205703;Córrego do Ouro/GO;0,37;#A9DE00;Baixo;0,43;#FFCD00;Médio;;0,4;Medium
3119955;Córrego Fundo/MG;0,31;#A9DE00;Baixo;0,36;#A9DE00;Baixo;;0,33499999999999996;Low
3120003;Córrego Novo/MG;0,37;#A9DE00;Baixo;0,47;#FFCD00;Médio;;0,42;Medium
4204558;Correia Pinto/SC;0,3;#A9DE00;Baixo;0,41;#FFCD00;Médio;;0,355;Low
2202901;Corrente/PI;0,46;#FFCD00;Médio;0,58;#FFCD00;Médio;;0,52;Medium
2604700;Correntes/PE;0,52;#FFCD00;Médio;0,58;#FFCD00;Médio;;0,55;Medium
2909307;Correntina/BA;0,26;#A9DE00;Baixo;0,42;#FFCD00;Médio;;0,33999999999999997;Low
2604809;Cortês/PE;0,64;#FF8300;Alto;0,65;#FF8300;Alto;;0,645;High
5205802;Corumbá de Goiás/GO;0,65;#FF8300;Alto;0,64;#FF8300;Alto;;0,645;High
5205901;Corumbaíba/GO;0,27;#A9DE00;Baixo;0,33;#A9DE00;Baixo;;0,30000000000000004;Low
5003207;Corumbá/MS;0,57;#FFCD00;Médio;0,62;#FF8300;Alto;;0,595;High
4106555;Corumbataí do Sul/PR;0,3;#A9DE00;Baixo;0,37;#A9DE00;Baixo;;0,33499999999999996;Low
3512704;Corumbataí/SP;0,13;#02C650;Muito baixo;0,25;#A9DE00;Baixo;;0,19;Very low
1100072;Corumbiara/RO;0,28;#A9DE00;Baixo;0,35;#A9DE00;Baixo;;0,315;Low
4204509;Corupá/SC;0,11;#02C650;Muito baixo;0,16;#02C650;Muito baixo;;0,135;Very low
2702306;Coruripe/AL;0,61;#FF8300;Alto;0,66;#FF8300;Alto;;0,635;High
3512803;Cosmópolis/SP;0,67;#FF8300;Alto;0,65;#FF8300;Alto;;0,66;High
3512902;Cosmorama/SP;0,26;#A9DE00;Baixo;0,4;#FFCD00;Médio;;0,33;Low
1100080;Costa Marques/RO;0,38;#A9DE00;Baixo;0,5;#FFCD00;Médio;;0,44;Medium
5003256;Costa Rica/MS;0,24;#A9DE00;Baixo;0,36;#A9DE00;Baixo;;0,3;Low
2909406;Cotegipe/BA;0,29;#A9DE00;Baixo;0,34;#A9DE00;Baixo;;0,315;Low
3513009;Cotia/SP;0,7;#FF8300;Alto;0,65;#FF8300;Alto;;0,675;High
4305959;Cotiporã/RS;0,18;#02C650;Muito baixo;0,15;#02C650;Muito baixo;;0,16499999999999998;Very low
5103379;Cotriguaçu/MT;0,26;#A9DE00;Baixo;0,32;#A9DE00;Baixo;;0,29000000000000004;Low
3120102;Couto de Magalhães de Minas/MG;0,31;#A9DE00;Baixo;0,39;#A9DE00;Baixo;;0,35;Low
1706001;Couto Magalhães/TO;0,2;#A9DE00;Baixo;0,38;#A9DE00;Baixo;;0,29000000000000004;Low
4305975;Coxilha/RS;0,22;#A9DE00;Baixo;0,33;#A9DE00;Baixo;;0,275;Low
5003306;Coxim/MS;0,55;#FFCD00;Médio;0,63;#FF8300;Alto;;0,5900000000000001;High
2504850;Coxixola/PB;0,31;#A9DE00;Baixo;0,36;#A9DE00;Baixo;;0,33499999999999996;Low
2702355;Craíbas/AL;0,24;#A9DE00;Baixo;0,29;#A9DE00;Baixo;;0,265;Low
2304103;Crateús/CE;0,6;#FF8300;Alto;0,76;#FF8300;Alto;;0,6799999999999999;High
2304202;Crato/CE;0,48;#FFCD00;Médio;0,51;#FFCD00;Médio;;0,495;Medium
3513108;Cravinhos/SP;0,82;#F40000;Muito alto;0,77;#FF8300;Alto;;0,7949999999999999;Very high
2909505;Cravolândia/BA;0,5;#FFCD00;Médio;0,54;#FFCD00;Médio;;0,52;Medium
4204608;Criciúma/SC;0,0;#02C650;Muito baixo;0,0;#02C650;Muito baixo;;0,0;Very low
3120151;Crisólita/MG;0,45;#FFCD00;Médio;0,5;#FFCD00;Médio;;0,475;Medium
2909604;Crisópolis/BA;0,48;#FFCD00;Médio;0,59;#FFCD00;Médio;;0,5349999999999999;Medium
4306007;Crissiumal/RS;0,32;#A9DE00;Baixo;0,36;#A9DE00;Baixo;;0,33999999999999997;Low
3120201;Cristais/MG;0,69;#FF8300;Alto;0,72;#FF8300;Alto;;0,705;High
3513207;Cristais Paulista/SP;0,2;#A9DE00;Baixo;0,12;#02C650;Muito baixo;;0,16;Very low
2203008;Cristalândia do Piauí/PI;0,41;#FFCD00;Médio;0,48;#FFCD00;Médio;;0,44499999999999995;Medium
1706100;Cristalândia/TO;0,57;#FFCD00;Médio;0,61;#FF8300;Alto;;0,59;Medium
4306072;Cristal do Sul/RS;0,17;#02C650;Muito baixo;0,23;#A9DE00;Baixo;;0,2;Low
3120300;Cristália/MG;0,34;#A9DE00;Baixo;0,47;#FFCD00;Médio;;0,405;Medium
5206206;Cristalina/GO;0,63;#FF8300;Alto;0,55;#FFCD00;Médio;;0,5900000000000001;High
4306056;Cristal/RS;0,4;#FFCD00;Médio;0,52;#FFCD00;Médio;;0,46;Medium
3120409;Cristiano Otoni/MG;0,48;#FFCD00;Médio;0,52;#FFCD00;Médio;;0,5;Medium
5206305;Cristianópolis/GO;0,29;#A9DE00;Baixo;0,35;#A9DE00;Baixo;;0,31999999999999995;Low
3120508;Cristina/MG;0,57;#FFCD00;Médio;0,45;#FFCD00;Médio;;0,51;Medium
2801702;Cristinápolis/SE;0,46;#FFCD00;Médio;0,51;#FFCD00;Médio;;0,485;Medium
2203107;Cristino Castro/PI;0,44;#FFCD00;Médio;0,5;#FFCD00;Médio;;0,47;Medium
2909703;Cristópolis/BA;0,15;#02C650;Muito baixo;0,22;#A9DE00;Baixo;;0,185;Very low
1706258;Crixás do Tocantins/TO;0,23;#A9DE00;Baixo;0,28;#A9DE00;Baixo;;0,255;Low
5206404;Crixás/GO;0,58;#FFCD00;Médio;0,66;#FF8300;Alto;;0,62;High
2304236;Croatá/CE;0,31;#A9DE00;Baixo;0,36;#A9DE00;Baixo;;0,33499999999999996;Low
5206503;Cromínia/GO;0,31;#A9DE00;Baixo;0,37;#A9DE00;Baixo;;0,33999999999999997;Low
3120607;Crucilândia/MG;0,3;#A9DE00;Baixo;0,36;#A9DE00;Baixo;;0,32999999999999996;Low
3513306;Cruzália/SP;0,29;#A9DE00;Baixo;0,35;#A9DE00;Baixo;;0,31999999999999995;Low
4306106;Cruz Alta/RS;0,4;#FFCD00;Médio;0,55;#FFCD00;Médio;;0,47500000000000003;Medium
4306130;Cruzaltense/RS;0,23;#A9DE00;Baixo;0,27;#A9DE00;Baixo;;0,25;Low
2304251;Cruz/CE;0,09;#02C650;Muito baixo;0,17;#02C650;Muito baixo;;0,13;Very low
2909802;Cruz das Almas/BA;0,58;#FFCD00;Médio;0,53;#FFCD00;Médio;;0,5549999999999999;Medium
2504900;Cruz do Espírito Santo/PB;0,32;#A9DE00;Baixo;0,38;#A9DE00;Baixo;;0,35;Low
3120706;Cruzeiro da Fortaleza/MG;0,36;#A9DE00;Baixo;0,43;#FFCD00;Médio;;0,395;Medium
4106571;Cruzeiro do Iguaçu/PR;0,07;#02C650;Muito baixo;0,13;#02C650;Muito baixo;;0,1;Very low
4106605;Cruzeiro do Oeste/PR;0,21;#A9DE00;Baixo;0,27;#A9DE00;Baixo;;0,24;Low
1200203;Cruzeiro do Sul/AC;0,39;#A9DE00;Baixo;0,56;#FFCD00;Médio;;0,47500000000000003;Medium
4106704;Cruzeiro do Sul/PR;0,42;#FFCD00;Médio;0,44;#FFCD00;Médio;;0,43;Medium
4306205;Cruzeiro do Sul/RS;0,56;#FFCD00;Médio;0,63;#FF8300;Alto;;0,595;High
3513405;Cruzeiro/SP;0,79;#FF8300;Alto;0,82;#F40000;Muito alto;;0,8049999999999999;Very high
2403004;Cruzeta/RN;0,61;#FF8300;Alto;0,78;#FF8300;Alto;;0,6950000000000001;High
3120805;Cruzília/MG;0,72;#FF8300;Alto;0,77;#FF8300;Alto;;0,745;High
4106803;Cruz Machado/PR;0,36;#A9DE00;Baixo;0,39;#A9DE00;Baixo;;0,375;Low
4106852;Cruzmaltina/PR;0,25;#A9DE00;Baixo;0,31;#A9DE00;Baixo;;0,28;Low
3513504;Cubatão/SP;0,63;#FF8300;Alto;0,59;#FFCD00;Médio;;0,61;High
2505006;Cubati/PB;0,52;#FFCD00;Médio;0,58;#FFCD00;Médio;;0,55;Medium
5103403;Cuiabá/MT;0,16;#02C650;Muito baixo;0,11;#02C650;Muito baixo;2000000,0;0,135;Very low
2505238;Cuité de Mamanguape/PB;0,48;#FFCD00;Médio;0,54;#FFCD00;Médio;;0,51;Medium
2505204;Cuitegi/PB;0,57;#FFCD00;Médio;0,62;#FF8300;Alto;;0,595;High
2505105;Cuité/PB;0,71;#FF8300;Alto;0,78;#FF8300;Alto;;0,745;High
1100940;Cujubim/RO;0,4;#FFCD00;Médio;0,63;#FF8300;Alto;;0,515;Medium
5206602;Cumari/GO;0,26;#A9DE00;Baixo;0,32;#A9DE00;Baixo;;0,29000000000000004;Low
1502764;Cumaru do Norte/PA;0,28;#A9DE00;Baixo;0,34;#A9DE00;Baixo;;0,31000000000000005;Low
2604908;Cumaru/PE;0,38;#A9DE00;Baixo;0,43;#FFCD00;Médio;;0,405;Medium
2801900;Cumbe/SE;0,37;#A9DE00;Baixo;0,44;#FFCD00;Médio;;0,405;Medium
4204707;Cunha Porã/SC;0,35;#A9DE00;Baixo;0,32;#A9DE00;Baixo;;0,33499999999999996;Low
3513603;Cunha/SP;0,55;#FFCD00;Médio;0,54;#FFCD00;Médio;;0,545;Medium
4204756;Cunhataí/SC;0,09;#02C650;Muito baixo;0,13;#02C650;Muito baixo;;0,11;Very low
3120839;Cuparaque/MG;0,42;#FFCD00;Médio;0,54;#FFCD00;Médio;;0,48;Medium
2605004;Cupira/PE;0,63;#FF8300;Alto;0,81;#F40000;Muito alto;;0,72;High
2909901;Curaçá/BA;0,49;#FFCD00;Médio;0,47;#FFCD00;Médio;;0,48;Medium
2203206;Curimatá/PI;0,36;#A9DE00;Baixo;0,41;#FFCD00;Médio;;0,385;Low
1502772;Curionópolis/PA;0,35;#A9DE00;Baixo;0,51;#FFCD00;Médio;;0,43;Medium
4204806;Curitibanos/SC;0,46;#FFCD00;Médio;0,56;#FFCD00;Médio;;0,51;Medium
4106902;Curitiba/PR;0,0;#02C650;Muito baixo;0,0;#02C650;Muito baixo;;0,0;Very low
4107009;Curiúva/PR;0,64;#FF8300;Alto;0,66;#FF8300;Alto;500000,0;0,65;High
2403103;Currais Novos/RN;0,8;#F40000;Muito alto;0,94;#F40000;Muito alto;;0,87;Very high
2203230;Currais/PI;0,15;#02C650;Muito baixo;0,2;#A9DE00;Baixo;;0,175;Very low
2505279;Curral de Cima/PB;0,1;#02C650;Muito baixo;0,16;#02C650;Muito baixo;;0,13;Very low
3120870;Curral de Dentro/MG;0,38;#A9DE00;Baixo;0,53;#FFCD00;Médio;;0,455;Medium
1502806;Curralinho/PA;0,8;#F40000;Muito alto;1,0;#F40000;Muito alto;;0,9;Very high
2203255;Curralinhos/PI;0,25;#A9DE00;Baixo;0,3;#A9DE00;Baixo;;0,275;Low
2203271;Curral Novo do Piauí/PI;0,26;#A9DE00;Baixo;0,33;#A9DE00;Baixo;;0,29500000000000004;Low
2505303;Curral Velho/PB;0,5;#FFCD00;Médio;0,55;#FFCD00;Médio;;0,525;Medium
1502855;Curuá/PA;0,45;#FFCD00;Médio;0,55;#FFCD00;Médio;;0,5;Medium
1502905;Curuçá/PA;0,27;#A9DE00;Baixo;0,47;#FFCD00;Médio;;0,37;Low
2103703;Cururupu/MA;0,7;#FF8300;Alto;0,79;#FF8300;Alto;;0,745;High
5103437;Curvelândia/MT;0,33;#A9DE00;Baixo;0,39;#A9DE00;Baixo;;0,36;Low
3120904;Curvelo/MG;0,51;#FFCD00;Médio;0,66;#FF8300;Alto;;0,585;Medium
2605103;Custódia/PE;0,49;#FFCD00;Médio;0,57;#FFCD00;Médio;;0,53;Medium
1600212;Cutias/AP;0,47;#FFCD00;Médio;0,55;#FFCD00;Médio;;0,51;Medium
5206701;Damianópolis/GO;0,21;#A9DE00;Baixo;0,28;#A9DE00;Baixo;;0,245;Low
2505352;Damião/PB;0,38;#A9DE00;Baixo;0,44;#FFCD00;Médio;;0,41000000000000003;Medium
5206800;Damolândia/GO;0,42;#FFCD00;Médio;0,48;#FFCD00;Médio;;0,44999999999999996;Medium
1706506;Darcinópolis/TO;0,36;#A9DE00;Baixo;0,45;#FFCD00;Médio;;0,405;Medium
2910008;Dário Meira/BA;0,68;#FF8300;Alto;0,78;#FF8300;Alto;;0,73;High
3121001;Datas/MG;0,31;#A9DE00;Baixo;0,43;#FFCD00;Médio;;0,37;Low
4306304;David Canabarro/RS;0,28;#A9DE00;Baixo;0,35;#A9DE00;Baixo;;0,315;Low
5206909;Davinópolis/GO;0,36;#A9DE00;Baixo;0,44;#FFCD00;Médio;;0,4;Medium
2103752;Davinópolis/MA;0,41;#FFCD00;Médio;0,6;#FF8300;Alto;;0,505;Medium
3121100;Delfim Moreira/MG;0,62;#FF8300;Alto;0,5;#FFCD00;Médio;;0,56;Medium
3121209;Delfinópolis/MG;0,38;#A9DE00;Baixo;0,5;#FFCD00;Médio;;0,44;Medium
2702405;Delmiro Gouveia/AL;0,8;#F40000;Muito alto;0,77;#FF8300;Alto;;0,785;High
3121258;Delta/MG;0,46;#FFCD00;Médio;0,53;#FFCD00;Médio;;0,495;Medium
2203305;Demerval Lobão/PI;0,41;#FFCD00;Médio;0,57;#FFCD00;Médio;;0,49;Medium
5103452;Denise/MT;0,45;#FFCD00;Médio;0,6;#FF8300;Alto;;0,525;Medium
5003454;Deodápolis/MS;0,3;#A9DE00;Baixo;0,41;#FFCD00;Médio;;0,355;Low
2304269;Deputado Irapuan Pinheiro/CE;0,59;#FFCD00;Médio;0,66;#FF8300;Alto;;0,625;High
4306320;Derrubadas/RS;0,17;#02C650;Muito baixo;0,22;#A9DE00;Baixo;;0,195;Low
3513702;Descalvado/SP;0,59;#FFCD00;Médio;0,61;#FF8300;Alto;;0,6;High
4204905;Descanso/SC;0,38;#A9DE00;Baixo;0,35;#A9DE00;Baixo;;0,365;Low
3121308;Descoberto/MG;0,7;#FF8300;Alto;0,71;#FF8300;Alto;;0,705;High
3121407;Desterro de Entre Rios/MG;0,32;#A9DE00;Baixo;0,34;#A9DE00;Baixo;;0,33;Low
3121506;Desterro do Melo/MG;0,39;#A9DE00;Baixo;0,46;#FFCD00;Médio;;0,42500000000000004;Medium
2505402;Desterro/PB;0,49;#FFCD00;Médio;0,54;#FFCD00;Médio;;0,515;Medium
4306353;Dezesseis de Novembro/RS;0,21;#A9DE00;Baixo;0,3;#A9DE00;Baixo;;0,255;Low
3513801;Diadema/SP;0,3;#A9DE00;Baixo;0,2;#A9DE00;Baixo;;0,25;Low
4107157;Diamante D'Oeste/PR;0,37;#A9DE00;Baixo;0,37;#A9DE00;Baixo;;0,37;Low
4107108;Diamante do Norte/PR;0,42;#FFCD00;Médio;0,49;#FFCD00;Médio;;0,45499999999999996;Medium
4107124;Diamante do Sul/PR;0,27;#A9DE00;Baixo;0,34;#A9DE00;Baixo;;0,30500000000000005;Low
2505600;Diamante/PB;0,57;#FFCD00;Médio;0,7;#FF8300;Alto;;0,635;High
3121605;Diamantina/MG;0,65;#FF8300;Alto;0,6;#FF8300;Alto;;0,625;High
5103502;Diamantino/MT;0,4;#FFCD00;Médio;0,39;#A9DE00;Baixo;;0,395;Medium
1707009;Dianópolis/TO;0,43;#FFCD00;Médio;0,53;#FFCD00;Médio;;0,48;Medium
2910057;Dias d'Ávila/BA;0,88;#F40000;Muito alto;0,79;#FF8300;Alto;;0,835;Very high
4306379;Dilermando de Aguiar/RS;0,17;#02C650;Muito baixo;0,22;#A9DE00;Baixo;;0,195;Low
3121704;Diogo de Vasconcelos/MG;0,28;#A9DE00;Baixo;0,32;#A9DE00;Baixo;;0,30000000000000004;Low
4205001;Dionísio Cerqueira/SC;0,43;#FFCD00;Médio;0,44;#FFCD00;Médio;;0,435;Medium
3121803;Dionísio/MG;0,4;#FFCD00;Médio;0,46;#FFCD00;Médio;;0,43000000000000005;Medium
5207105;Diorama/GO;0,33;#A9DE00;Baixo;0,39;#A9DE00;Baixo;;0,36;Low
3513850;Dirce Reis/SP;0,25;#A9DE00;Baixo;0,32;#A9DE00;Baixo;;0,28500000000000003;Low
2203354;Dirceu Arcoverde/PI;0,35;#A9DE00;Baixo;0,43;#FFCD00;Médio;;0,39;Low
2802007;Divina Pastora/SE;0,3;#A9DE00;Baixo;0,37;#A9DE00;Baixo;;0,33499999999999996;Low
3121902;Divinésia/MG;0,18;#02C650;Muito baixo;0,25;#A9DE00;Baixo;;0,215;Low
3122108;Divino das Laranjeiras/MG;0,42;#FFCD00;Médio;0,51;#FFCD00;Médio;;0,46499999999999997;Medium
3201803;Divino de São Lourenço/ES;0,29;#A9DE00;Baixo;0,44;#FFCD00;Médio;;0,365;Low
3122207;Divinolândia de Minas/MG;0,46;#FFCD00;Médio;0,45;#FFCD00;Médio;;0,455;Medium
3513900;Divinolândia/SP;0,54;#FFCD00;Médio;0,46;#FFCD00;Médio;;0,5;Medium
3122009;Divino/MG;0,51;#FFCD00;Médio;0,55;#FFCD00;Médio;;0,53;Medium
5208301;Divinópolis de Goiás/GO;0,36;#A9DE00;Baixo;0,41;#FFCD00;Médio;;0,385;Low
1707108;Divinópolis do Tocantins/TO;0,36;#A9DE00;Baixo;0,44;#FFCD00;Médio;;0,4;Medium
3122306;Divinópolis/MG;0,51;#FFCD00;Médio;0,58;#FFCD00;Médio;;0,5449999999999999;Medium
3122355;Divisa Alegre/MG;0,38;#A9DE00;Baixo;0,48;#FFCD00;Médio;;0,43;Medium
3122405;Divisa Nova/MG;0,55;#FFCD00;Médio;0,62;#FF8300;Alto;;0,585;Medium
3122454;Divisópolis/MG;0,42;#FFCD00;Médio;0,53;#FFCD00;Médio;;0,475;Medium
3514007;Dobrada/SP;0,38;#A9DE00;Baixo;0,48;#FFCD00;Médio;;0,43;Medium
3514106;Dois Córregos/SP;0,36;#A9DE00;Baixo;0,51;#FFCD00;Médio;;0,435;Medium
4306429;Dois Irmãos das Missões/RS;0,18;#02C650;Muito baixo;0,25;#A9DE00;Baixo;;0,215;Low
5003488;Dois Irmãos do Buriti/MS;0,22;#A9DE00;Baixo;0,27;#A9DE00;Baixo;;0,245;Low
1707207;Dois Irmãos do Tocantins/TO;0,39;#A9DE00;Baixo;0,49;#FFCD00;Médio;;0,44;Medium
4306403;Dois Irmãos/RS;0,16;#02C650;Muito baixo;0,46;#FFCD00;Médio;;0,31;Low
4306452;Dois Lajeados/RS;0,16;#02C650;Muito baixo;0,21;#A9DE00;Baixo;;0,185;Very low
2702504;Dois Riachos/AL;0,4;#FFCD00;Médio;0,43;#FFCD00;Médio;;0,41500000000000004;Medium
4107207;Dois Vizinhos/PR;0,18;#02C650;Muito baixo;0,32;#A9DE00;Baixo;;0,25;Low
3514205;Dolcinópolis/SP;0,25;#A9DE00;Baixo;0,36;#A9DE00;Baixo;;0,305;Low
5103601;Dom Aquino/MT;0,48;#FFCD00;Médio;0,58;#FFCD00;Médio;;0,53;Medium
2910107;Dom Basílio/BA;0,25;#A9DE00;Baixo;0,33;#A9DE00;Baixo;;0,29000000000000004;Low
3122470;Dom Bosco/MG;0,24;#A9DE00;Baixo;0,3;#A9DE00;Baixo;;0,27;Low
3122504;Dom Cavati/MG;0,63;#FF8300;Alto;0,6;#FF8300;Alto;;0,615;High
1502939;Dom Eliseu/PA;0,58;#FFCD00;Médio;0,78;#FF8300;Alto;;0,6799999999999999;High
2203404;Dom Expedito Lopes/PI;0,24;#A9DE00;Baixo;0,32;#A9DE00;Baixo;;0,28;Low
4306502;Dom Feliciano/RS;0,33;#A9DE00;Baixo;0,45;#FFCD00;Médio;;0,39;Low
3201902;Domingos Martins/ES;0,47;#FFCD00;Médio;0,46;#FFCD00;Médio;;0,46499999999999997;Medium
2203420;Domingos Mourão/PI;0,45;#FFCD00;Médio;0,46;#FFCD00;Médio;;0,455;Medium
2203453;Dom Inocêncio/PI;0,33;#A9DE00;Baixo;0,38;#A9DE00;Baixo;;0,355;Low
3122603;Dom Joaquim/MG;0,34;#A9DE00;Baixo;0,42;#FFCD00;Médio;;0,38;Low
2910206;Dom Macedo Costa/BA;0,5;#FFCD00;Médio;0,55;#FFCD00;Médio;;0,525;Medium
4306601;Dom Pedrito/RS;0,59;#FFCD00;Médio;0,76;#FF8300;Alto;;0,675;High
4306551;Dom Pedro de Alcântara/RS;0,05;#02C650;Muito baixo;0,05;#02C650;Muito baixo;;0,05;Very low
2103802;Dom Pedro/MA;0,65;#FF8300;Alto;0,74;#FF8300;Alto;;0,6950000000000001;High
3122702;Dom Silvério/MG;0,34;#A9DE00;Baixo;0,43;#FFCD00;Médio;;0,385;Low
3122801;Dom Viçoso/MG;0,09;#02C650;Muito baixo;0,13;#02C650;Muito baixo;;0,11;Very low
4205100;Dona Emma/SC;0,15;#02C650;Muito baixo;0,17;#02C650;Muito baixo;;0,16;Very low
3122900;Dona Euzébia/MG;0,62;#FF8300;Alto;0,54;#FFCD00;Médio;;0,5800000000000001;Medium
4306700;Dona Francisca/RS;0,23;#A9DE00;Baixo;0,32;#A9DE00;Baixo;;0,275;Low
2505709;Dona Inês/PB;0,46;#FFCD00;Médio;0,56;#FFCD00;Médio;;0,51;Medium
3123007;Dores de Campos/MG;0,58;#FFCD00;Médio;0,69;#FF8300;Alto;;0,635;High
3123106;Dores de Guanhães/MG;0,24;#A9DE00;Baixo;0,3;#A9DE00;Baixo;;0,27;Low
3123205;Dores do Indaiá/MG;0,51;#FFCD00;Médio;0,51;#FFCD00;Médio;;0,51;Medium
3202009;Dores do Rio Preto/ES;0,34;#A9DE00;Baixo;0,41;#FFCD00;Médio;;0,375;Low
3123304;Dores do Turvo/MG;0,35;#A9DE00;Baixo;0,41;#FFCD00;Médio;;0,38;Low
3123403;Doresópolis/MG;0,46;#FFCD00;Médio;0,51;#FFCD00;Médio;;0,485;Medium
2605152;Dormentes/PE;0,27;#A9DE00;Baixo;0,33;#A9DE00;Baixo;;0,30000000000000004;Low
5003504;Douradina/MS;0,32;#A9DE00;Baixo;0,38;#A9DE00;Baixo;;0,35;Low
4107256;Douradina/PR;0,29;#A9DE00;Baixo;0,33;#A9DE00;Baixo;;0,31;Low
3123502;Douradoquara/MG;0,27;#A9DE00;Baixo;0,33;#A9DE00;Baixo;;0,30000000000000004;Low
5003702;Dourados/MS;0,27;#A9DE00;Baixo;0,29;#A9DE00;Baixo;;0,28;Low
3514304;Dourado/SP;0,35;#A9DE00;Baixo;0,54;#FFCD00;Médio;;0,445;Medium
4107306;Doutor Camargo/PR;0,31;#A9DE00;Baixo;0,37;#A9DE00;Baixo;;0,33999999999999997;Low
4306734;Doutor Maurício Cardoso/RS;0,14;#02C650;Muito baixo;0,32;#A9DE00;Baixo;;0,23;Low
4205159;Doutor Pedrinho/SC;0,07;#02C650;Muito baixo;0,15;#02C650;Muito baixo;;0,11;Very low
4306759;Doutor Ricardo/RS;0,03;#02C650;Muito baixo;0,04;#02C650;Muito baixo;;0,035;Very low
2403202;Doutor Severiano/RN;0,22;#A9DE00;Baixo;0,27;#A9DE00;Baixo;;0,245;Low
4128633;Doutor Ulysses/PR;0,16;#02C650;Muito baixo;0,18;#02C650;Muito baixo;;0,16999999999999998;Very low
5207253;Doverlândia/GO;0,42;#FFCD00;Médio;0,48;#FFCD00;Médio;;0,44999999999999996;Medium
3514403;Dracena/SP;0,34;#A9DE00;Baixo;0,49;#FFCD00;Médio;;0,41500000000000004;Medium
3514502;Duartina/SP;0,38;#A9DE00;Baixo;0,49;#FFCD00;Médio;;0,435;Medium
3301603;Duas Barras/RJ;0,69;#FF8300;Alto;0,8;#F40000;Muito alto;;0,745;High
2505808;Duas Estradas/PB;0,58;#FFCD00;Médio;0,63;#FF8300;Alto;;0,605;High
1707306;Dueré/TO;0,36;#A9DE00;Baixo;0,52;#FFCD00;Médio;;0,44;Medium
3514601;Dumont/SP;0,54;#FFCD00;Médio;0,61;#FF8300;Alto;;0,575;Medium
2103901;Duque Bacelar/MA;0,59;#FFCD00;Médio;0,73;#FF8300;Alto;;0,6599999999999999;High
3301702;Duque de Caxias/RJ;0,7;#FF8300;Alto;0,65;#FF8300;Alto;;0,675;High
3123528;Durandé/MG;0,45;#FFCD00;Médio;0,5;#FFCD00;Médio;;0,475;Medium
3514700;Echaporã/SP;0,39;#A9DE00;Baixo;0,43;#FFCD00;Médio;;0,41000000000000003;Medium
3202108;Ecoporanga/ES;0,57;#FFCD00;Médio;0,54;#FFCD00;Médio;;0,5549999999999999;Medium
5207352;Edealina/GO;0,32;#A9DE00;Baixo;0,42;#FFCD00;Médio;;0,37;Low
5207402;Edéia/GO;0,34;#A9DE00;Baixo;0,4;#FFCD00;Médio;;0,37;Low
1301407;Eirunepé/AM;0,71;#FF8300;Alto;0,85;#F40000;Muito alto;;0,78;High
1502954;Eldorado do Carajás/PA;0,46;#FFCD00;Médio;0,69;#FF8300;Alto;;0,575;Medium
4306767;Eldorado do Sul/RS;0,6;#FF8300;Alto;0,75;#FF8300;Alto;;0,675;High
5003751;Eldorado/MS;0,34;#A9DE00;Baixo;0,4;#FFCD00;Médio;;0,37;Low
3514809;Eldorado/SP;0,7;#FF8300;Alto;0,67;#FF8300;Alto;;0,685;High
2203503;Elesbão Veloso/PI;0,46;#FFCD00;Médio;0,52;#FFCD00;Médio;;0,49;Medium
3514908;Elias Fausto/SP;0,5;#FFCD00;Médio;0,46;#FFCD00;Médio;;0,48;Medium
2203602;Eliseu Martins/PI;0,41;#FFCD00;Médio;0,48;#FFCD00;Médio;;0,44499999999999995;Medium
3514924;Elisiário/SP;0,29;#A9DE00;Baixo;0,46;#FFCD00;Médio;;0,375;Low
2910305;Elísio Medrado/BA;0,53;#FFCD00;Médio;0,59;#FFCD00;Médio;;0,56;Medium
3123601;Elói Mendes/MG;0,71;#FF8300;Alto;0,77;#FF8300;Alto;;0,74;High
2505907;Emas/PB;0,53;#FFCD00;Médio;0,57;#FFCD00;Médio;;0,55;Medium
3514957;Embaúba/SP;0,34;#A9DE00;Baixo;0,4;#FFCD00;Médio;;0,37;Low
3515004;Embu das Artes/SP;0,77;#FF8300;Alto;0,58;#FFCD00;Médio;;0,675;High
3515103;Embu-Guaçu/SP;0,58;#FFCD00;Médio;0,61;#FF8300;Alto;;0,595;High
3515129;Emilianópolis/SP;0,44;#FFCD00;Médio;0,53;#FFCD00;Médio;;0,485;Medium
4306809;Encantado/RS;0,46;#FFCD00;Médio;0,09;#02C650;Muito baixo;;0,275;Low
2403301;Encanto/RN;0,34;#A9DE00;Baixo;0,36;#A9DE00;Baixo;;0,35;Low
2910404;Encruzilhada/BA;0,65;#FF8300;Alto;0,65;#FF8300;Alto;;0,65;High
4306908;Encruzilhada do Sul/RS;0,45;#FFCD00;Médio;0,59;#FFCD00;Médio;;0,52;Medium
4107405;Enéas Marques/PR;0,24;#A9DE00;Baixo;0,22;#A9DE00;Baixo;;0,22999999999999998;Low
4107504;Engenheiro Beltrão/PR;0,49;#FFCD00;Médio;0,48;#FFCD00;Médio;;0,485;Medium
3123700;Engenheiro Caldas/MG;0,45;#FFCD00;Médio;0,61;#FF8300;Alto;;0,53;Medium
3515152;Engenheiro Coelho/SP;0,3;#A9DE00;Baixo;0,4;#FFCD00;Médio;;0,35;Low
3123809;Engenheiro Navarro/MG;0,42;#FFCD00;Médio;0,54;#FFCD00;Médio;;0,48;Medium
3301801;Engenheiro Paulo de Frontin/RJ;0,32;#A9DE00;Baixo;0,38;#A9DE00;Baixo;;0,35;Low
4306924;Engenho Velho/RS;0,17;#02C650;Muito baixo;0,21;#A9DE00;Baixo;;0,19;Very low
3123858;Entre Folhas/MG;0,4;#FFCD00;Médio;0,49;#FFCD00;Médio;;0,445;Medium
4306932;Entre-Ijuís/RS;0,54;#FFCD00;Médio;0,6;#FF8300;Alto;;0,5700000000000001;Medium
2910503;Entre Rios/BA;0,41;#FFCD00;Médio;0,53;#FFCD00;Médio;;0,47;Medium
3123908;Entre Rios de Minas/MG;0,35;#A9DE00;Baixo;0,42;#FFCD00;Médio;;0,385;Low
4107538;Entre Rios do Oeste/PR;0,17;#02C650;Muito baixo;0,28;#A9DE00;Baixo;;0,22500000000000003;Low
4306957;Entre Rios do Sul/RS;0,3;#A9DE00;Baixo;0,34;#A9DE00;Baixo;;0,32;Low
4205175;Entre Rios/SC;0,13;#02C650;Muito baixo;0,17;#02C650;Muito baixo;;0,15000000000000002;Very low
1301506;Envira/AM;0,6;#FF8300;Alto;0,71;#FF8300;Alto;;0,655;High
1200252;Epitaciolândia/AC;0,52;#FFCD00;Médio;0,69;#FF8300;Alto;;0,605;High
2403400;Equador/RN;0,6;#FF8300;Alto;0,65;#FF8300;Alto;;0,625;High
4306973;Erebango/RS;0,28;#A9DE00;Baixo;0,36;#A9DE00;Baixo;;0,32;Low
4307005;Erechim/RS;0,47;#FFCD00;Médio;0,53;#FFCD00;Médio;;0,5;Medium
2304277;Ereré/CE;0,66;#FF8300;Alto;0,77;#FF8300;Alto;;0,7150000000000001;High
2900504;Érico Cardoso/BA;0,17;#02C650;Muito baixo;0,21;#A9DE00;Baixo;;0,19;Very low
4205191;Ermo/SC;0,08;#02C650;Muito baixo;0,13;#02C650;Muito baixo;;0,10500000000000001;Very low
4307054;Ernestina/RS;0,2;#A9DE00;Baixo;0,29;#A9DE00;Baixo;;0,245;Low
4307203;Erval Grande/RS;0,36;#A9DE00;Baixo;0,34;#A9DE00;Baixo;;0,35;Low
3124005;Ervália/MG;0,43;#FFCD00;Médio;0,45;#FFCD00;Médio;;0,44;Medium
4307302;Erval Seco/RS;0,53;#FFCD00;Médio;0,48;#FFCD00;Médio;;0,505;Medium
4205209;Erval Velho/SC;0,2;#A9DE00;Baixo;0,21;#A9DE00;Baixo;;0,20500000000000002;Low
2605202;Escada/PE;0,94;#F40000;Muito alto;0,94;#F40000;Muito alto;;0,94;Very high
4307401;Esmeralda/RS;0,24;#A9DE00;Baixo;0,34;#A9DE00;Baixo;;0,29000000000000004;Low
3124104;Esmeraldas/MG;0,61;#FF8300;Alto;0,56;#FFCD00;Médio;;0,585;Medium
3124203;Espera Feliz/MG;0,86;#F40000;Muito alto;0,79;#FF8300;Alto;;0,825;Very high
4307450;Esperança do Sul/RS;0,12;#02C650;Muito baixo;0,17;#02C650;Muito baixo;;0,14500000000000002;Very low
4107520;Esperança Nova/PR;0,16;#02C650;Muito baixo;0,25;#A9DE00;Baixo;;0,20500000000000002;Low
2506004;Esperança/PB;0,74;#FF8300;Alto;0,93;#F40000;Muito alto;;0,835;Very high
2203701;Esperantina/PI;0,61;#FF8300;Alto;0,67;#FF8300;Alto;;0,64;High
1707405;Esperantina/TO;0,34;#A9DE00;Baixo;0,42;#FFCD00;Médio;;0,38;Low
2104008;Esperantinópolis/MA;0,36;#A9DE00;Baixo;0,43;#FFCD00;Médio;;0,395;Medium
4107546;Espigão Alto do Iguaçu/PR;0,37;#A9DE00;Baixo;0,49;#FFCD00;Médio;;0,43;Medium
1100098;Espigão D'Oeste/RO;0,41;#FFCD00;Médio;0,62;#FF8300;Alto;;0,515;Medium
3124302;Espinosa/MG;0,39;#A9DE00;Baixo;0,51;#FFCD00;Médio;;0,45;Medium
3124401;Espírito Santo do Dourado/MG;0,34;#A9DE00;Baixo;0,38;#A9DE00;Baixo;;0,36;Low
3515186;Espírito Santo do Pinhal/SP;0,55;#FFCD00;Médio;0,37;#A9DE00;Baixo;;0,46;Medium
3515194;Espírito Santo do Turvo/SP;0,25;#A9DE00;Baixo;0,31;#A9DE00;Baixo;;0,28;Low
2403509;Espírito Santo/RN;0,41;#FFCD00;Médio;0,45;#FFCD00;Médio;;0,43;Medium
2910602;Esplanada/BA;0,43;#FFCD00;Médio;0,55;#FFCD00;Médio;;0,49;Medium
4307500;Espumoso/RS;0,27;#A9DE00;Baixo;0,47;#FFCD00;Médio;;0,37;Low
4307559;Estação/RS;0,31;#A9DE00;Baixo;0,39;#A9DE00;Baixo;;0,35;Low
2802106;Estância/SE;0,8;#F40000;Muito alto;0,68;#FF8300;Alto;;0,74;High
4307609;Estância Velha/RS;0,55;#FFCD00;Médio;0,6;#FF8300;Alto;;0,575;Medium
4307708;Esteio/RS;0,81;#F40000;Muito alto;0,57;#FFCD00;Médio;150000,0;0,69;High
3557303;Estiva Gerbi/SP;0,47;#FFCD00;Médio;0,54;#FFCD00;Médio;;0,505;Medium
3124500;Estiva/MG;0,47;#FFCD00;Médio;0,56;#FFCD00;Médio;;0,515;Medium
2104057;Estreito/MA;0,47;#FFCD00;Médio;0,59;#FFCD00;Médio;;0,53;Medium
3124609;Estrela Dalva/MG;0,46;#FFCD00;Médio;0,54;#FFCD00;Médio;;0,5;Medium
2702553;Estrela de Alagoas/AL;0,2;#A9DE00;Baixo;0,27;#A9DE00;Baixo;;0,23500000000000001;Low
3515202;Estrela d'Oeste/SP;0,45;#FFCD00;Médio;0,38;#A9DE00;Baixo;;0,41500000000000004;Medium
3124708;Estrela do Indaiá/MG;0,32;#A9DE00;Baixo;0,37;#A9DE00;Baixo;;0,345;Low
5207501;Estrela do Norte/GO;0,34;#A9DE00;Baixo;0,4;#FFCD00;Médio;;0,37;Low
3515301;Estrela do Norte/SP;0,37;#A9DE00;Baixo;0,45;#FFCD00;Médio;;0,41000000000000003;Medium
3124807;Estrela do Sul/MG;0,55;#FFCD00;Médio;0,51;#FFCD00;Médio;;0,53;Medium
4307807;Estrela/RS;0,17;#02C650;Muito baixo;0,42;#FFCD00;Médio;200000,0;0,295;Low
4307815;Estrela Velha/RS;0,3;#A9DE00;Baixo;0,34;#A9DE00;Baixo;;0,32;Low
2910701;Euclides da Cunha/BA;0,35;#A9DE00;Baixo;0,44;#FFCD00;Médio;;0,395;Medium
3515350;Euclides da Cunha Paulista/SP;0,39;#A9DE00;Baixo;0,48;#FFCD00;Médio;;0,435;Medium
4307831;Eugênio de Castro/RS;0,29;#A9DE00;Baixo;0,41;#FFCD00;Médio;;0,35;Low
3124906;Eugenópolis/MG;0,58;#FFCD00;Médio;0,67;#FF8300;Alto;;0,625;High
2910727;Eunápolis/BA;0,72;#FF8300;Alto;0,73;#FF8300;Alto;;0,725;High
2304285;Eusébio/CE;0,41;#FFCD00;Médio;0,6;#FF8300;Alto;;0,505;Medium
3125002;Ewbank da Câmara/MG;0,45;#FFCD00;Médio;0,53;#FFCD00;Médio;;0,49;Medium
3125101;Extrema/MG;0,36;#A9DE00;Baixo;0,23;#A9DE00;Baixo;;0,295;Low
2403608;Extremoz/RN;0,54;#FFCD00;Médio;0,45;#FFCD00;Médio;;0,495;Medium
2605301;Exu/PE;0,73;#FF8300;Alto;0,85;#F40000;Muito alto;;0,79;High
2506103;Fagundes/PB;0,56;#FFCD00;Médio;0,67;#FF8300;Alto;;0,615;High
4307864;Fagundes Varela/RS;0,1;#02C650;Muito baixo;0,15;#02C650;Muito baixo;;0,125;Very low
5207535;Faina/GO;0,49;#FFCD00;Médio;0,48;#FFCD00;Médio;;0,485;Medium
3125200;Fama/MG;0,17;#02C650;Muito baixo;0,22;#A9DE00;Baixo;;0,195;Low
3125309;Faria Lemos/MG;0,95;#F40000;Muito alto;0,87;#F40000;Muito alto;;0,9099999999999999;Very high
2304301;Farias Brito/CE;0,69;#FF8300;Alto;0,69;#FF8300;Alto;;0,69;High
4107553;Farol/PR;0,26;#A9DE00;Baixo;0,36;#A9DE00;Baixo;;0,31;Low
1503002;Faro/PA;0,66;#FF8300;Alto;0,84;#F40000;Muito alto;;0,75;High
4307906;Farroupilha/RS;0,31;#A9DE00;Baixo;0,43;#FFCD00;Médio;;0,37;Low
2203750;Fartura do Piauí/PI;0,3;#A9DE00;Baixo;0,38;#A9DE00;Baixo;;0,33999999999999997;Low
3515400;Fartura/SP;0,52;#FFCD00;Médio;0,61;#FF8300;Alto;;0,565;Medium
2910750;Fátima/BA;0,51;#FFCD00;Médio;0,5;#FFCD00;Médio;;0,505;Medium
5003801;Fátima do Sul/MS;0,27;#A9DE00;Baixo;0,46;#FFCD00;Médio;;0,365;Low
1707553;Fátima/TO;0,31;#A9DE00;Baixo;0,36;#A9DE00;Baixo;;0,33499999999999996;Low
4205308;Faxinal dos Guedes/SC;0,23;#A9DE00;Baixo;0,28;#A9DE00;Baixo;;0,255;Low
4308003;Faxinal do Soturno/RS;0,34;#A9DE00;Baixo;0,36;#A9DE00;Baixo;;0,35;Low
4107603;Faxinal/PR;0,51;#FFCD00;Médio;0,53;#FFCD00;Médio;;0,52;Medium
4308052;Faxinalzinho/RS;0,22;#A9DE00;Baixo;0,29;#A9DE00;Baixo;;0,255;Low
5207600;Fazenda Nova/GO;0,37;#A9DE00;Baixo;0,42;#FFCD00;Médio;;0,395;Medium
4107652;Fazenda Rio Grande/PR;0,48;#FFCD00;Médio;0,59;#FFCD00;Médio;;0,5349999999999999;Medium
4308078;Fazenda Vilanova/RS;0,09;#02C650;Muito baixo;0,18;#02C650;Muito baixo;;0,135;Very low
1200302;Feijó/AC;0,48;#FFCD00;Médio;0,76;#FF8300;Alto;;0,62;High
2910776;Feira da Mata/BA;0,33;#A9DE00;Baixo;0,4;#FFCD00;Médio;;0,365;Low
2910800;Feira de Santana/BA;0,8;#F40000;Muito alto;0,79;#FF8300;Alto;;0,795;Very high
2702603;Feira Grande/AL;0,09;#02C650;Muito baixo;0,12;#02C650;Muito baixo;;0,105;Very low
2104073;Feira Nova do Maranhão/MA;0,32;#A9DE00;Baixo;0,38;#A9DE00;Baixo;;0,35;Low
2605400;Feira Nova/PE;0,71;#FF8300;Alto;0,78;#FF8300;Alto;;0,745;High
2802205;Feira Nova/SE;0,31;#A9DE00;Baixo;0,36;#A9DE00;Baixo;;0,33499999999999996;Low
3125408;Felício dos Santos/MG;0,3;#A9DE00;Baixo;0,35;#A9DE00;Baixo;;0,32499999999999996;Low
2403707;Felipe Guerra/RN;0,43;#FFCD00;Médio;0,49;#FFCD00;Médio;;0,45999999999999996;Medium
3125606;Felisburgo/MG;0,73;#FF8300;Alto;0,67;#FF8300;Alto;;0,7;High
3125705;Felixlândia/MG;0,11;#02C650;Muito baixo;0,2;#A9DE00;Baixo;;0,155;Very low
2702702;Feliz Deserto/AL;0,45;#FFCD00;Médio;0,5;#FFCD00;Médio;;0,475;Medium
5103700;Feliz Natal/MT;0,34;#A9DE00;Baixo;0,44;#FFCD00;Médio;;0,39;Low
4308102;Feliz/RS;0,14;#02C650;Muito baixo;0,06;#02C650;Muito baixo;;0,1;Very low
4107702;Fênix/PR;0,23;#A9DE00;Baixo;0,31;#A9DE00;Baixo;;0,27;Low
4107736;Fernandes Pinheiro/PR;0,29;#A9DE00;Baixo;0,31;#A9DE00;Baixo;;0,3;Low
3125804;Fernandes Tourinho/MG;0,28;#A9DE00;Baixo;0,38;#A9DE00;Baixo;;0,33;Low
2605459;Fernando de Noronha/PE;;#DCDCDC;Dado indisponível;;#DCDCDC;Dado indisponível;;;No data
2104081;Fernando Falcão/MA;0,08;#02C650;Muito baixo;0,1;#02C650;Muito baixo;;0,09;Very low
2403756;Fernando Pedroza/RN;0,65;#FF8300;Alto;0,75;#FF8300;Alto;;0,7;High
3515509;Fernandópolis/SP;0,0;#02C650;Muito baixo;0,0;#02C650;Muito baixo;;0,0;Very low
3515608;Fernando Prestes/SP;0,19;#02C650;Muito baixo;0,33;#A9DE00;Baixo;;0,26;Low
3515657;Fernão/SP;0,19;#02C650;Muito baixo;0,29;#A9DE00;Baixo;;0,24;Low
3515707;Ferraz de Vasconcelos/SP;0,93;#F40000;Muito alto;0,88;#F40000;Muito alto;;0,905;Very high
1600238;Ferreira Gomes/AP;0,51;#FFCD00;Médio;0,61;#FF8300;Alto;;0,56;Medium
2605509;Ferreiros/PE;0,74;#FF8300;Alto;0,86;#F40000;Muito alto;;0,8;Very high
3125903;Ferros/MG;0,26;#A9DE00;Baixo;0,31;#A9DE00;Baixo;;0,28500000000000003;Low
3125952;Fervedouro/MG;0,4;#FFCD00;Médio;0,47;#FFCD00;Médio;;0,435;Medium
5003900;Figueirão/MS;0,25;#A9DE00;Baixo;0,27;#A9DE00;Baixo;;0,26;Low
4107751;Figueira/PR;0,4;#FFCD00;Médio;0,47;#FFCD00;Médio;;0,435;Medium
5103809;Figueirópolis D'Oeste/MT;0,31;#A9DE00;Baixo;0,42;#FFCD00;Médio;;0,365;Low
1707652;Figueirópolis/TO;0,47;#FFCD00;Médio;0,54;#FFCD00;Médio;;0,505;Medium
2910859;Filadélfia/BA;0,44;#FFCD00;Médio;0,46;#FFCD00;Médio;;0,45;Medium
1707702;Filadélfia/TO;0,4;#FFCD00;Médio;0,58;#FFCD00;Médio;;0,49;Medium
2910909;Firmino Alves/BA;0,51;#FFCD00;Médio;0,56;#FFCD00;Médio;;0,535;Medium
5207808;Firminópolis/GO;0,8;#F40000;Muito alto;0,74;#FF8300;Alto;;0,77;High
2702801;Flexeiras/AL;0,73;#FF8300;Alto;0,93;#F40000;Muito alto;;0,8300000000000001;Very high
4107801;Floraí/PR;0,28;#A9DE00;Baixo;0,36;#A9DE00;Baixo;;0,32;Low
2403806;Florânia/RN;0,61;#FF8300;Alto;0,65;#FF8300;Alto;;0,63;High
3515806;Flora Rica/SP;0,35;#A9DE00;Baixo;0,41;#FFCD00;Médio;;0,38;Low
4107850;Flor da Serra do Sul/PR;0,63;#FF8300;Alto;0,67;#FF8300;Alto;;0,65;High
4205357;Flor do Sertão/SC;0,09;#02C650;Muito baixo;0,2;#A9DE00;Baixo;;0,14500000000000002;Very low
3515905;Floreal/SP;0,25;#A9DE00;Baixo;0,32;#A9DE00;Baixo;;0,28500000000000003;Low
4308201;Flores da Cunha/RS;0,32;#A9DE00;Baixo;0,3;#A9DE00;Baixo;;0,31;Low
5207907;Flores de Goiás/GO;0,38;#A9DE00;Baixo;0,5;#FFCD00;Médio;;0,44;Medium
2203800;Flores do Piauí/PI;0,36;#A9DE00;Baixo;0,46;#FFCD00;Médio;;0,41000000000000003;Medium
2605608;Flores/PE;0,58;#FFCD00;Médio;0,59;#FFCD00;Médio;;0,585;Medium
2911006;Floresta Azul/BA;0,54;#FFCD00;Médio;0,61;#FF8300;Alto;;0,575;Medium
1503044;Floresta do Araguaia/PA;0,34;#A9DE00;Baixo;0,48;#FFCD00;Médio;;0,41000000000000003;Medium
2203859;Floresta do Piauí/PI;0,47;#FFCD00;Médio;0,58;#FFCD00;Médio;;0,5249999999999999;Medium
3126000;Florestal/MG;0,25;#A9DE00;Baixo;0,34;#A9DE00;Baixo;;0,29500000000000004;Low
2605707;Floresta/PE;0,74;#FF8300;Alto;0,71;#FF8300;Alto;;0,725;High
4107900;Floresta/PR;0,1;#02C650;Muito baixo;0,18;#02C650;Muito baixo;;0,14;Very low
4108007;Florestópolis/PR;0,39;#A9DE00;Baixo;0,46;#FFCD00;Médio;;0,42500000000000004;Medium
4308250;Floriano Peixoto/RS;0,11;#02C650;Muito baixo;0,15;#02C650;Muito baixo;;0,13;Very low
2203909;Floriano/PI;0,35;#A9DE00;Baixo;0,55;#FFCD00;Médio;;0,45;Medium
4205407;Florianópolis/SC;0,0;#02C650;Muito baixo;0,0;#02C650;Muito baixo;;0,0;Very low
3516002;Flórida Paulista/SP;0,59;#FFCD00;Médio;0,73;#FF8300;Alto;;0,6599999999999999;High
4108106;Flórida/PR;0,24;#A9DE00;Baixo;0,3;#A9DE00;Baixo;;0,27;Low
3516101;Florínea/SP;0,28;#A9DE00;Baixo;0,36;#A9DE00;Baixo;;0,32;Low
1301605;Fonte Boa/AM;0,57;#FFCD00;Médio;0,81;#F40000;Muito alto;;0,69;High
4308300;Fontoura Xavier/RS;0,18;#02C650;Muito baixo;0,22;#A9DE00;Baixo;;0,2;Low
3126109;Formiga/MG;0,76;#FF8300;Alto;0,55;#FFCD00;Médio;;0,655;High
4308409;Formigueiro/RS;0,1;#02C650;Muito baixo;0,12;#02C650;Muito baixo;;0,11;Very low
2104099;Formosa da Serra Negra/MA;0,31;#A9DE00;Baixo;0,39;#A9DE00;Baixo;;0,35;Low
4108205;Formosa do Oeste/PR;0,38;#A9DE00;Baixo;0,49;#FFCD00;Médio;;0,435;Medium
2911105;Formosa do Rio Preto/BA;0,41;#FFCD00;Médio;0,58;#FFCD00;Médio;;0,495;Medium
4205431;Formosa do Sul/SC;0,24;#A9DE00;Baixo;0,33;#A9DE00;Baixo;;0,28500000000000003;Low
5208004;Formosa/GO;0,57;#FFCD00;Médio;0,56;#FFCD00;Médio;;0,565;Medium
1708205;Formoso do Araguaia/TO;0,39;#A9DE00;Baixo;0,51;#FFCD00;Médio;;0,45;Medium
5208103;Formoso/GO;0,32;#A9DE00;Baixo;0,38;#A9DE00;Baixo;;0,35;Low
3126208;Formoso/MG;0,3;#A9DE00;Baixo;0,36;#A9DE00;Baixo;;0,32999999999999996;Low
4308433;Forquetinha/RS;0,03;#02C650;Muito baixo;0,05;#02C650;Muito baixo;;0,04;Very low
2304350;Forquilha/CE;0,62;#FF8300;Alto;0,81;#F40000;Muito alto;;0,7150000000000001;High
4205456;Forquilhinha/SC;0,16;#02C650;Muito baixo;0,26;#A9DE00;Baixo;;0,21000000000000002;Low
2304400;Fortaleza/CE;0,61;#FF8300;Alto;0,47;#FFCD00;Médio;250000,0;0,54;Medium
3126307;Fortaleza de Minas/MG;0,49;#FFCD00;Médio;0,49;#FFCD00;Médio;;0,49;Medium
2104107;Fortaleza dos Nogueiras/MA;0,4;#FFCD00;Médio;0,46;#FFCD00;Médio;;0,43000000000000005;Medium
4308458;Fortaleza dos Valos/RS;0,3;#A9DE00;Baixo;0,39;#A9DE00;Baixo;;0,345;Low
2304459;Fortim/CE;0,34;#A9DE00;Baixo;0,38;#A9DE00;Baixo;;0,36;Low
3126406;Fortuna de Minas/MG;0,17;#02C650;Muito baixo;0,26;#A9DE00;Baixo;;0,21500000000000002;Low
2104206;Fortuna/MA;0,56;#FFCD00;Médio;0,68;#FF8300;Alto;;0,6200000000000001;High
4108304;Foz do Iguaçu/PR;0,17;#02C650;Muito baixo;0,27;#A9DE00;Baixo;;0,22000000000000003;Low
4108452;Foz do Jordão/PR;0,36;#A9DE00;Baixo;0,39;#A9DE00;Baixo;;0,375;Low
4205506;Fraiburgo/SC;0,49;#FFCD00;Médio;0,49;#FFCD00;Médio;;0,49;Medium
3516200;Franca/SP;0,67;#FF8300;Alto;0,5;#FFCD00;Médio;;0,585;Medium
2204006;Francinópolis/PI;0,34;#A9DE00;Baixo;0,42;#FFCD00;Médio;;0,38;Low
4108320;Francisco Alves/PR;0,24;#A9DE00;Baixo;0,36;#A9DE00;Baixo;;0,3;Low
2204105;Francisco Ayres/PI;0,25;#A9DE00;Baixo;0,3;#A9DE00;Baixo;;0,275;Low
3126505;Francisco Badaró/MG;0,3;#A9DE00;Baixo;0,38;#A9DE00;Baixo;;0,33999999999999997;Low
4108403;Francisco Beltrão/PR;0,0;#02C650;Muito baixo;0,0;#02C650;Muito baixo;;0,0;Very low
2403905;Francisco Dantas/RN;0,44;#FFCD00;Médio;0,55;#FFCD00;Médio;;0,495;Medium
3126604;Francisco Dumont/MG;0,39;#A9DE00;Baixo;0,55;#FFCD00;Médio;;0,47000000000000003;Medium
2204154;Francisco Macedo/PI;0,54;#FFCD00;Médio;0,59;#FFCD00;Médio;;0,565;Medium
3516309;Francisco Morato/SP;0,68;#FF8300;Alto;0,71;#FF8300;Alto;;0,6950000000000001;High
3126752;Franciscópolis/MG;0,53;#FFCD00;Médio;0,66;#FF8300;Alto;;0,595;High
3126703;Francisco Sá/MG;0,19;#02C650;Muito baixo;0,39;#A9DE00;Baixo;;0,29000000000000004;Low
2204204;Francisco Santos/PI;0,47;#FFCD00;Médio;0,55;#FFCD00;Médio;;0,51;Medium
3516408;Franco da Rocha/SP;0,71;#FF8300;Alto;0,27;#A9DE00;Baixo;;0,49;Medium
2304509;Frecheirinha/CE;0,33;#A9DE00;Baixo;0,5;#FFCD00;Médio;;0,41500000000000004;Medium
4308508;Frederico Westphalen/RS;0,45;#FFCD00;Médio;0,47;#FFCD00;Médio;;0,45999999999999996;Medium
3126802;Frei Gaspar/MG;0,33;#A9DE00;Baixo;0,45;#FFCD00;Médio;;0,39;Low
3126901;Frei Inocêncio/MG;0,49;#FFCD00;Médio;0,63;#FF8300;Alto;;0,56;Medium
3126950;Frei Lagonegro/MG;0,24;#A9DE00;Baixo;0,3;#A9DE00;Baixo;;0,27;Low
2506202;Frei Martinho/PB;0,47;#FFCD00;Médio;0,59;#FFCD00;Médio;;0,53;Medium
2605806;Frei Miguelinho/PE;0,2;#A9DE00;Baixo;0,3;#A9DE00;Baixo;;0,25;Low
2802304;Frei Paulo/SE;0,37;#A9DE00;Baixo;0,39;#A9DE00;Baixo;;0,38;Low
4205555;Frei Rogério/SC;0,22;#A9DE00;Baixo;0,27;#A9DE00;Baixo;382000,0;0,245;Low
3127057;Fronteira dos Vales/MG;0,56;#FFCD00;Médio;0,59;#FFCD00;Médio;;0,575;Medium
3127008;Fronteira/MG;0,3;#A9DE00;Baixo;0,4;#FFCD00;Médio;;0,35;Low
2204303;Fronteiras/PI;0,49;#FFCD00;Médio;0,58;#FFCD00;Médio;;0,5349999999999999;Medium
3127073;Fruta de Leite/MG;0,4;#FFCD00;Médio;0,47;#FFCD00;Médio;;0,435;Medium
3127107;Frutal/MG;0,49;#FFCD00;Médio;0,64;#FF8300;Alto;;0,565;Medium
2404002;Frutuoso Gomes/RN;0,44;#FFCD00;Médio;0,53;#FFCD00;Médio;;0,485;Medium
3202207;Fundão/ES;0,77;#FF8300;Alto;0,63;#FF8300;Alto;;0,7;High
3127206;Funilândia/MG;0,0;#02C650;Muito baixo;0,0;#02C650;Muito baixo;;0,0;Very low
3516507;Gabriel Monteiro/SP;0,37;#A9DE00;Baixo;0,43;#FFCD00;Médio;;0,4;Medium
2506251;Gado Bravo/PB;0,19;#02C650;Muito baixo;0,23;#A9DE00;Baixo;;0,21000000000000002;Low
3516606;Gália/SP;0,63;#FF8300;Alto;0,62;#FF8300;Alto;;0,625;High
3127305;Galiléia/MG;0,54;#FFCD00;Médio;0,53;#FFCD00;Médio;;0,535;Medium
2404101;Galinhos/RN;0,3;#A9DE00;Baixo;0,33;#A9DE00;Baixo;;0,315;Low
4205605;Galvão/SC;0,17;#02C650;Muito baixo;0,23;#A9DE00;Baixo;;0,2;Low
5208152;Gameleira de Goiás/GO;0,25;#A9DE00;Baixo;0,3;#A9DE00;Baixo;;0,275;Low
2605905;Gameleira/PE;1,0;#F40000;Muito alto;0,97;#F40000;Muito alto;;0,985;Very high
3127339;Gameleiras/MG;0,28;#A9DE00;Baixo;0,36;#A9DE00;Baixo;;0,32;Low
2911204;Gandu/BA;0,91;#F40000;Muito alto;0,87;#F40000;Muito alto;;0,89;Very high
2606002;Garanhuns/PE;0,69;#FF8300;Alto;0,68;#FF8300;Alto;;0,685;High
2802403;Gararu/SE;0,53;#FFCD00;Médio;0,6;#FF8300;Alto;;0,565;Medium
3516705;Garça/SP;0,53;#FFCD00;Médio;0,47;#FFCD00;Médio;;0,5;Medium
4308607;Garibaldi/RS;0,18;#02C650;Muito baixo;0,27;#A9DE00;Baixo;;0,225;Low
4205704;Garopaba/SC;0,39;#A9DE00;Baixo;0,4;#FFCD00;Médio;;0,395;Medium
1503077;Garrafão do Norte/PA;0,68;#FF8300;Alto;0,57;#FFCD00;Médio;;0,625;High
4308656;Garruchos/RS;0,11;#02C650;Muito baixo;0,15;#02C650;Muito baixo;;0,13;Very low
4205803;Garuva/SC;0,48;#FFCD00;Médio;0,41;#FFCD00;Médio;;0,44499999999999995;Medium
4205902;Gaspar/SC;0,18;#02C650;Muito baixo;0,05;#02C650;Muito baixo;;0,11499999999999999;Very low
3516804;Gastão Vidigal/SP;0,47;#FFCD00;Médio;0,53;#FFCD00;Médio;;0,5;Medium
5103858;Gaúcha do Norte/MT;0,12;#02C650;Muito baixo;0,16;#02C650;Muito baixo;;0,14;Very low
4308706;Gaurama/RS;0,26;#A9DE00;Baixo;0,3;#A9DE00;Baixo;;0,28;Low
2911253;Gavião/BA;0,44;#FFCD00;Médio;0,47;#FFCD00;Médio;;0,45499999999999996;Medium
3516853;Gavião Peixoto/SP;0,3;#A9DE00;Baixo;0,44;#FFCD00;Médio;;0,37;Low
2204352;Geminiano/PI;0,32;#A9DE00;Baixo;0,39;#A9DE00;Baixo;;0,355;Low
4308805;General Câmara/RS;0,41;#FFCD00;Médio;0,53;#FFCD00;Médio;;0,47;Medium
5103908;General Carneiro/MT;0,26;#A9DE00;Baixo;0,33;#A9DE00;Baixo;;0,29500000000000004;Low
4108502;General Carneiro/PR;0,52;#FFCD00;Médio;0,5;#FFCD00;Médio;;0,51;Medium
2802502;General Maynard/SE;0,38;#A9DE00;Baixo;0,44;#FFCD00;Médio;;0,41000000000000003;Medium
3516903;General Salgado/SP;0,32;#A9DE00;Baixo;0,43;#FFCD00;Médio;;0,375;Low
2304608;General Sampaio/CE;0,5;#FFCD00;Médio;0,56;#FFCD00;Médio;;0,53;Medium
4308854;Gentil/RS;0,18;#02C650;Muito baixo;0,21;#A9DE00;Baixo;;0,195;Low
2911303;Gentio do Ouro/BA;0,29;#A9DE00;Baixo;0,32;#A9DE00;Baixo;;0,305;Low
3517000;Getulina/SP;0,4;#FFCD00;Médio;0,54;#FFCD00;Médio;;0,47000000000000003;Medium
4308904;Getúlio Vargas/RS;0,49;#FFCD00;Médio;0,51;#FFCD00;Médio;;0,5;Medium
2204402;Gilbués/PI;0,33;#A9DE00;Baixo;0,39;#A9DE00;Baixo;;0,36;Low
2702900;Girau do Ponciano/AL;0,19;#02C650;Muito baixo;0,24;#A9DE00;Baixo;;0,215;Low
4309001;Giruá/RS;0,6;#FF8300;Alto;0,7;#FF8300;Alto;;0,6499999999999999;High
3127354;Glaucilândia/MG;0,22;#A9DE00;Baixo;0,28;#A9DE00;Baixo;;0,25;Low
3517109;Glicério/SP;0,19;#02C650;Muito baixo;0,35;#A9DE00;Baixo;;0,27;Low
2911402;Glória/BA;0,45;#FFCD00;Médio;0,37;#A9DE00;Baixo;;0,41000000000000003;Medium
5004007;Glória de Dourados/MS;0,34;#A9DE00;Baixo;0,39;#A9DE00;Baixo;;0,365;Low
5103957;Glória D'Oeste/MT;0,34;#A9DE00;Baixo;0,44;#FFCD00;Médio;;0,39;Low
2606101;Glória do Goitá/PE;0,69;#FF8300;Alto;0,79;#FF8300;Alto;;0,74;High
4309050;Glorinha/RS;0,02;#02C650;Muito baixo;0,13;#02C650;Muito baixo;;0,075;Very low
2104305;Godofredo Viana/MA;0,69;#FF8300;Alto;0,78;#FF8300;Alto;;0,735;High
4108551;Godoy Moreira/PR;0,32;#A9DE00;Baixo;0,35;#A9DE00;Baixo;;0,33499999999999996;Low
3127370;Goiabeira/MG;0,26;#A9DE00;Baixo;0,34;#A9DE00;Baixo;;0,30000000000000004;Low
3127388;Goianá/MG;0,18;#02C650;Muito baixo;0,18;#02C650;Muito baixo;;0,18;Very low
2606200;Goiana/PE;0,79;#FF8300;Alto;0,76;#FF8300;Alto;;0,775;High
5208400;Goianápolis/GO;0,48;#FFCD00;Médio;0,55;#FFCD00;Médio;;0,515;Medium
5208509;Goiandira/GO;0,4;#FFCD00;Médio;0,48;#FFCD00;Médio;;0,44;Medium
1503093;Goianésia do Pará/PA;0,54;#FFCD00;Médio;0,73;#FF8300;Alto;;0,635;High
5208608;Goianésia/GO;0,54;#FFCD00;Médio;0,53;#FFCD00;Médio;;0,535;Medium
5208707;Goiânia/GO;0,77;#FF8300;Alto;0,58;#FFCD00;Médio;;0,675;High
2404200;Goianinha/RN;0,54;#FFCD00;Médio;0,55;#FFCD00;Médio;;0,545;Medium
5208806;Goianira/GO;0,43;#FFCD00;Médio;0,43;#FFCD00;Médio;;0,43;Medium
1708304;Goianorte/TO;0,4;#FFCD00;Médio;0,52;#FFCD00;Médio;;0,46;Medium
5208905;Goiás/GO;0,66;#FF8300;Alto;0,68;#FF8300;Alto;;0,67;High
1709005;Goiatins/TO;0,38;#A9DE00;Baixo;0,5;#FFCD00;Médio;;0,44;Medium
5209101;Goiatuba/GO;0,48;#FFCD00;Médio;0,54;#FFCD00;Médio;;0,51;Medium
4108601;Goioerê/PR;0,35;#A9DE00;Baixo;0,43;#FFCD00;Médio;;0,39;Low
4108650;Goioxim/PR;0,2;#A9DE00;Baixo;0,23;#A9DE00;Baixo;;0,21500000000000002;Low
2104404;Gonçalves Dias/MA;0,59;#FFCD00;Médio;0,67;#FF8300;Alto;;0,63;High
3127404;Gonçalves/MG;0,25;#A9DE00;Baixo;0,26;#A9DE00;Baixo;;0,255;Low
2911501;Gongogi/BA;0,75;#FF8300;Alto;0,96;#F40000;Muito alto;;0,855;Very high
3127503;Gonzaga/MG;0,43;#FFCD00;Médio;0,36;#A9DE00;Baixo;;0,395;Medium
3127602;Gouveia/MG;0,33;#A9DE00;Baixo;0,59;#FFCD00;Médio;;0,45999999999999996;Medium
5209150;Gouvelândia/GO;0,45;#FFCD00;Médio;0,51;#FFCD00;Médio;;0,48;Medium
2104503;Governador Archer/MA;0,76;#FF8300;Alto;0,84;#F40000;Muito alto;;0,8;Very high
4206009;Governador Celso Ramos/SC;0,46;#FFCD00;Médio;0,51;#FFCD00;Médio;;0,485;Medium
2404309;Governador Dix-Sept Rosado/RN;0,71;#FF8300;Alto;0,73;#FF8300;Alto;;0,72;High
2104552;Governador Edison Lobão/MA;0,18;#02C650;Muito baixo;0,32;#A9DE00;Baixo;;0,25;Low
2104602;Governador Eugênio Barros/MA;0,28;#A9DE00;Baixo;0,33;#A9DE00;Baixo;;0,30500000000000005;Low
1101005;Governador Jorge Teixeira/RO;0,36;#A9DE00;Baixo;0,43;#FFCD00;Médio;;0,395;Medium
3202256;Governador Lindenberg/ES;0,4;#FFCD00;Médio;0,44;#FFCD00;Médio;;0,42000000000000004;Medium
2104628;Governador Luiz Rocha/MA;0,48;#FFCD00;Médio;0,54;#FFCD00;Médio;;0,51;Medium
2911600;Governador Mangabeira/BA;0,45;#FFCD00;Médio;0,44;#FFCD00;Médio;;0,445;Medium
2104651;Governador Newton Bello/MA;0,38;#A9DE00;Baixo;0,51;#FFCD00;Médio;;0,445;Medium
2104677;Governador Nunes Freire/MA;0,63;#FF8300;Alto;0,87;#F40000;Muito alto;;0,75;High
3127701;Governador Valadares/MG;0,47;#FFCD00;Médio;0,42;#FFCD00;Médio;;0,44499999999999995;Medium
2104701;Graça Aranha/MA;0,39;#A9DE00;Baixo;0,53;#FFCD00;Médio;;0,46;Medium
2304657;Graça/CE;0,45;#FFCD00;Médio;0,61;#FF8300;Alto;;0,53;Medium
2802601;Gracho Cardoso/SE;0,37;#A9DE00;Baixo;0,43;#FFCD00;Médio;;0,4;Medium
2104800;Grajaú/MA;0,39;#A9DE00;Baixo;0,52;#FFCD00;Médio;;0,455;Medium
4309126;Gramado dos Loureiros/RS;0,22;#A9DE00;Baixo;0,26;#A9DE00;Baixo;;0,24;Low
4309100;Gramado/RS;0,21;#A9DE00;Baixo;0,32;#A9DE00;Baixo;;0,265;Low
4309159;Gramado Xavier/RS;0,17;#02C650;Muito baixo;0,19;#02C650;Muito baixo;;0,18;Very low
4108700;Grandes Rios/PR;0,36;#A9DE00;Baixo;0,42;#FFCD00;Médio;;0,39;Low
2606309;Granito/PE;0,31;#A9DE00;Baixo;0,36;#A9DE00;Baixo;;0,33499999999999996;Low
2304707;Granja/CE;0,49;#FFCD00;Médio;0,66;#FF8300;Alto;;0,575;Medium
2304806;Granjeiro/CE;0,31;#A9DE00;Baixo;0,37;#A9DE00;Baixo;;0,33999999999999997;Low
3127800;Grão Mogol/MG;0,37;#A9DE00;Baixo;0,59;#FFCD00;Médio;;0,48;Medium
4206108;Grão Pará/SC;0,5;#FFCD00;Médio;0,48;#FFCD00;Médio;;0,49;Medium
4309209;Gravataí/RS;0,6;#FF8300;Alto;0,48;#FFCD00;Médio;;0,54;Medium
4206207;Gravatal/SC;0,12;#02C650;Muito baixo;0,12;#02C650;Muito baixo;;0,12;Very low
2606408;Gravatá/PE;0,81;#F40000;Muito alto;0,7;#FF8300;Alto;;0,755;High
2304905;Groaíras/CE;0,37;#A9DE00;Baixo;0,45;#FFCD00;Médio;;0,41000000000000003;Medium
2404408;Grossos/RN;0,65;#FF8300;Alto;0,63;#FF8300;Alto;;0,64;High
3127909;Grupiara/MG;0,32;#A9DE00;Baixo;0,41;#FFCD00;Médio;;0,365;Low
4309258;Guabiju/RS;0,15;#02C650;Muito baixo;0,14;#02C650;Muito baixo;;0,14500000000000002;Very low
4206306;Guabiruba/SC;0,4;#FFCD00;Médio;0,33;#A9DE00;Baixo;;0,365;Low
3202306;Guaçuí/ES;0,66;#FF8300;Alto;0,69;#FF8300;Alto;;0,675;High
2204501;Guadalupe/PI;0,31;#A9DE00;Baixo;0,5;#FFCD00;Médio;;0,405;Medium
4309308;Guaíba/RS;0,58;#FFCD00;Médio;0,67;#FF8300;Alto;;0,625;High
3517208;Guaiçara/SP;0,45;#FFCD00;Médio;0,51;#FFCD00;Médio;;0,48;Medium
3517307;Guaimbê/SP;0,2;#A9DE00;Baixo;0,28;#A9DE00;Baixo;;0,24000000000000002;Low
4108908;Guairaçá/PR;0,4;#FFCD00;Médio;0,5;#FFCD00;Médio;;0,45;Medium
4108809;Guaíra/PR;0,34;#A9DE00;Baixo;0,43;#FFCD00;Médio;;0,385;Low
3517406;Guaíra/SP;0,51;#FFCD00;Médio;0,69;#FF8300;Alto;;0,6;High
2304954;Guaiúba/CE;0,79;#FF8300;Alto;0,87;#F40000;Muito alto;;0,8300000000000001;Very high
1301654;Guajará/AM;0,48;#FFCD00;Médio;0,6;#FF8300;Alto;;0,54;Medium
1100106;Guajará-Mirim/RO;0,39;#A9DE00;Baixo;0,63;#FF8300;Alto;;0,51;Medium
2911659;Guajeru/BA;0,35;#A9DE00;Baixo;0,38;#A9DE00;Baixo;;0,365;Low
2404507;Guamaré/RN;0,06;#02C650;Muito baixo;0,16;#02C650;Muito baixo;;0,11;Very low
4108957;Guamiranga/PR;0,12;#02C650;Muito baixo;0,19;#02C650;Muito baixo;;0,155;Very low
2911709;Guanambi/BA;0,38;#A9DE00;Baixo;0,52;#FFCD00;Médio;;0,45;Medium
3128006;Guanhães/MG;0,46;#FFCD00;Médio;0,49;#FFCD00;Médio;;0,475;Medium
3128105;Guapé/MG;0,53;#FFCD00;Médio;0,5;#FFCD00;Médio;;0,515;Medium
3517505;Guapiaçu/SP;0,36;#A9DE00;Baixo;0,49;#FFCD00;Médio;;0,425;Medium
3517604;Guapiara/SP;0,41;#FFCD00;Médio;0,52;#FFCD00;Médio;;0,46499999999999997;Medium
3301850;Guapimirim/RJ;0,78;#FF8300;Alto;0,68;#FF8300;Alto;;0,73;High
4109005;Guapirama/PR;0,27;#A9DE00;Baixo;0,33;#A9DE00;Baixo;;0,30000000000000004;Low
5209200;Guapó/GO;0,48;#FFCD00;Médio;0,55;#FFCD00;Médio;;0,515;Medium
4109104;Guaporema/PR;0,21;#A9DE00;Baixo;0,29;#A9DE00;Baixo;;0,25;Low
4309407;Guaporé/RS;0,43;#FFCD00;Médio;0,1;#02C650;Muito baixo;;0,265;Low
2506301;Guarabira/PB;0,87;#F40000;Muito alto;0,82;#F40000;Muito alto;;0,845;Very high
3517802;Guaraçaí/SP;0,5;#FFCD00;Médio;0,58;#FFCD00;Médio;;0,54;Medium
2305001;Guaraciaba do Norte/CE;0,68;#FF8300;Alto;0,67;#FF8300;Alto;;0,675;High
3128204;Guaraciaba/MG;0,56;#FFCD00;Médio;0,48;#FFCD00;Médio;;0,52;Medium
4206405;Guaraciaba/SC;0,28;#A9DE00;Baixo;0,19;#02C650;Muito baixo;;0,23500000000000001;Low
3128253;Guaraciama/MG;0,54;#FFCD00;Médio;0,65;#FF8300;Alto;;0,595;High
4109203;Guaraci/PR;0,34;#A9DE00;Baixo;0,4;#FFCD00;Médio;;0,37;Low
3517901;Guaraci/SP;0,28;#A9DE00;Baixo;0,31;#A9DE00;Baixo;;0,29500000000000004;Low
5209291;Guaraíta/GO;0,48;#FFCD00;Médio;0,53;#FFCD00;Médio;;0,505;Medium
1709302;Guaraí/TO;0,33;#A9DE00;Baixo;0,58;#FFCD00;Médio;;0,45499999999999996;Medium
2305100;Guaramiranga/CE;0,37;#A9DE00;Baixo;0,43;#FFCD00;Médio;;0,4;Medium
4206504;Guaramirim/SC;0,35;#A9DE00;Baixo;0,32;#A9DE00;Baixo;;0,33499999999999996;Low
3128303;Guaranésia/MG;0,78;#FF8300;Alto;0,7;#FF8300;Alto;;0,74;High
4109302;Guaraniaçu/PR;0,46;#FFCD00;Médio;0,41;#FFCD00;Médio;;0,435;Medium
4309506;Guarani das Missões/RS;0,36;#A9DE00;Baixo;0,49;#FFCD00;Médio;;0,425;Medium
5209408;Guarani de Goiás/GO;0,39;#A9DE00;Baixo;0,44;#FFCD00;Médio;;0,41500000000000004;Medium
3518008;Guarani d'Oeste/SP;0,27;#A9DE00;Baixo;0,28;#A9DE00;Baixo;;0,275;Low
3128402;Guarani/MG;0,39;#A9DE00;Baixo;0,49;#FFCD00;Médio;;0,44;Medium
5104104;Guarantã do Norte/MT;0,37;#A9DE00;Baixo;0,43;#FFCD00;Médio;;0,4;Medium
3518107;Guarantã/SP;0,51;#FFCD00;Médio;0,56;#FFCD00;Médio;;0,535;Medium
3202405;Guarapari/ES;0,76;#FF8300;Alto;0,71;#FF8300;Alto;;0,735;High
4109401;Guarapuava/PR;0,46;#FFCD00;Médio;0,24;#A9DE00;Baixo;;0,35;Low
4109500;Guaraqueçaba/PR;0,14;#02C650;Muito baixo;0,18;#02C650;Muito baixo;;0,16;Very low
3128501;Guarará/MG;0,68;#FF8300;Alto;0,75;#FF8300;Alto;;0,7150000000000001;High
3518206;Guararapes/SP;0,52;#FFCD00;Médio;0,55;#FFCD00;Médio;;0,535;Medium
3518305;Guararema/SP;0,55;#FFCD00;Médio;0,5;#FFCD00;Médio;;0,525;Medium
3517703;Guará/SP;0,75;#FF8300;Alto;0,77;#FF8300;Alto;;0,76;High
2911808;Guaratinga/BA;0,7;#FF8300;Alto;0,62;#FF8300;Alto;;0,6599999999999999;High
3518404;Guaratinguetá/SP;0,58;#FFCD00;Médio;0,26;#A9DE00;Baixo;;0,42;Medium
4109609;Guaratuba/PR;0,43;#FFCD00;Médio;0,46;#FFCD00;Médio;;0,445;Medium
3128600;Guarda-Mor/MG;0,4;#FFCD00;Médio;0,51;#FFCD00;Médio;;0,455;Medium
3518503;Guareí/SP;0,54;#FFCD00;Médio;0,67;#FF8300;Alto;;0,605;High
3518602;Guariba/SP;0,3;#A9DE00;Baixo;0,43;#FFCD00;Médio;;0,365;Low
2204550;Guaribas/PI;0,2;#A9DE00;Baixo;0,23;#A9DE00;Baixo;;0,21500000000000002;Low
5209457;Guarinos/GO;0,32;#A9DE00;Baixo;0,4;#FFCD00;Médio;;0,36;Low
4206603;Guarujá do Sul/SC;0,1;#02C650;Muito baixo;0,15;#02C650;Muito baixo;;0,125;Very low
3518701;Guarujá/SP;0,68;#FF8300;Alto;0,07;#02C650;Muito baixo;;0,375;Low
3518800;Guarulhos/SP;0,59;#FFCD00;Médio;0,51;#FFCD00;Médio;;0,55;Medium
4206652;Guatambú/SC;0,15;#02C650;Muito baixo;0,21;#A9DE00;Baixo;;0,18;Very low
3518859;Guatapará/SP;0,29;#A9DE00;Baixo;0,4;#FFCD00;Médio;;0,345;Low
3128709;Guaxupé/MG;0,59;#FFCD00;Médio;0,5;#FFCD00;Médio;;0,5449999999999999;Medium
5004106;Guia Lopes da Laguna/MS;0,3;#A9DE00;Baixo;0,39;#A9DE00;Baixo;;0,345;Low
3128808;Guidoval/MG;0,5;#FFCD00;Médio;0,53;#FFCD00;Médio;;0,515;Medium
2104909;Guimarães/MA;0,52;#FFCD00;Médio;0,59;#FFCD00;Médio;;0,5549999999999999;Medium
3128907;Guimarânia/MG;0,39;#A9DE00;Baixo;0,46;#FFCD00;Médio;;0,42500000000000004;Medium
5104203;Guiratinga/MT;0,43;#FFCD00;Médio;0,52;#FFCD00;Médio;;0,475;Medium
3129004;Guiricema/MG;0,31;#A9DE00;Baixo;0,3;#A9DE00;Baixo;;0,305;Low
3129103;Gurinhatã/MG;0,34;#A9DE00;Baixo;0,44;#FFCD00;Médio;;0,39;Low
2506400;Gurinhém/PB;0,68;#FF8300;Alto;0,73;#FF8300;Alto;;0,7050000000000001;High
2506509;Gurjão/PB;0,44;#FFCD00;Médio;0,5;#FFCD00;Médio;;0,47;Medium
1503101;Gurupá/PA;0,79;#FF8300;Alto;0,91;#F40000;Muito alto;;0,8500000000000001;Very high
1709500;Gurupi/TO;0,31;#A9DE00;Baixo;0,48;#FFCD00;Médio;;0,395;Medium
3518909;Guzolândia/SP;0,43;#FFCD00;Médio;0,51;#FFCD00;Médio;;0,47;Medium
4309555;Harmonia/RS;0,08;#02C650;Muito baixo;0,05;#02C650;Muito baixo;;0,065;Very low
5209606;Heitoraí/GO;0,38;#A9DE00;Baixo;0,44;#FFCD00;Médio;;0,41000000000000003;Medium
3129202;Heliodora/MG;0,54;#FFCD00;Médio;0,62;#FF8300;Alto;;0,5800000000000001;Medium
2911857;Heliópolis/BA;0,34;#A9DE00;Baixo;0,4;#FFCD00;Médio;;0,37;Low
3519006;Herculândia/SP;0,57;#FFCD00;Médio;0,73;#FF8300;Alto;;0,6499999999999999;High
4206702;Herval d'Oeste/SC;0,73;#FF8300;Alto;0,67;#FF8300;Alto;;0,7;High
4307104;Herval/RS;0,57;#FFCD00;Médio;0,76;#FF8300;Alto;;0,665;High
4309571;Herveiras/RS;0,21;#A9DE00;Baixo;0,27;#A9DE00;Baixo;;0,24;Low
2305209;Hidrolândia/CE;0,61;#FF8300;Alto;0,72;#FF8300;Alto;;0,665;High
5209705;Hidrolândia/GO;0,2;#A9DE00;Baixo;0,15;#02C650;Muito baixo;;0,175;Very low
5209804;Hidrolina/GO;0,42;#FFCD00;Médio;0,48;#FFCD00;Médio;;0,44999999999999996;Medium
3519055;Holambra/SP;0,16;#02C650;Muito baixo;0,14;#02C650;Muito baixo;;0,15000000000000002;Very low
4109658;Honório Serpa/PR;0,2;#A9DE00;Baixo;0,26;#A9DE00;Baixo;;0,23;Low
2305233;Horizonte/CE;0,53;#FFCD00;Médio;0,55;#FFCD00;Médio;;0,54;Medium
4309605;Horizontina/RS;0,0;#02C650;Muito baixo;0,08;#02C650;Muito baixo;;0,04;Very low
3519071;Hortolândia/SP;0,71;#FF8300;Alto;0,36;#A9DE00;Baixo;;0,5349999999999999;Medium
2204600;Hugo Napoleão/PI;0,44;#FFCD00;Médio;0,55;#FFCD00;Médio;;0,495;Medium
4309654;Hulha Negra/RS;0,32;#A9DE00;Baixo;0,44;#FFCD00;Médio;;0,38;Low
1301704;Humaitá/AM;0,35;#A9DE00;Baixo;0,65;#FF8300;Alto;;0,5;Medium
4309704;Humaitá/RS;0,29;#A9DE00;Baixo;0,41;#FFCD00;Médio;;0,35;Low
2105005;Humberto de Campos/MA;0,46;#FFCD00;Médio;0,52;#FFCD00;Médio;;0,49;Medium
3519105;Iacanga/SP;0,33;#A9DE00;Baixo;0,41;#FFCD00;Médio;;0,37;Low
5209903;Iaciara/GO;0,36;#A9DE00;Baixo;0,42;#FFCD00;Médio;;0,39;Low
3519204;Iacri/SP;0,49;#FFCD00;Médio;0,63;#FF8300;Alto;;0,56;Medium
2911907;Iaçu/BA;0,61;#FF8300;Alto;0,74;#FF8300;Alto;;0,675;High
3129301;Iapu/MG;0,86;#F40000;Muito alto;0,65;#FF8300;Alto;;0,755;High
3519253;Iaras/SP;0,3;#A9DE00;Baixo;0,37;#A9DE00;Baixo;;0,33499999999999996;Low
2606507;Iati/PE;0,41;#FFCD00;Médio;0,44;#FFCD00;Médio;;0,425;Medium
4109708;Ibaiti/PR;0,52;#FFCD00;Médio;0,54;#FFCD00;Médio;;0,53;Medium
4309753;Ibarama/RS;0,13;#02C650;Muito baixo;0,18;#02C650;Muito baixo;;0,155;Very low
2305266;Ibaretama/CE;0,36;#A9DE00;Baixo;0,41;#FFCD00;Médio;;0,385;Low
2703007;Ibateguara/AL;0,56;#FFCD00;Médio;0,67;#FF8300;Alto;;0,615;High
3519303;Ibaté/SP;0,56;#FFCD00;Médio;0,64;#FF8300;Alto;;0,6000000000000001;High
3202454;Ibatiba/ES;0,9;#F40000;Muito alto;0,78;#FF8300;Alto;;0,8400000000000001;Very high
4109757;Ibema/PR;0,28;#A9DE00;Baixo;0,35;#A9DE00;Baixo;;0,315;Low
3129400;Ibertioga/MG;0,45;#FFCD00;Médio;0,51;#FFCD00;Médio;;0,48;Medium
4309803;Ibiaçá/RS;0,18;#02C650;Muito baixo;0,29;#A9DE00;Baixo;;0,235;Low
3129608;Ibiaí/MG;0,42;#FFCD00;Médio;0,57;#FFCD00;Médio;;0,495;Medium
3129509;Ibiá/MG;0,56;#FFCD00;Médio;0,58;#FFCD00;Médio;;0,5700000000000001;Medium
4206751;Ibiam/SC;0,1;#02C650;Muito baixo;0,17;#02C650;Muito baixo;;0,135;Very low
2305308;Ibiapina/CE;0,55;#FFCD00;Médio;0,5;#FFCD00;Médio;;0,525;Medium
2506608;Ibiara/PB;0,56;#FFCD00;Médio;0,62;#FF8300;Alto;;0,5900000000000001;High
2912004;Ibiassucê/BA;0,25;#A9DE00;Baixo;0,31;#A9DE00;Baixo;;0,28;Low
2912103;Ibicaraí/BA;0,58;#FFCD00;Médio;0,77;#FF8300;Alto;;0,675;High
4206801;Ibicaré/SC;0,3;#A9DE00;Baixo;0,31;#A9DE00;Baixo;;0,305;Low
2912202;Ibicoara/BA;0,36;#A9DE00;Baixo;0,41;#FFCD00;Médio;;0,385;Low
2912301;Ibicuí/BA;0,77;#FF8300;Alto;0,83;#F40000;Muito alto;;0,8;Very high
2305332;Ibicuitinga/CE;0,33;#A9DE00;Baixo;0,37;#A9DE00;Baixo;;0,35;Low
2606606;Ibimirim/PE;0,32;#A9DE00;Baixo;0,42;#FFCD00;Médio;;0,37;Low
2912400;Ibipeba/BA;0,41;#FFCD00;Médio;0,47;#FFCD00;Médio;;0,43999999999999995;Medium
2912509;Ibipitanga/BA;0,22;#A9DE00;Baixo;0,26;#A9DE00;Baixo;;0,24;Low
4109807;Ibiporã/PR;0,39;#A9DE00;Baixo;0,52;#FFCD00;Médio;;0,455;Medium
2912608;Ibiquera/BA;0,61;#FF8300;Alto;0,66;#FF8300;Alto;;0,635;High
3129657;Ibiracatu/MG;0,38;#A9DE00;Baixo;0,4;#FFCD00;Médio;;0,39;Low
3129707;Ibiraci/MG;0,43;#FFCD00;Médio;0,48;#FFCD00;Médio;;0,45499999999999996;Medium
3202504;Ibiraçu/ES;0,72;#FF8300;Alto;0,59;#FFCD00;Médio;;0,655;High
4309902;Ibiraiaras/RS;0,26;#A9DE00;Baixo;0,3;#A9DE00;Baixo;;0,28;Low
2606705;Ibirajuba/PE;0,42;#FFCD00;Médio;0,48;#FFCD00;Médio;;0,44999999999999996;Medium
4206900;Ibirama/SC;0,12;#02C650;Muito baixo;0,11;#02C650;Muito baixo;;0,11499999999999999;Very low
2912707;Ibirapitanga/BA;0,63;#FF8300;Alto;0,84;#F40000;Muito alto;;0,735;High
2912806;Ibirapuã/BA;0,69;#FF8300;Alto;0,63;#FF8300;Alto;;0,6599999999999999;High
4309951;Ibirapuitã/RS;0,33;#A9DE00;Baixo;0,4;#FFCD00;Médio;;0,365;Low
3519501;Ibirarema/SP;0,05;#02C650;Muito baixo;0,12;#02C650;Muito baixo;;0,08499999999999999;Very low
3519402;Ibirá/SP;0,15;#02C650;Muito baixo;0,38;#A9DE00;Baixo;;0,265;Low
2912905;Ibirataia/BA;0,74;#FF8300;Alto;0,89;#F40000;Muito alto;;0,815;Very high
3129806;Ibirité/MG;0,81;#F40000;Muito alto;0,76;#FF8300;Alto;;0,785;High
4310009;Ibirubá/RS;0,47;#FFCD00;Médio;0,32;#A9DE00;Baixo;;0,395;Medium
2913002;Ibitiara/BA;0,18;#02C650;Muito baixo;0,22;#A9DE00;Baixo;;0,2;Low
3519600;Ibitinga/SP;0,44;#FFCD00;Médio;0,56;#FFCD00;Médio;;0,5;Medium
3202553;Ibitirama/ES;0,37;#A9DE00;Baixo;0,4;#FFCD00;Médio;;0,385;Low
2913101;Ibititá/BA;0,28;#A9DE00;Baixo;0,36;#A9DE00;Baixo;;0,32;Low
3129905;Ibitiúra de Minas/MG;0,64;#FF8300;Alto;0,57;#FFCD00;Médio;;0,605;High
3130002;Ibituruna/MG;0,36;#A9DE00;Baixo;0,49;#FFCD00;Médio;;0,425;Medium
3519709;Ibiúna/SP;0,36;#A9DE00;Baixo;0,29;#A9DE00;Baixo;;0,32499999999999996;Low
2913200;Ibotirama/BA;0,33;#A9DE00;Baixo;0,56;#FFCD00;Médio;;0,44500000000000006;Medium
2305357;Icapuí/CE;0,02;#02C650;Muito baixo;0,05;#02C650;Muito baixo;;0,035;Very low
3130051;Icaraí de Minas/MG;0,21;#A9DE00;Baixo;0,39;#A9DE00;Baixo;;0,3;Low
4109906;Icaraíma/PR;0,28;#A9DE00;Baixo;0,38;#A9DE00;Baixo;;0,33;Low
4207007;Içara/SC;0,34;#A9DE00;Baixo;0,0;#02C650;Muito baixo;;0,17;Very low
2105104;Icatu/MA;0,63;#FF8300;Alto;0,62;#FF8300;Alto;;0,625;High
3519808;Icém/SP;0,32;#A9DE00;Baixo;0,46;#FFCD00;Médio;;0,39;Low
2913309;Ichu/BA;0,31;#A9DE00;Baixo;0,37;#A9DE00;Baixo;;0,33999999999999997;Low
2305407;Icó/CE;0,57;#FFCD00;Médio;0,71;#FF8300;Alto;;0,6399999999999999;High
3202603;Iconha/ES;0,24;#A9DE00;Baixo;0,32;#A9DE00;Baixo;;0,28;Low
2404606;Ielmo Marinho/RN;0,12;#02C650;Muito baixo;0,19;#02C650;Muito baixo;;0,155;Very low
3519907;Iepê/SP;0,39;#A9DE00;Baixo;0,47;#FFCD00;Médio;;0,43;Medium
2703106;Igaci/AL;0,18;#02C650;Muito baixo;0,26;#A9DE00;Baixo;;0,22;Low
2913408;Igaporã/BA;0,27;#A9DE00;Baixo;0,33;#A9DE00;Baixo;;0,30000000000000004;Low
3520004;Igaraçu do Tietê/SP;0,69;#FF8300;Alto;0,85;#F40000;Muito alto;;0,77;High
2502607;Igaracy/PB;0,57;#FFCD00;Médio;0,65;#FF8300;Alto;;0,61;High
3520103;Igarapava/SP;0,63;#FF8300;Alto;0,58;#FFCD00;Médio;;0,605;High
1503200;Igarapé-Açu/PA;0,58;#FFCD00;Médio;0,63;#FF8300;Alto;;0,605;High
2105153;Igarapé do Meio/MA;0,4;#FFCD00;Médio;0,57;#FFCD00;Médio;;0,485;Medium
2105203;Igarapé Grande/MA;0,43;#FFCD00;Médio;0,54;#FFCD00;Médio;;0,485;Medium
3130101;Igarapé/MG;0,23;#A9DE00;Baixo;0,45;#FFCD00;Médio;;0,34;Low
1503309;Igarapé-Miri/PA;0,55;#FFCD00;Médio;0,83;#F40000;Muito alto;;0,69;High
2606804;Igarassu/PE;0,94;#F40000;Muito alto;0,84;#F40000;Muito alto;;0,8899999999999999;Very high
3520202;Igaratá/SP;0,19;#02C650;Muito baixo;0,2;#A9DE00;Baixo;;0,195;Low
3130200;Igaratinga/MG;0,43;#FFCD00;Médio;0,42;#FFCD00;Médio;;0,425;Medium
2913457;Igrapiúna/BA;0,69;#FF8300;Alto;0,7;#FF8300;Alto;;0,695;High
2703205;Igreja Nova/AL;0,14;#02C650;Muito baixo;0,17;#02C650;Muito baixo;;0,15500000000000003;Very low
4310108;Igrejinha/RS;0,67;#FF8300;Alto;0,57;#FFCD00;Médio;;0,62;High
3301876;Iguaba Grande/RJ;0,44;#FFCD00;Médio;0,47;#FFCD00;Médio;;0,45499999999999996;Medium
2913507;Iguaí/BA;0,64;#FF8300;Alto;0,7;#FF8300;Alto;;0,6699999999999999;High
3520301;Iguape/SP;0,76;#FF8300;Alto;0,73;#FF8300;Alto;;0,745;High
4110003;Iguaraçu/PR;0,08;#02C650;Muito baixo;0,22;#A9DE00;Baixo;;0,15;Very low
2606903;Iguaracy/PE;0,5;#FFCD00;Médio;0,63;#FF8300;Alto;;0,565;Medium
3130309;Iguatama/MG;0,41;#FFCD00;Médio;0,56;#FFCD00;Médio;;0,485;Medium
5004304;Iguatemi/MS;0,36;#A9DE00;Baixo;0,46;#FFCD00;Médio;;0,41000000000000003;Medium
2305506;Iguatu/CE;0,68;#FF8300;Alto;0,78;#FF8300;Alto;;0,73;High
4110052;Iguatu/PR;0,23;#A9DE00;Baixo;0,33;#A9DE00;Baixo;;0,28;Low
3130408;Ijaci/MG;0,29;#A9DE00;Baixo;0,38;#A9DE00;Baixo;;0,33499999999999996;Low
4310207;Ijuí/RS;0,33;#A9DE00;Baixo;0,4;#FFCD00;Médio;;0,365;Low
3520400;Ilhabela/SP;0,29;#A9DE00;Baixo;0,39;#A9DE00;Baixo;;0,33999999999999997;Low
3520426;Ilha Comprida/SP;0,42;#FFCD00;Médio;0,39;#A9DE00;Baixo;;0,405;Medium
2802700;Ilha das Flores/SE;0,48;#FFCD00;Médio;0,52;#FFCD00;Médio;;0,5;Medium
2607604;Ilha de Itamaracá/PE;0,4;#FFCD00;Médio;0,46;#FFCD00;Médio;;0,43000000000000005;Medium
2204659;Ilha Grande/PI;0,42;#FFCD00;Médio;0,63;#FF8300;Alto;;0,525;Medium
3520442;Ilha Solteira/SP;0,23;#A9DE00;Baixo;0,4;#FFCD00;Médio;;0,315;Low
2913606;Ilhéus/BA;0,97;#F40000;Muito alto;0,81;#F40000;Muito alto;;0,89;Very high
4207106;Ilhota/SC;0,64;#FF8300;Alto;0,53;#FFCD00;Médio;;0,585;Medium
3130507;Ilicínea/MG;0,6;#FF8300;Alto;0,71;#FF8300;Alto;;0,655;High
4310306;Ilópolis/RS;0,27;#A9DE00;Baixo;0,32;#A9DE00;Baixo;;0,29500000000000004;Low
2506707;Imaculada/PB;0,86;#F40000;Muito alto;0,88;#F40000;Muito alto;;0,87;Very high
4207205;Imaruí/SC;0,3;#A9DE00;Baixo;0,22;#A9DE00;Baixo;;0,26;Low
4110078;Imbaú/PR;0,73;#FF8300;Alto;0,78;#FF8300;Alto;;0,755;High
3130556;Imbé de Minas/MG;0,44;#FFCD00;Médio;0,47;#FFCD00;Médio;;0,45499999999999996;Medium
4310330;Imbé/RS;0,04;#02C650;Muito baixo;0,27;#A9DE00;Baixo;;0,155;Very low
4207304;Imbituba/SC;0,3;#A9DE00;Baixo;0,33;#A9DE00;Baixo;;0,315;Low
4110102;Imbituva/PR;0,41;#FFCD00;Médio;0,44;#FFCD00;Médio;;0,425;Medium
4207403;Imbuia/SC;0,12;#02C650;Muito baixo;0,17;#02C650;Muito baixo;;0,14500000000000002;Very low
4310363;Imigrante/RS;0,08;#02C650;Muito baixo;0,16;#02C650;Muito baixo;;0,12;Very low
2105302;Imperatriz/MA;0,44;#FFCD00;Médio;0,58;#FFCD00;Médio;;0,51;Medium
5209937;Inaciolândia/GO;0,42;#FFCD00;Médio;0,49;#FFCD00;Médio;;0,45499999999999996;Medium
4110201;Inácio Martins/PR;0,38;#A9DE00;Baixo;0,51;#FFCD00;Médio;;0,445;Medium
2607000;Inajá/PE;0,53;#FFCD00;Médio;0,58;#FFCD00;Médio;;0,5549999999999999;Medium
4110300;Inajá/PR;0,27;#A9DE00;Baixo;0,33;#A9DE00;Baixo;;0,30000000000000004;Low
3130606;Inconfidentes/MG;0,34;#A9DE00;Baixo;0,34;#A9DE00;Baixo;;0,34;Low
3130655;Indaiabira/MG;0,31;#A9DE00;Baixo;0,37;#A9DE00;Baixo;;0,33999999999999997;Low
4207502;Indaial/SC;0,49;#FFCD00;Médio;0,35;#A9DE00;Baixo;;0,42;Medium
3520509;Indaiatuba/SP;0,34;#A9DE00;Baixo;0,19;#02C650;Muito baixo;;0,265;Low
2305605;Independência/CE;0,51;#FFCD00;Médio;0,61;#FF8300;Alto;;0,56;Medium
4310405;Independência/RS;0,26;#A9DE00;Baixo;0,29;#A9DE00;Baixo;;0,275;Low
3520608;Indiana/SP;0,47;#FFCD00;Médio;0,54;#FFCD00;Médio;;0,505;Medium
3130705;Indianópolis/MG;0,25;#A9DE00;Baixo;0,32;#A9DE00;Baixo;;0,28500000000000003;Low
4110409;Indianópolis/PR;0,22;#A9DE00;Baixo;0,29;#A9DE00;Baixo;;0,255;Low
3520707;Indiaporã/SP;0,22;#A9DE00;Baixo;0,28;#A9DE00;Baixo;;0,25;Low
5209952;Indiara/GO;0,47;#FFCD00;Médio;0,49;#FFCD00;Médio;;0,48;Medium
2802809;Indiaroba/SE;0,31;#A9DE00;Baixo;0,34;#A9DE00;Baixo;;0,325;Low
5104500;Indiavaí/MT;0,31;#A9DE00;Baixo;0,37;#A9DE00;Baixo;;0,33999999999999997;Low
3130804;Ingaí/MG;0,61;#FF8300;Alto;0,6;#FF8300;Alto;;0,605;High
2506806;Ingá/PB;0,57;#FFCD00;Médio;0,62;#FF8300;Alto;;0,595;High
2607109;Ingazeira/PE;0,43;#FFCD00;Médio;0,52;#FFCD00;Médio;;0,475;Medium
4310413;Inhacorá/RS;0,19;#02C650;Muito baixo;0,26;#A9DE00;Baixo;;0,225;Low
2913705;Inhambupe/BA;0,46;#FFCD00;Médio;0,56;#FFCD00;Médio;;0,51;Medium
1503408;Inhangapi/PA;0,4;#FFCD00;Médio;0,48;#FFCD00;Médio;;0,44;Medium
2703304;Inhapi/AL;0,51;#FFCD00;Médio;0,56;#FFCD00;Médio;;0,535;Medium
3130903;Inhapim/MG;0,76;#FF8300;Alto;0,56;#FFCD00;Médio;;0,66;High
3131000;Inhaúma/MG;0,17;#02C650;Muito baixo;0,32;#A9DE00;Baixo;;0,245;Low
2204709;Inhuma/PI;0,48;#FFCD00;Médio;0,57;#FFCD00;Médio;;0,5249999999999999;Medium
5210000;Inhumas/GO;0,59;#FFCD00;Médio;0,64;#FF8300;Alto;;0,615;High
3131109;Inimutaba/MG;0,21;#A9DE00;Baixo;0,31;#A9DE00;Baixo;;0,26;Low
5004403;Inocência/MS;0,29;#A9DE00;Baixo;0,34;#A9DE00;Baixo;;0,315;Low
3520806;Inúbia Paulista/SP;0,2;#A9DE00;Baixo;0,34;#A9DE00;Baixo;;0,27;Low
4207577;Iomerê/SC;0,23;#A9DE00;Baixo;0,21;#A9DE00;Baixo;;0,22;Low
3131158;Ipaba/MG;0,72;#FF8300;Alto;0,69;#FF8300;Alto;;0,705;High
5210109;Ipameri/GO;0,53;#FFCD00;Médio;0,6;#FF8300;Alto;;0,565;Medium
3131208;Ipanema/MG;0,76;#FF8300;Alto;0,71;#FF8300;Alto;;0,735;High
2404705;Ipanguaçu/RN;0,67;#FF8300;Alto;0,79;#FF8300;Alto;;0,73;High
2305654;Ipaporanga/CE;0,23;#A9DE00;Baixo;0,28;#A9DE00;Baixo;;0,255;Low
3131307;Ipatinga/MG;0,64;#FF8300;Alto;0,48;#FFCD00;Médio;;0,56;Medium
2305704;Ipaumirim/CE;0,56;#FFCD00;Médio;0,61;#FF8300;Alto;;0,585;Medium
3520905;Ipaussu/SP;0,35;#A9DE00;Baixo;0,55;#FFCD00;Médio;;0,45;Medium
2913804;Ipecaetá/BA;0,55;#FFCD00;Médio;0,54;#FFCD00;Médio;;0,545;Medium
3521002;Iperó/SP;0,32;#A9DE00;Baixo;0,34;#A9DE00;Baixo;;0,33;Low
4310439;Ipê/RS;0,31;#A9DE00;Baixo;0,49;#FFCD00;Médio;;0,4;Medium
3521101;Ipeúna/SP;0,34;#A9DE00;Baixo;0,44;#FFCD00;Médio;;0,39;Low
3131406;Ipiaçu/MG;0,46;#FFCD00;Médio;0,52;#FFCD00;Médio;;0,49;Medium
2913903;Ipiaú/BA;0,66;#FF8300;Alto;0,83;#F40000;Muito alto;;0,745;High
3521150;Ipiguá/SP;0,19;#02C650;Muito baixo;0,24;#A9DE00;Baixo;;0,215;Low
2914000;Ipirá/BA;0,76;#FF8300;Alto;0,76;#FF8300;Alto;;0,76;High
5210158;Ipiranga de Goiás/GO;0,25;#A9DE00;Baixo;0,3;#A9DE00;Baixo;;0,275;Low
5104526;Ipiranga do Norte/MT;0,17;#02C650;Muito baixo;0,23;#A9DE00;Baixo;;0,2;Low
2204808;Ipiranga do Piauí/PI;0,5;#FFCD00;Médio;0,62;#FF8300;Alto;;0,56;Medium
4310462;Ipiranga do Sul/RS;0,13;#02C650;Muito baixo;0,2;#A9DE00;Baixo;;0,165;Very low
4110508;Ipiranga/PR;0,46;#FFCD00;Médio;0,54;#FFCD00;Médio;;0,5;Medium
4207601;Ipira/SC;0,25;#A9DE00;Baixo;0,28;#A9DE00;Baixo;;0,265;Low
1301803;Ipixuna/AM;0,55;#FFCD00;Médio;0,63;#FF8300;Alto;;0,5900000000000001;High
1503457;Ipixuna do Pará/PA;0,41;#FFCD00;Médio;0,67;#FF8300;Alto;;0,54;Medium
2607208;Ipojuca/PE;0,37;#A9DE00;Baixo;0,32;#A9DE00;Baixo;;0,345;Low
4207650;Iporã do Oeste/SC;0,21;#A9DE00;Baixo;0,21;#A9DE00;Baixo;;0,21;Low
5210208;Iporá/GO;0,35;#A9DE00;Baixo;0,46;#FFCD00;Médio;;0,405;Medium
3521200;Iporanga/SP;0,34;#A9DE00;Baixo;0,45;#FFCD00;Médio;;0,395;Medium
4110607;Iporã/PR;0,43;#FFCD00;Médio;0,43;#FFCD00;Médio;;0,43;Medium
4207684;Ipuaçu/SC;0,04;#02C650;Muito baixo;0,1;#02C650;Muito baixo;;0,07;Very low
3521309;Ipuã/SP;0,26;#A9DE00;Baixo;0,47;#FFCD00;Médio;;0,365;Low
2607307;Ipubi/PE;0,62;#FF8300;Alto;0,78;#FF8300;Alto;;0,7;High
2305803;Ipu/CE;0,71;#FF8300;Alto;0,71;#FF8300;Alto;;0,71;High
2404804;Ipueira/RN;0,49;#FFCD00;Médio;0,54;#FFCD00;Médio;;0,515;Medium
2305902;Ipueiras/CE;0,43;#FFCD00;Médio;0,52;#FFCD00;Médio;;0,475;Medium
1709807;Ipueiras/TO;0,18;#02C650;Muito baixo;0,26;#A9DE00;Baixo;;0,22;Low
3131505;Ipuiúna/MG;0,47;#FFCD00;Médio;0,47;#FFCD00;Médio;;0,47;Medium
4207700;Ipumirim/SC;0,27;#A9DE00;Baixo;0,27;#A9DE00;Baixo;;0,27;Low
2914109;Ipupiara/BA;0,36;#A9DE00;Baixo;0,42;#FFCD00;Médio;;0,39;Low
2306009;Iracema/CE;0,54;#FFCD00;Médio;0,57;#FFCD00;Médio;;0,5549999999999999;Medium
4110656;Iracema do Oeste/PR;0,42;#FFCD00;Médio;0,56;#FFCD00;Médio;;0,49;Medium
3521408;Iracemápolis/SP;0,43;#FFCD00;Médio;0,6;#FF8300;Alto;;0,515;Medium
1400282;Iracema/RR;0,35;#A9DE00;Baixo;0,5;#FFCD00;Médio;;0,425;Medium
4207759;Iraceminha/SC;0,31;#A9DE00;Baixo;0,33;#A9DE00;Baixo;;0,32;Low
3131604;Iraí de Minas/MG;0,41;#FFCD00;Médio;0,48;#FFCD00;Médio;;0,44499999999999995;Medium
4310504;Iraí/RS;0,38;#A9DE00;Baixo;0,53;#FFCD00;Médio;;0,455;Medium
2914208;Irajuba/BA;0,35;#A9DE00;Baixo;0,42;#FFCD00;Médio;;0,385;Low
2914307;Iramaia/BA;0,43;#FFCD00;Médio;0,49;#FFCD00;Médio;;0,45999999999999996;Medium
1301852;Iranduba/AM;0,76;#FF8300;Alto;0,71;#FF8300;Alto;;0,735;High
4207809;Irani/SC;0,4;#FFCD00;Médio;0,44;#FFCD00;Médio;;0,42000000000000004;Medium
3521507;Irapuã/SP;0,5;#FFCD00;Médio;0,65;#FF8300;Alto;;0,575;Medium
3521606;Irapuru/SP;0,47;#FFCD00;Médio;0,53;#FFCD00;Médio;;0,5;Medium
2914406;Iraquara/BA;0,22;#A9DE00;Baixo;0,27;#A9DE00;Baixo;;0,245;Low
2914505;Irará/BA;0,34;#A9DE00;Baixo;0,33;#A9DE00;Baixo;;0,335;Low
4110706;Irati/PR;0,4;#FFCD00;Médio;0,36;#A9DE00;Baixo;;0,38;Low
4207858;Irati/SC;0,07;#02C650;Muito baixo;0,1;#02C650;Muito baixo;;0,085;Very low
2306108;Irauçuba/CE;0,49;#FFCD00;Médio;0,71;#FF8300;Alto;;0,6;High
2914604;Irecê/BA;0,66;#FF8300;Alto;0,75;#FF8300;Alto;;0,7050000000000001;High
4110805;Iretama/PR;0,36;#A9DE00;Baixo;0,4;#FFCD00;Médio;;0,38;Low
4207908;Irineópolis/SC;0,22;#A9DE00;Baixo;0,21;#A9DE00;Baixo;;0,215;Low
1503507;Irituia/PA;0,62;#FF8300;Alto;0,76;#FF8300;Alto;;0,69;High
3202652;Irupi/ES;0,42;#FFCD00;Médio;0,48;#FFCD00;Médio;;0,44999999999999996;Medium
2204907;Isaías Coelho/PI;0,36;#A9DE00;Baixo;0,47;#FFCD00;Médio;;0,415;Medium
5210307;Israelândia/GO;0,39;#A9DE00;Baixo;0,45;#FFCD00;Médio;;0,42000000000000004;Medium
4310538;Itaara/RS;0,08;#02C650;Muito baixo;0,08;#02C650;Muito baixo;;0,08;Very low
2506905;Itabaiana/PB;0,53;#FFCD00;Médio;0,59;#FFCD00;Médio;;0,56;Medium
2802908;Itabaiana/SE;0,65;#FF8300;Alto;0,76;#FF8300;Alto;;0,7050000000000001;High
2803005;Itabaianinha/SE;0,4;#FFCD00;Médio;0,58;#FFCD00;Médio;;0,49;Medium
2914653;Itabela/BA;0,83;#F40000;Muito alto;0,76;#FF8300;Alto;;0,7949999999999999;Very high
2914703;Itaberaba/BA;0,55;#FFCD00;Médio;0,67;#FF8300;Alto;;0,6100000000000001;High
5210406;Itaberaí/GO;0,59;#FFCD00;Médio;0,63;#FF8300;Alto;;0,61;High
3521705;Itaberá/SP;0,68;#FF8300;Alto;0,67;#FF8300;Alto;;0,675;High
3131703;Itabira/MG;0,47;#FFCD00;Médio;0,52;#FFCD00;Médio;;0,495;Medium
3131802;Itabirinha/MG;0,6;#FF8300;Alto;0,55;#FFCD00;Médio;;0,575;Medium
3131901;Itabirito/MG;0,37;#A9DE00;Baixo;0,33;#A9DE00;Baixo;;0,35;Low
2803104;Itabi/SE;0,3;#A9DE00;Baixo;0,41;#FFCD00;Médio;;0,355;Low
3301900;Itaboraí/RJ;0,6;#FF8300;Alto;0,55;#FFCD00;Médio;;0,575;Medium
2914802;Itabuna/BA;0,81;#F40000;Muito alto;0,66;#FF8300;Alto;;0,7350000000000001;High
1710508;Itacajá/TO;0,37;#A9DE00;Baixo;0,47;#FFCD00;Médio;;0,42;Medium
3132008;Itacambira/MG;0,55;#FFCD00;Médio;0,61;#FF8300;Alto;;0,5800000000000001;Medium
3132107;Itacarambi/MG;0,34;#A9DE00;Baixo;0,54;#FFCD00;Médio;;0,44000000000000006;Medium
2914901;Itacaré/BA;0,68;#FF8300;Alto;0,69;#FF8300;Alto;;0,685;High
1301902;Itacoatiara/AM;0,72;#FF8300;Alto;0,86;#F40000;Muito alto;;0,79;High
2607406;Itacuruba/PE;0,62;#FF8300;Alto;0,66;#FF8300;Alto;;0,64;High
4310553;Itacurubi/RS;0,27;#A9DE00;Baixo;0,38;#A9DE00;Baixo;;0,325;Low
2915007;Itaeté/BA;0,42;#FFCD00;Médio;0,49;#FFCD00;Médio;;0,45499999999999996;Medium
2915106;Itagi/BA;0,72;#FF8300;Alto;0,79;#FF8300;Alto;;0,755;High
2915205;Itagibá/BA;0,58;#FFCD00;Médio;0,75;#FF8300;Alto;;0,665;High
2915304;Itagimirim/BA;0,54;#FFCD00;Médio;0,55;#FFCD00;Médio;;0,545;Medium
2915353;Itaguaçu da Bahia/BA;0,25;#A9DE00;Baixo;0,38;#A9DE00;Baixo;;0,315;Low
3202702;Itaguaçu/ES;0,22;#A9DE00;Baixo;0,32;#A9DE00;Baixo;;0,27;Low
3302007;Itaguaí/RJ;0,59;#FFCD00;Médio;0,57;#FFCD00;Médio;;0,58;Medium
4110904;Itaguajé/PR;0,46;#FFCD00;Médio;0,46;#FFCD00;Médio;;0,46;Medium
3132206;Itaguara/MG;0,45;#FFCD00;Médio;0,51;#FFCD00;Médio;;0,48;Medium
5210562;Itaguari/GO;0,52;#FFCD00;Médio;0,57;#FFCD00;Médio;;0,5449999999999999;Medium
5210604;Itaguaru/GO;0,51;#FFCD00;Médio;0,56;#FFCD00;Médio;;0,535;Medium
1710706;Itaguatins/TO;0,35;#A9DE00;Baixo;0,5;#FFCD00;Médio;;0,425;Medium
2607505;Itaíba/PE;0,69;#FF8300;Alto;0,79;#FF8300;Alto;;0,74;High
2306207;Itaiçaba/CE;0,7;#FF8300;Alto;0,65;#FF8300;Alto;;0,675;High
2205003;Itainópolis/PI;0,36;#A9DE00;Baixo;0,47;#FFCD00;Médio;;0,415;Medium
4208104;Itaiópolis/SC;0,34;#A9DE00;Baixo;0,31;#A9DE00;Baixo;;0,325;Low
2105351;Itaipava do Grajaú/MA;0,22;#A9DE00;Baixo;0,28;#A9DE00;Baixo;;0,25;Low
3132305;Itaipé/MG;0,62;#FF8300;Alto;0,6;#FF8300;Alto;;0,61;High
4110953;Itaipulândia/PR;0,02;#02C650;Muito baixo;0,14;#02C650;Muito baixo;;0,08;Very low
3521804;Itaí/SP;0,22;#A9DE00;Baixo;0,33;#A9DE00;Baixo;;0,275;Low
2306256;Itaitinga/CE;0,62;#FF8300;Alto;0,7;#FF8300;Alto;;0,6599999999999999;High
1503606;Itaituba/PA;0,8;#F40000;Muito alto;0,77;#FF8300;Alto;;0,785;High
5210802;Itajá/GO;0,39;#A9DE00;Baixo;0,57;#FFCD00;Médio;;0,48;Medium
4208203;Itajaí/SC;0,69;#FF8300;Alto;0,03;#02C650;Muito baixo;;0,36;Low
2404853;Itajá/RN;0,5;#FFCD00;Médio;0,54;#FFCD00;Médio;;0,52;Medium
3521903;Itajobi/SP;0,43;#FFCD00;Médio;0,6;#FF8300;Alto;;0,515;Medium
3132404;Itajubá/MG;0,54;#FFCD00;Médio;0,67;#FF8300;Alto;;0,605;High
2915403;Itaju do Colônia/BA;0,57;#FFCD00;Médio;0,7;#FF8300;Alto;;0,635;High
2915502;Itajuípe/BA;0,6;#FF8300;Alto;0,73;#FF8300;Alto;;0,665;High
3522000;Itaju/SP;0,07;#02C650;Muito baixo;0,15;#02C650;Muito baixo;;0,11;Very low
3302056;Italva/RJ;0,55;#FFCD00;Médio;0,57;#FFCD00;Médio;;0,56;Medium
2915601;Itamaraju/BA;0,93;#F40000;Muito alto;0,89;#F40000;Muito alto;;0,91;Very high
3132503;Itamarandiba/MG;0,63;#FF8300;Alto;0,59;#FFCD00;Médio;;0,61;High
1301951;Itamarati/AM;0,52;#FFCD00;Médio;0,69;#FF8300;Alto;;0,605;High
3132602;Itamarati de Minas/MG;0,67;#FF8300;Alto;0,59;#FFCD00;Médio;;0,63;High
2915700;Itamari/BA;0,58;#FFCD00;Médio;0,63;#FF8300;Alto;;0,605;High
3132701;Itambacuri/MG;0,65;#FF8300;Alto;0,55;#FFCD00;Médio;;0,6000000000000001;High
4111001;Itambaracá/PR;0,35;#A9DE00;Baixo;0,45;#FFCD00;Médio;;0,4;Medium
2915809;Itambé/BA;0,94;#F40000;Muito alto;0,96;#F40000;Muito alto;;0,95;Very high
3132800;Itambé do Mato Dentro/MG;0,52;#FFCD00;Médio;0,6;#FF8300;Alto;;0,56;Medium
2607653;Itambé/PE;1,0;#F40000;Muito alto;1,0;#F40000;Muito alto;;1,0;Very high
4111100;Itambé/PR;0,33;#A9DE00;Baixo;0,39;#A9DE00;Baixo;;0,36;Low
3132909;Itamogi/MG;0,47;#FFCD00;Médio;0,54;#FFCD00;Médio;;0,505;Medium
3133006;Itamonte/MG;0,6;#FF8300;Alto;0,51;#FFCD00;Médio;;0,5549999999999999;Medium
2915908;Itanagra/BA;0,33;#A9DE00;Baixo;0,39;#A9DE00;Baixo;;0,36;Low
3522109;Itanhaém/SP;0,72;#FF8300;Alto;0,66;#FF8300;Alto;;0,69;High
3133105;Itanhandu/MG;0,5;#FFCD00;Médio;0,56;#FFCD00;Médio;;0,53;Medium
5104542;Itanhangá/MT;0,12;#02C650;Muito baixo;0,12;#02C650;Muito baixo;;0,12;Very low
2916005;Itanhém/BA;0,76;#FF8300;Alto;0,84;#F40000;Muito alto;;0,8;Very high
3133204;Itanhomi/MG;0,49;#FFCD00;Médio;0,47;#FFCD00;Médio;;0,48;Medium
3133303;Itaobim/MG;0,74;#FF8300;Alto;0,73;#FF8300;Alto;;0,735;High
3302106;Itaocara/RJ;0,53;#FFCD00;Médio;0,54;#FFCD00;Médio;;0,535;Medium
3522158;Itaoca/SP;0,28;#A9DE00;Baixo;0,34;#A9DE00;Baixo;;0,31000000000000005;Low
5210901;Itapaci/GO;0,68;#FF8300;Alto;0,73;#FF8300;Alto;;0,7050000000000001;High
3133402;Itapagipe/MG;0,42;#FFCD00;Médio;0,49;#FFCD00;Médio;;0,45499999999999996;Medium
2306306;Itapajé/CE;0,94;#F40000;Muito alto;0,89;#F40000;Muito alto;;0,915;Very high
2916104;Itaparica/BA;0,28;#A9DE00;Baixo;0,2;#A9DE00;Baixo;;0,24000000000000002;Low
2916203;Itapé/BA;0,65;#FF8300;Alto;0,83;#F40000;Muito alto;;0,74;High
2916302;Itapebi/BA;0,51;#FFCD00;Médio;0,52;#FFCD00;Médio;;0,515;Medium
3522208;Itapecerica da Serra/SP;0,88;#F40000;Muito alto;0,66;#FF8300;Alto;;0,77;High
3133501;Itapecerica/MG;0,34;#A9DE00;Baixo;0,42;#FFCD00;Médio;;0,38;Low
2105401;Itapecuru Mirim/MA;0,41;#FFCD00;Médio;0,67;#FF8300;Alto;;0,54;Medium
4111209;Itapejara d'Oeste/PR;0,53;#FFCD00;Médio;0,5;#FFCD00;Médio;;0,515;Medium
4208302;Itapema/SC;0,56;#FFCD00;Médio;0,23;#A9DE00;Baixo;;0,395;Medium
3202801;Itapemirim/ES;0,28;#A9DE00;Baixo;0,42;#FFCD00;Médio;;0,35;Low
4111258;Itaperuçu/PR;0,61;#FF8300;Alto;0,63;#FF8300;Alto;;0,62;High
3302205;Itaperuna/RJ;0,76;#FF8300;Alto;0,79;#FF8300;Alto;;0,775;High
2607703;Itapetim/PE;0,65;#FF8300;Alto;0,86;#F40000;Muito alto;;0,755;High
2916401;Itapetinga/BA;0,87;#F40000;Muito alto;0,84;#F40000;Muito alto;;0,855;Very high
3522307;Itapetininga/SP;0,37;#A9DE00;Baixo;0,0;#02C650;Muito baixo;;0,185;Very low
3133600;Itapeva/MG;0,41;#FFCD00;Médio;0,28;#A9DE00;Baixo;;0,345;Low
3522406;Itapeva/SP;0,51;#FFCD00;Médio;0,61;#FF8300;Alto;;0,56;Medium
3522505;Itapevi/SP;0,91;#F40000;Muito alto;0,76;#FF8300;Alto;;0,835;Very high
2916500;Itapicuru/BA;0,41;#FFCD00;Médio;0,46;#FFCD00;Médio;;0,435;Medium
2306405;Itapipoca/CE;0,6;#FF8300;Alto;0,59;#FFCD00;Médio;;0,595;High
1302009;Itapiranga/AM;0,82;#F40000;Muito alto;0,71;#FF8300;Alto;;0,7649999999999999;High
4208401;Itapiranga/SC;0,48;#FFCD00;Médio;0,4;#FFCD00;Médio;;0,44;Medium
5211008;Itapirapuã/GO;0,46;#FFCD00;Médio;0,48;#FFCD00;Médio;;0,47;Medium
3522653;Itapirapuã Paulista/SP;0,3;#A9DE00;Baixo;0,38;#A9DE00;Baixo;;0,33999999999999997;Low
3522604;Itapira/SP;0,37;#A9DE00;Baixo;0,66;#FF8300;Alto;;0,515;Medium
1710904;Itapiratins/TO;0,27;#A9DE00;Baixo;0,32;#A9DE00;Baixo;;0,29500000000000004;Low
2607752;Itapissuma/PE;0,5;#FFCD00;Médio;0,6;#FF8300;Alto;500000,0;0,55;Medium
2916609;Itapitanga/BA;0,59;#FFCD00;Médio;0,64;#FF8300;Alto;;0,615;High
2306504;Itapiúna/CE;0,5;#FFCD00;Médio;0,59;#FFCD00;Médio;;0,5449999999999999;Medium
4208450;Itapoá/SC;0,26;#A9DE00;Baixo;0,28;#A9DE00;Baixo;;0,27;Low
3522703;Itápolis/SP;0,41;#FFCD00;Médio;0,62;#FF8300;Alto;;0,515;Medium
1711100;Itaporã do Tocantins/TO;0,47;#FFCD00;Médio;0,54;#FFCD00;Médio;;0,505;Medium
5004502;Itaporã/MS;0,38;#A9DE00;Baixo;0,48;#FFCD00;Médio;;0,43;Medium
2803203;Itaporanga d'Ajuda/SE;0,53;#FFCD00;Médio;0,46;#FFCD00;Médio;;0,495;Medium
2507002;Itaporanga/PB;0,75;#FF8300;Alto;0,86;#F40000;Muito alto;;0,8049999999999999;Very high
3522802;Itaporanga/SP;0,45;#FFCD00;Médio;0,44;#FFCD00;Médio;;0,445;Medium
2507101;Itapororoca/PB;0,51;#FFCD00;Médio;0,55;#FFCD00;Médio;;0,53;Medium
1101104;Itapuã do Oeste/RO;0,38;#A9DE00;Baixo;0,52;#FFCD00;Médio;;0,45;Medium
4310579;Itapuca/RS;0,21;#A9DE00;Baixo;0,26;#A9DE00;Baixo;;0,235;Low
3522901;Itapuí/SP;0,43;#FFCD00;Médio;0,56;#FFCD00;Médio;;0,495;Medium
5211206;Itapuranga/GO;0,6;#FF8300;Alto;0,69;#FF8300;Alto;;0,645;High
3523008;Itapura/SP;0,29;#A9DE00;Baixo;0,39;#A9DE00;Baixo;;0,33999999999999997;Low
3523107;Itaquaquecetuba/SP;0,71;#FF8300;Alto;0,67;#FF8300;Alto;;0,69;High
2916708;Itaquara/BA;0,61;#FF8300;Alto;0,72;#FF8300;Alto;;0,665;High
5004601;Itaquiraí/MS;0,38;#A9DE00;Baixo;0,46;#FFCD00;Médio;;0,42000000000000004;Medium
4310603;Itaqui/RS;0,58;#FFCD00;Médio;0,69;#FF8300;Alto;;0,635;High
2607802;Itaquitinga/PE;0,9;#F40000;Muito alto;0,93;#F40000;Muito alto;;0,915;Very high
3202900;Itarana/ES;0,23;#A9DE00;Baixo;0,29;#A9DE00;Baixo;;0,26;Low
2916807;Itarantim/BA;0,57;#FFCD00;Médio;0,75;#FF8300;Alto;;0,6599999999999999;High
3523206;Itararé/SP;0,71;#FF8300;Alto;0,8;#F40000;Muito alto;;0,755;High
2306553;Itarema/CE;0,41;#FFCD00;Médio;0,54;#FFCD00;Médio;;0,475;Medium
3523305;Itariri/SP;0,62;#FF8300;Alto;0,58;#FFCD00;Médio;;0,6;High
5211305;Itarumã/GO;0,5;#FFCD00;Médio;0,62;#FF8300;Alto;;0,56;Medium
4208005;Itá/SC;0,12;#02C650;Muito baixo;0,19;#02C650;Muito baixo;;0,155;Very low
3302254;Itatiaia/RJ;0,59;#FFCD00;Médio;0,34;#A9DE00;Baixo;;0,46499999999999997;Medium
3133709;Itatiaiuçu/MG;0,11;#02C650;Muito baixo;0,2;#A9DE00;Baixo;;0,155;Very low
4310702;Itatiba do Sul/RS;0,27;#A9DE00;Baixo;0,3;#A9DE00;Baixo;;0,28500000000000003;Low
3523404;Itatiba/SP;0,15;#02C650;Muito baixo;0,29;#A9DE00;Baixo;;0,21999999999999997;Low
2916856;Itatim/BA;0,4;#FFCD00;Médio;0,53;#FFCD00;Médio;;0,465;Medium
3523503;Itatinga/SP;0,51;#FFCD00;Médio;0,68;#FF8300;Alto;;0,595;High
2306603;Itatira/CE;0,39;#A9DE00;Baixo;0,51;#FFCD00;Médio;;0,45;Medium
4310652;Itati/RS;0,43;#FFCD00;Médio;0,49;#FFCD00;Médio;;0,45999999999999996;Medium
2507200;Itatuba/PB;0,52;#FFCD00;Médio;0,58;#FFCD00;Médio;;0,55;Medium
1600253;Itaubal/AP;0,28;#A9DE00;Baixo;0,41;#FFCD00;Médio;;0,345;Low
5104559;Itaúba/MT;0,33;#A9DE00;Baixo;0,41;#FFCD00;Médio;;0,37;Low
5211404;Itauçu/GO;0,35;#A9DE00;Baixo;0,41;#FFCD00;Médio;;0,38;Low
3133758;Itaú de Minas/MG;0,74;#FF8300;Alto;0,69;#FF8300;Alto;;0,715;High
2205102;Itaueira/PI;0,37;#A9DE00;Baixo;0,48;#FFCD00;Médio;;0,425;Medium
4111308;Itaúna do Sul/PR;0,31;#A9DE00;Baixo;0,34;#A9DE00;Baixo;;0,325;Low
3133808;Itaúna/MG;0,65;#FF8300;Alto;0,65;#FF8300;Alto;;0,65;High
2404903;Itaú/RN;0,57;#FFCD00;Médio;0,7;#FF8300;Alto;;0,635;High
3133907;Itaverava/MG;0,34;#A9DE00;Baixo;0,39;#A9DE00;Baixo;;0,365;Low
2105427;Itinga do Maranhão/MA;0,6;#FF8300;Alto;0,77;#FF8300;Alto;;0,685;High
3134004;Itinga/MG;0,67;#FF8300;Alto;0,7;#FF8300;Alto;;0,685;High
5104609;Itiquira/MT;0,32;#A9DE00;Baixo;0,44;#FFCD00;Médio;;0,38;Low
3523602;Itirapina/SP;0,23;#A9DE00;Baixo;0,49;#FFCD00;Médio;;0,36;Low
3523701;Itirapuã/SP;0,54;#FFCD00;Médio;0,63;#FF8300;Alto;;0,585;Medium
2916906;Itiruçu/BA;0,59;#FFCD00;Médio;0,71;#FF8300;Alto;;0,6499999999999999;High
2917003;Itiúba/BA;0,59;#FFCD00;Médio;0,48;#FFCD00;Médio;;0,5349999999999999;Medium
3523800;Itobi/SP;0,57;#FFCD00;Médio;0,66;#FF8300;Alto;;0,615;High
2917102;Itororó/BA;0,67;#FF8300;Alto;0,8;#F40000;Muito alto;;0,7350000000000001;High
2917201;Ituaçu/BA;0,52;#FFCD00;Médio;0,55;#FFCD00;Médio;;0,535;Medium
2917300;Ituberá/BA;0,73;#FF8300;Alto;0,7;#FF8300;Alto;;0,715;High
3134103;Itueta/MG;0,67;#FF8300;Alto;0,6;#FF8300;Alto;;0,635;High
3134202;Ituiutaba/MG;0,59;#FFCD00;Médio;0,62;#FF8300;Alto;;0,605;High
5211503;Itumbiara/GO;0,4;#FFCD00;Médio;0,46;#FFCD00;Médio;;0,43000000000000005;Medium
3134301;Itumirim/MG;0,31;#A9DE00;Baixo;0,39;#A9DE00;Baixo;;0,35;Low
3524006;Itupeva/SP;0,3;#A9DE00;Baixo;0,45;#FFCD00;Médio;;0,375;Low
1503705;Itupiranga/PA;0,43;#FFCD00;Médio;0,59;#FFCD00;Médio;;0,51;Medium
4208500;Ituporanga/SC;0,42;#FFCD00;Médio;0,39;#A9DE00;Baixo;;0,405;Medium
3134400;Iturama/MG;0,4;#FFCD00;Médio;0,48;#FFCD00;Médio;;0,44;Medium
3523909;Itu/SP;0,41;#FFCD00;Médio;0,5;#FFCD00;Médio;;0,45499999999999996;Medium
3134509;Itutinga/MG;0,31;#A9DE00;Baixo;0,39;#A9DE00;Baixo;;0,35;Low
3524105;Ituverava/SP;0,48;#FFCD00;Médio;0,32;#A9DE00;Baixo;;0,4;Medium
2917334;Iuiu/BA;0,42;#FFCD00;Médio;0,47;#FFCD00;Médio;;0,44499999999999995;Medium
3203007;Iúna/ES;0,93;#F40000;Muito alto;0,84;#F40000;Muito alto;;0,885;Very high
4111506;Ivaiporã/PR;0,32;#A9DE00;Baixo;0,43;#FFCD00;Médio;;0,375;Low
4111407;Ivaí/PR;0,29;#A9DE00;Baixo;0,33;#A9DE00;Baixo;;0,31;Low
4111555;Ivaté/PR;0,09;#02C650;Muito baixo;0,21;#A9DE00;Baixo;;0,15;Very low
4111605;Ivatuba/PR;0,19;#02C650;Muito baixo;0,29;#A9DE00;Baixo;;0,24;Low
5004700;Ivinhema/MS;0,3;#A9DE00;Baixo;0,53;#FFCD00;Médio;;0,41500000000000004;Medium
5211602;Ivolândia/GO;0,41;#FFCD00;Médio;0,52;#FFCD00;Médio;;0,46499999999999997;Medium
4310751;Ivorá/RS;0,16;#02C650;Muito baixo;0,15;#02C650;Muito baixo;;0,155;Very low
4310801;Ivoti/RS;0,38;#A9DE00;Baixo;0,42;#FFCD00;Médio;;0,4;Medium
2607901;Jaboatão dos Guararapes/PE;0,76;#FF8300;Alto;0,72;#FF8300;Alto;5000000,0;0,74;High
2917359;Jaborandi/BA;0,29;#A9DE00;Baixo;0,4;#FFCD00;Médio;;0,345;Low
3524204;Jaborandi/SP;0,34;#A9DE00;Baixo;0,49;#FFCD00;Médio;;0,41500000000000004;Medium
4208609;Jaborá/SC;0,15;#02C650;Muito baixo;0,21;#A9DE00;Baixo;;0,18;Very low
3524303;Jaboticabal/SP;0,54;#FFCD00;Médio;0,48;#FFCD00;Médio;;0,51;Medium
4310850;Jaboticaba/RS;0,24;#A9DE00;Baixo;0,27;#A9DE00;Baixo;;0,255;Low
3134608;Jaboticatubas/MG;0,05;#02C650;Muito baixo;0,15;#02C650;Muito baixo;;0,1;Very low
4111704;Jaboti/PR;0,01;#02C650;Muito baixo;0,07;#02C650;Muito baixo;;0,04;Very low
2405009;Jaçanã/RN;0,52;#FFCD00;Médio;0,63;#FF8300;Alto;;0,575;Medium
2917409;Jacaraci/BA;0,29;#A9DE00;Baixo;0,31;#A9DE00;Baixo;;0,3;Low
2507309;Jacaraú/PB;0,69;#FF8300;Alto;0,63;#FF8300;Alto;;0,6599999999999999;High
1503754;Jacareacanga/PA;0,32;#A9DE00;Baixo;0,35;#A9DE00;Baixo;;0,33499999999999996;Low
2703403;Jacaré dos Homens/AL;0,4;#FFCD00;Médio;0,45;#FFCD00;Médio;;0,42500000000000004;Medium
3524402;Jacareí/SP;0,0;#02C650;Muito baixo;0,0;#02C650;Muito baixo;;0,0;Very low
4111803;Jacarezinho/PR;0,66;#FF8300;Alto;0,51;#FFCD00;Médio;;0,585;Medium
5104807;Jaciara/MT;0,45;#FFCD00;Médio;0,56;#FFCD00;Médio;;0,505;Medium
4208708;Jacinto Machado/SC;0,24;#A9DE00;Baixo;0,31;#A9DE00;Baixo;;0,275;Low
3134707;Jacinto/MG;0,52;#FFCD00;Médio;0,56;#FFCD00;Médio;;0,54;Medium
3524501;Jaci/SP;0,31;#A9DE00;Baixo;0,38;#A9DE00;Baixo;;0,345;Low
2917508;Jacobina/BA;0,74;#FF8300;Alto;0,79;#FF8300;Alto;;0,765;High
2205151;Jacobina do Piauí/PI;0,16;#02C650;Muito baixo;0,2;#A9DE00;Baixo;;0,18;Very low
3134806;Jacuí/MG;0,52;#FFCD00;Médio;0,5;#FFCD00;Médio;;0,51;Medium
2703502;Jacuípe/AL;0,58;#FFCD00;Médio;0,64;#FF8300;Alto;;0,61;High
4310876;Jacuizinho/RS;0,14;#02C650;Muito baixo;0,23;#A9DE00;Baixo;;0,185;Very low
1503804;Jacundá/PA;0,54;#FFCD00;Médio;0,77;#FF8300;Alto;;0,655;High
3524600;Jacupiranga/SP;0,63;#FF8300;Alto;0,68;#FF8300;Alto;;0,655;High
3134905;Jacutinga/MG;0,49;#FFCD00;Médio;0,53;#FFCD00;Médio;;0,51;Medium
4310900;Jacutinga/RS;0,33;#A9DE00;Baixo;0,36;#A9DE00;Baixo;;0,345;Low
4111902;Jaguapitã/PR;0,28;#A9DE00;Baixo;0,39;#A9DE00;Baixo;;0,335;Low
2917607;Jaguaquara/BA;0,55;#FFCD00;Médio;0,71;#FF8300;Alto;;0,63;High
3135001;Jaguaraçu/MG;0,72;#FF8300;Alto;0,61;#FF8300;Alto;;0,665;High
4311007;Jaguarão/RS;0,56;#FFCD00;Médio;0,69;#FF8300;Alto;;0,625;High
2917706;Jaguarari/BA;0,3;#A9DE00;Baixo;0,36;#A9DE00;Baixo;;0,32999999999999996;Low
3203056;Jaguaré/ES;0,75;#FF8300;Alto;0,59;#FFCD00;Médio;;0,6699999999999999;High
2306702;Jaguaretama/CE;0,67;#FF8300;Alto;0,74;#FF8300;Alto;;0,7050000000000001;High
4112009;Jaguariaíva/PR;0,48;#FFCD00;Médio;0,15;#02C650;Muito baixo;;0,315;Low
2306801;Jaguaribara/CE;0,51;#FFCD00;Médio;0,54;#FFCD00;Médio;;0,525;Medium
2306900;Jaguaribe/CE;0,69;#FF8300;Alto;0,83;#F40000;Muito alto;;0,76;High
2917805;Jaguaripe/BA;0,48;#FFCD00;Médio;0,63;#FF8300;Alto;;0,5549999999999999;Medium
4311106;Jaguari/RS;0,51;#FFCD00;Médio;0,48;#FFCD00;Médio;;0,495;Medium
3524709;Jaguariúna/SP;0,53;#FFCD00;Médio;0,25;#A9DE00;Baixo;;0,39;Low
2307007;Jaguaruana/CE;0,48;#FFCD00;Médio;0,65;#FF8300;Alto;;0,565;Medium
4208807;Jaguaruna/SC;0,0;#02C650;Muito baixo;0,08;#02C650;Muito baixo;;0,04;Very low
3135050;Jaíba/MG;0,21;#A9DE00;Baixo;0,33;#A9DE00;Baixo;;0,27;Low
2205201;Jaicós/PI;0,53;#FFCD00;Médio;0,64;#FF8300;Alto;;0,585;Medium
3524808;Jales/SP;0,38;#A9DE00;Baixo;0,46;#FFCD00;Médio;;0,42000000000000004;Medium
3524907;Jambeiro/SP;0,33;#A9DE00;Baixo;0,38;#A9DE00;Baixo;;0,355;Low
3135076;Jampruca/MG;0,58;#FFCD00;Médio;0,69;#FF8300;Alto;;0,635;High
3135100;Janaúba/MG;0,34;#A9DE00;Baixo;0,48;#FFCD00;Médio;;0,41000000000000003;Medium
4112108;Jandaia do Sul/PR;0,2;#A9DE00;Baixo;0,41;#FFCD00;Médio;;0,305;Low
5211701;Jandaia/GO;0,45;#FFCD00;Médio;0,47;#FFCD00;Médio;;0,45999999999999996;Medium
2917904;Jandaíra/BA;0,42;#FFCD00;Médio;0,52;#FFCD00;Médio;;0,47;Medium
2405108;Jandaíra/RN;0,58;#FFCD00;Médio;0,63;#FF8300;Alto;;0,605;High
3525003;Jandira/SP;0,75;#FF8300;Alto;0,69;#FF8300;Alto;;0,72;High
2405207;Janduís/RN;0,67;#FF8300;Alto;0,82;#F40000;Muito alto;;0,745;High
5104906;Jangada/MT;0,29;#A9DE00;Baixo;0,39;#A9DE00;Baixo;;0,33999999999999997;Low
4112207;Janiópolis/PR;0,27;#A9DE00;Baixo;0,36;#A9DE00;Baixo;;0,315;Low
3135209;Januária/MG;0,42;#FFCD00;Médio;0,65;#FF8300;Alto;;0,535;Medium
2405306;Januário Cicco/RN;0,38;#A9DE00;Baixo;0,47;#FFCD00;Médio;;0,425;Medium
3135308;Japaraíba/MG;0,3;#A9DE00;Baixo;0,39;#A9DE00;Baixo;;0,345;Low
2703601;Japaratinga/AL;0,33;#A9DE00;Baixo;0,33;#A9DE00;Baixo;;0,33;Low
2803302;Japaratuba/SE;0,43;#FFCD00;Médio;0,52;#FFCD00;Médio;;0,475;Medium
3302270;Japeri/RJ;0,87;#F40000;Muito alto;0,83;#F40000;Muito alto;;0,85;Very high
4112306;Japira/PR;0,58;#FFCD00;Médio;0,6;#FF8300;Alto;;0,59;Medium
2405405;Japi/RN;0,61;#FF8300;Alto;0,66;#FF8300;Alto;;0,635;High
2803401;Japoatã/SE;0,18;#02C650;Muito baixo;0,26;#A9DE00;Baixo;;0,22;Low
3135357;Japonvar/MG;0,24;#A9DE00;Baixo;0,36;#A9DE00;Baixo;;0,3;Low
5004809;Japorã/MS;0,31;#A9DE00;Baixo;0,36;#A9DE00;Baixo;;0,33499999999999996;Low
1302108;Japurá/AM;0,45;#FFCD00;Médio;0,64;#FF8300;Alto;;0,545;Medium
4112405;Japurá/PR;0,45;#FFCD00;Médio;0,54;#FFCD00;Médio;;0,495;Medium
2607950;Jaqueira/PE;0,77;#FF8300;Alto;0,72;#FF8300;Alto;;0,745;High
4311122;Jaquirana/RS;0,41;#FFCD00;Médio;0,55;#FFCD00;Médio;;0,48;Medium
4208906;Jaraguá do Sul/SC;0,57;#FFCD00;Médio;0,47;#FFCD00;Médio;;0,52;Medium
5211800;Jaraguá/GO;0,59;#FFCD00;Médio;0,67;#FF8300;Alto;;0,63;High
5004908;Jaraguari/MS;0,28;#A9DE00;Baixo;0,53;#FFCD00;Médio;;0,405;Medium
2703700;Jaramataia/AL;0,44;#FFCD00;Médio;0,5;#FFCD00;Médio;;0,47;Medium
4112504;Jardim Alegre/PR;0,54;#FFCD00;Médio;0,54;#FFCD00;Médio;;0,54;Medium
2307106;Jardim/CE;0,56;#FFCD00;Médio;0,52;#FFCD00;Médio;;0,54;Medium
2405504;Jardim de Angicos/RN;0,23;#A9DE00;Baixo;0,27;#A9DE00;Baixo;;0,25;Low
2405603;Jardim de Piranhas/RN;0,5;#FFCD00;Médio;0,62;#FF8300;Alto;;0,56;Medium
2205250;Jardim do Mulato/PI;0,41;#FFCD00;Médio;0,39;#A9DE00;Baixo;;0,4;Medium
2405702;Jardim do Seridó/RN;0,66;#FF8300;Alto;0,76;#FF8300;Alto;;0,71;High
5005004;Jardim/MS;0,31;#A9DE00;Baixo;0,42;#FFCD00;Médio;;0,365;Low
4112603;Jardim Olinda/PR;0,19;#02C650;Muito baixo;0,25;#A9DE00;Baixo;;0,22;Low
4208955;Jardinópolis/SC;0,19;#02C650;Muito baixo;0,24;#A9DE00;Baixo;;0,215;Low
3525102;Jardinópolis/SP;0,58;#FFCD00;Médio;0,71;#FF8300;Alto;;0,645;High
3525201;Jarinu/SP;0,49;#FFCD00;Médio;0,48;#FFCD00;Médio;;0,485;Medium
4311130;Jari/RS;0,17;#02C650;Muito baixo;0,22;#A9DE00;Baixo;;0,195;Low
1100114;Jaru/RO;0,49;#FFCD00;Médio;0,57;#FFCD00;Médio;;0,53;Medium
5211909;Jataí/GO;0,47;#FFCD00;Médio;0,45;#FFCD00;Médio;;0,45999999999999996;Medium
4112702;Jataizinho/PR;0,3;#A9DE00;Baixo;0,4;#FFCD00;Médio;;0,35;Low
2608008;Jataúba/PE;0,79;#FF8300;Alto;0,78;#FF8300;Alto;;0,785;High
5005103;Jateí/MS;0,28;#A9DE00;Baixo;0,36;#A9DE00;Baixo;;0,32;Low
2307205;Jati/CE;0,36;#A9DE00;Baixo;0,47;#FFCD00;Médio;;0,415;Medium
2205276;Jatobá do Piauí/PI;0,19;#02C650;Muito baixo;0,23;#A9DE00;Baixo;;0,21000000000000002;Low
2105450;Jatobá/MA;0,3;#A9DE00;Baixo;0,35;#A9DE00;Baixo;;0,32499999999999996;Low
2608057;Jatobá/PE;0,24;#A9DE00;Baixo;0,31;#A9DE00;Baixo;;0,275;Low
1711506;Jaú do Tocantins/TO;0,29;#A9DE00;Baixo;0,35;#A9DE00;Baixo;;0,31999999999999995;Low
5212006;Jaupaci/GO;0,27;#A9DE00;Baixo;0,36;#A9DE00;Baixo;;0,315;Low
5105002;Jauru/MT;0,31;#A9DE00;Baixo;0,36;#A9DE00;Baixo;;0,33499999999999996;Low
3525300;Jaú/SP;0,54;#FFCD00;Médio;0,31;#A9DE00;Baixo;;0,42500000000000004;Medium
3135407;Jeceaba/MG;0,18;#02C650;Muito baixo;0,23;#A9DE00;Baixo;;0,20500000000000002;Low
3135456;Jenipapo de Minas/MG;0,44;#FFCD00;Médio;0,51;#FFCD00;Médio;;0,475;Medium
2105476;Jenipapo dos Vieiras/MA;0,08;#02C650;Muito baixo;0,12;#02C650;Muito baixo;;0,1;Very low
3135506;Jequeri/MG;0,52;#FFCD00;Médio;0,64;#FF8300;Alto;;0,5800000000000001;Medium
2703759;Jequiá da Praia/AL;0,25;#A9DE00;Baixo;0,29;#A9DE00;Baixo;;0,27;Low
2918001;Jequié/BA;0,93;#F40000;Muito alto;0,85;#F40000;Muito alto;;0,89;Very high
3135605;Jequitaí/MG;0,47;#FFCD00;Médio;0,62;#FF8300;Alto;;0,5449999999999999;Medium
3135704;Jequitibá/MG;0,07;#02C650;Muito baixo;0,13;#02C650;Muito baixo;;0,1;Very low
3135803;Jequitinhonha/MG;0,69;#FF8300;Alto;0,78;#FF8300;Alto;;0,735;High
2918100;Jeremoabo/BA;0,6;#FF8300;Alto;0,62;#FF8300;Alto;;0,61;High
2507408;Jericó/PB;0,64;#FF8300;Alto;0,73;#FF8300;Alto;;0,685;High
3525409;Jeriquara/SP;0,26;#A9DE00;Baixo;0,34;#A9DE00;Baixo;;0,30000000000000004;Low
3203106;Jerônimo Monteiro/ES;0,43;#FFCD00;Médio;0,53;#FFCD00;Médio;;0,48;Medium
2205300;Jerumenha/PI;0,21;#A9DE00;Baixo;0,25;#A9DE00;Baixo;;0,22999999999999998;Low
3135902;Jesuânia/MG;0,8;#F40000;Muito alto;0,69;#FF8300;Alto;;0,745;High
4112751;Jesuítas/PR;0,3;#A9DE00;Baixo;0,4;#FFCD00;Médio;;0,35;Low
5212055;Jesúpolis/GO;0,33;#A9DE00;Baixo;0,42;#FFCD00;Médio;;0,375;Low
2307254;Jijoca de Jericoacoara/CE;0,0;#02C650;Muito baixo;0,03;#02C650;Muito baixo;;0,015;Very low
1100122;Ji-Paraná/RO;0,48;#FFCD00;Médio;0,59;#FFCD00;Médio;;0,5349999999999999;Medium
2918209;Jiquiriçá/BA;0,46;#FFCD00;Médio;0,51;#FFCD00;Médio;;0,485;Medium
2918308;Jitaúna/BA;0,57;#FFCD00;Médio;0,62;#FF8300;Alto;;0,595;High
4209003;Joaçaba/SC;0,44;#FFCD00;Médio;0,38;#A9DE00;Baixo;;0,41000000000000003;Medium
3136009;Joaíma/MG;0,79;#FF8300;Alto;0,76;#FF8300;Alto;;0,775;High
3136108;Joanésia/MG;0,32;#A9DE00;Baixo;0,41;#FFCD00;Médio;;0,365;Low
3525508;Joanópolis/SP;0,68;#FF8300;Alto;0,71;#FF8300;Alto;;0,6950000000000001;High
2608107;João Alfredo/PE;0,95;#F40000;Muito alto;0,9;#F40000;Muito alto;;0,925;Very high
2405801;João Câmara/RN;0,68;#FF8300;Alto;0,64;#FF8300;Alto;;0,66;High
2205359;João Costa/PI;0,49;#FFCD00;Médio;0,6;#FF8300;Alto;;0,5449999999999999;Medium
2405900;João Dias/RN;0,43;#FFCD00;Médio;0,49;#FFCD00;Médio;;0,45999999999999996;Medium
2918357;João Dourado/BA;0,34;#A9DE00;Baixo;0,4;#FFCD00;Médio;;0,37;Low
2105500;João Lisboa/MA;0,43;#FFCD00;Médio;0,61;#FF8300;Alto;;0,52;Medium
3136207;João Monlevade/MG;0,76;#FF8300;Alto;0,65;#FF8300;Alto;;0,7050000000000001;High
3203130;João Neiva/ES;0,64;#FF8300;Alto;0,51;#FFCD00;Médio;;0,575;Medium
2507507;João Pessoa/PB;0,54;#FFCD00;Médio;0,49;#FFCD00;Médio;;0,515;Medium
3136306;João Pinheiro/MG;0,6;#FF8300;Alto;0,6;#FF8300;Alto;;0,6;High
3525607;João Ramalho/SP;0,6;#FF8300;Alto;0,67;#FF8300;Alto;;0,635;High
3136405;Joaquim Felício/MG;0,36;#A9DE00;Baixo;0,4;#FFCD00;Médio;;0,38;Low
2703809;Joaquim Gomes/AL;0,76;#FF8300;Alto;0,78;#FF8300;Alto;;0,77;High
2608206;Joaquim Nabuco/PE;0,6;#FF8300;Alto;0,64;#FF8300;Alto;;0,62;High
2205409;Joaquim Pires/PI;0,46;#FFCD00;Médio;0,54;#FFCD00;Médio;;0,5;Medium
4112801;Joaquim Távora/PR;0,45;#FFCD00;Médio;0,51;#FFCD00;Médio;;0,48;Medium
2513653;Joca Claudino/PB;0,45;#FFCD00;Médio;0,48;#FFCD00;Médio;;0,46499999999999997;Medium
2205458;Joca Marques/PI;0,33;#A9DE00;Baixo;0,47;#FFCD00;Médio;;0,4;Medium
4311155;Jóia/RS;0,22;#A9DE00;Baixo;0,32;#A9DE00;Baixo;;0,27;Low
4209102;Joinville/SC;0,41;#FFCD00;Médio;0,5;#FFCD00;Médio;;0,45499999999999996;Medium
3136504;Jordânia/MG;0,56;#FFCD00;Médio;0,64;#FF8300;Alto;;0,6000000000000001;High
1200328;Jordão/AC;0,39;#A9DE00;Baixo;0,46;#FFCD00;Médio;;0,42500000000000004;Medium
4209151;José Boiteux/SC;0,21;#A9DE00;Baixo;0,24;#A9DE00;Baixo;;0,22499999999999998;Low
3525706;José Bonifácio/SP;0,45;#FFCD00;Médio;0,64;#FF8300;Alto;;0,545;Medium
2406007;José da Penha/RN;0,55;#FFCD00;Médio;0,61;#FF8300;Alto;;0,5800000000000001;Medium
2205508;José de Freitas/PI;0,26;#A9DE00;Baixo;0,42;#FFCD00;Médio;;0,33999999999999997;Low
3136520;José Gonçalves de Minas/MG;0,26;#A9DE00;Baixo;0,29;#A9DE00;Baixo;;0,275;Low
2105609;Joselândia/MA;0,28;#A9DE00;Baixo;0,35;#A9DE00;Baixo;;0,315;Low
3136579;Josenópolis/MG;0,45;#FFCD00;Médio;0,51;#FFCD00;Médio;;0,48;Medium
3136553;José Raydan/MG;0,32;#A9DE00;Baixo;0,37;#A9DE00;Baixo;;0,345;Low
5212105;Joviânia/GO;0,38;#A9DE00;Baixo;0,44;#FFCD00;Médio;;0,41000000000000003;Medium
5105101;Juara/MT;0,34;#A9DE00;Baixo;0,35;#A9DE00;Baixo;;0,345;Low
2507606;Juarez Távora/PB;0,55;#FFCD00;Médio;0,6;#FF8300;Alto;;0,575;Medium
1711803;Juarina/TO;0,33;#A9DE00;Baixo;0,41;#FFCD00;Médio;;0,37;Low
3136652;Juatuba/MG;0,37;#A9DE00;Baixo;0,38;#A9DE00;Baixo;;0,375;Low
2507705;Juazeirinho/PB;0,63;#FF8300;Alto;0,82;#F40000;Muito alto;;0,725;High
2918407;Juazeiro/BA;0,85;#F40000;Muito alto;0,76;#FF8300;Alto;;0,8049999999999999;Very high
2307304;Juazeiro do Norte/CE;0,76;#FF8300;Alto;0,67;#FF8300;Alto;;0,7150000000000001;High
2205516;Juazeiro do Piauí/PI;0,22;#A9DE00;Baixo;0,31;#A9DE00;Baixo;;0,265;Low
2307403;Jucás/CE;0,67;#FF8300;Alto;0,77;#FF8300;Alto;;0,72;High
2608255;Jucati/PE;0,44;#FFCD00;Médio;0,5;#FFCD00;Médio;;0,47;Medium
2918456;Jucuruçu/BA;0,39;#A9DE00;Baixo;0,44;#FFCD00;Médio;;0,41500000000000004;Medium
2406106;Jucurutu/RN;0,45;#FFCD00;Médio;0,53;#FFCD00;Médio;;0,49;Medium
5105150;Juína/MT;0,32;#A9DE00;Baixo;0,4;#FFCD00;Médio;;0,36;Low
3136702;Juiz de Fora/MG;0,7;#FF8300;Alto;0,23;#A9DE00;Baixo;;0,46499999999999997;Medium
2205524;Júlio Borges/PI;0,25;#A9DE00;Baixo;0,3;#A9DE00;Baixo;;0,275;Low
4311205;Júlio de Castilhos/RS;0,44;#FFCD00;Médio;0,41;#FFCD00;Médio;;0,425;Medium
3525805;Júlio Mesquita/SP;0,5;#FFCD00;Médio;0,56;#FFCD00;Médio;;0,53;Medium
3525854;Jumirim/SP;0,36;#A9DE00;Baixo;0,47;#FFCD00;Médio;;0,415;Medium
2105658;Junco do Maranhão/MA;0,51;#FFCD00;Médio;0,73;#FF8300;Alto;;0,62;High
2507804;Junco do Seridó/PB;0,67;#FF8300;Alto;0,7;#FF8300;Alto;;0,685;High
2703908;Jundiá/AL;0,55;#FFCD00;Médio;0,61;#FF8300;Alto;;0,5800000000000001;Medium
4112900;Jundiaí do Sul/PR;0,33;#A9DE00;Baixo;0,34;#A9DE00;Baixo;;0,335;Low
3525904;Jundiaí/SP;0,0;#02C650;Muito baixo;0,0;#02C650;Muito baixo;;0,0;Very low
2406155;Jundiá/RN;0,29;#A9DE00;Baixo;0,37;#A9DE00;Baixo;;0,32999999999999996;Low
2704005;Junqueiro/AL;0,43;#FFCD00;Médio;0,61;#FF8300;Alto;;0,52;Medium
3526001;Junqueirópolis/SP;0,4;#FFCD00;Médio;0,6;#FF8300;Alto;;0,5;Medium
4209177;Jupiá/SC;0,12;#02C650;Muito baixo;0,22;#A9DE00;Baixo;;0,16999999999999998;Very low
2608305;Jupi/PE;0,47;#FFCD00;Médio;0,53;#FFCD00;Médio;;0,5;Medium
3526100;Juquiá/SP;0,61;#FF8300;Alto;0,49;#FFCD00;Médio;;0,55;Medium
3526209;Juquitiba/SP;0,67;#FF8300;Alto;0,54;#FFCD00;Médio;;0,605;High
3136801;Juramento/MG;0,25;#A9DE00;Baixo;0,31;#A9DE00;Baixo;;0,28;Low
4112959;Juranda/PR;0,31;#A9DE00;Baixo;0,41;#FFCD00;Médio;;0,36;Low
2608404;Jurema/PE;0,51;#FFCD00;Médio;0,57;#FFCD00;Médio;;0,54;Medium
2205532;Jurema/PI;0,23;#A9DE00;Baixo;0,31;#A9DE00;Baixo;;0,27;Low
2507903;Juripiranga/PB;0,88;#F40000;Muito alto;0,94;#F40000;Muito alto;;0,9099999999999999;Very high
1302207;Juruá/AM;0,5;#FFCD00;Médio;0,76;#FF8300;Alto;;0,63;High
3136900;Juruaia/MG;0,23;#A9DE00;Baixo;0,28;#A9DE00;Baixo;;0,255;Low
5105176;Juruena/MT;0,28;#A9DE00;Baixo;0,35;#A9DE00;Baixo;;0,315;Low
2508000;Juru/PB;0,5;#FFCD00;Médio;0,6;#FF8300;Alto;;0,55;Medium
1503903;Juruti/PA;0,63;#FF8300;Alto;0,76;#FF8300;Alto;;0,6950000000000001;High
5105200;Juscimeira/MT;0,69;#FF8300;Alto;0,75;#FF8300;Alto;;0,72;High
2918506;Jussara/BA;0,37;#A9DE00;Baixo;0,42;#FFCD00;Médio;;0,395;Medium
5212204;Jussara/GO;0,48;#FFCD00;Médio;0,56;#FFCD00;Médio;;0,52;Medium
4113007;Jussara/PR;0,41;#FFCD00;Médio;0,47;#FFCD00;Médio;;0,43999999999999995;Medium
2918555;Jussari/BA;0,6;#FF8300;Alto;0,68;#FF8300;Alto;;0,64;High
2918605;Jussiape/BA;0,36;#A9DE00;Baixo;0,42;#FFCD00;Médio;;0,39;Low
1302306;Jutaí/AM;0,69;#FF8300;Alto;0,76;#FF8300;Alto;;0,725;High
5005152;Juti/MS;0,25;#A9DE00;Baixo;0,44;#FFCD00;Médio;;0,345;Low
3136959;Juvenília/MG;0,28;#A9DE00;Baixo;0,4;#FFCD00;Médio;;0,34;Low
4113106;Kaloré/PR;0,34;#A9DE00;Baixo;0,38;#A9DE00;Baixo;;0,36;Low
1302405;Lábrea/AM;0,9;#F40000;Muito alto;0,99;#F40000;Muito alto;;0,9450000000000001;Very high
4209201;Lacerdópolis/SC;0,16;#02C650;Muito baixo;0,17;#02C650;Muito baixo;;0,165;Very low
3137007;Ladainha/MG;0,43;#FFCD00;Médio;0,61;#FF8300;Alto;;0,52;Medium
5005202;Ladário/MS;0,76;#FF8300;Alto;0,83;#F40000;Muito alto;;0,7949999999999999;Very high
2918704;Lafaiete Coutinho/BA;0,36;#A9DE00;Baixo;0,48;#FFCD00;Médio;;0,42;Medium
3137106;Lagamar/MG;0,39;#A9DE00;Baixo;0,48;#FFCD00;Médio;;0,435;Medium
2803500;Lagarto/SE;0,47;#FFCD00;Médio;0,56;#FFCD00;Médio;;0,515;Medium
4209300;Lages/SC;0,81;#F40000;Muito alto;0,59;#FFCD00;Médio;;0,7;High
2205557;Lagoa Alegre/PI;0,33;#A9DE00;Baixo;0,38;#A9DE00;Baixo;;0,355;Low
4311239;Lagoa Bonita do Sul/RS;0,01;#02C650;Muito baixo;0,03;#02C650;Muito baixo;;0,02;Very low
2704104;Lagoa da Canoa/AL;0,3;#A9DE00;Baixo;0,39;#A9DE00;Baixo;;0,345;Low
1711902;Lagoa da Confusão/TO;0,24;#A9DE00;Baixo;0,34;#A9DE00;Baixo;;0,29000000000000004;Low
2406205;Lagoa d'Anta/RN;0,6;#FF8300;Alto;0,68;#FF8300;Alto;;0,64;High
3137205;Lagoa da Prata/MG;0,43;#FFCD00;Médio;0,56;#FFCD00;Médio;;0,495;Medium
2508208;Lagoa de Dentro/PB;0,59;#FFCD00;Médio;0,54;#FFCD00;Médio;;0,565;Medium
2608503;Lagoa de Itaenga/PE;1,0;#F40000;Muito alto;0,83;#F40000;Muito alto;;0,915;Very high
2406304;Lagoa de Pedras/RN;0,28;#A9DE00;Baixo;0,36;#A9DE00;Baixo;;0,32;Low
2205573;Lagoa de São Francisco/PI;0,34;#A9DE00;Baixo;0,29;#A9DE00;Baixo;;0,315;Low
2406403;Lagoa de Velhos/RN;0,43;#FFCD00;Médio;0,48;#FFCD00;Médio;;0,45499999999999996;Medium
2205565;Lagoa do Barro do Piauí/PI;0,18;#02C650;Muito baixo;0,26;#A9DE00;Baixo;;0,22;Low
2608453;Lagoa do Carro/PE;0,48;#FFCD00;Médio;0,59;#FFCD00;Médio;;0,5349999999999999;Medium
2105922;Lagoa do Mato/MA;0,38;#A9DE00;Baixo;0,44;#FFCD00;Médio;;0,41000000000000003;Medium
2608602;Lagoa do Ouro/PE;0,53;#FFCD00;Médio;0,61;#FF8300;Alto;;0,5700000000000001;Medium
2205581;Lagoa do Piauí/PI;0,27;#A9DE00;Baixo;0,43;#FFCD00;Médio;;0,35;Low
2608701;Lagoa dos Gatos/PE;0,54;#FFCD00;Médio;0,74;#FF8300;Alto;;0,64;High
2205599;Lagoa do Sítio/PI;0,32;#A9DE00;Baixo;0,4;#FFCD00;Médio;;0,36;Low
3137304;Lagoa dos Patos/MG;0,51;#FFCD00;Médio;0,63;#FF8300;Alto;;0,5700000000000001;Medium
4311270;Lagoa dos Três Cantos/RS;0,08;#02C650;Muito baixo;0,26;#A9DE00;Baixo;;0,17;Very low
1711951;Lagoa do Tocantins/TO;0,38;#A9DE00;Baixo;0,46;#FFCD00;Médio;;0,42000000000000004;Medium
3137403;Lagoa Dourada/MG;0,34;#A9DE00;Baixo;0,36;#A9DE00;Baixo;;0,35;Low
3137502;Lagoa Formosa/MG;0,47;#FFCD00;Médio;0,53;#FFCD00;Médio;;0,5;Medium
2105963;Lagoa Grande do Maranhão/MA;0,39;#A9DE00;Baixo;0,44;#FFCD00;Médio;;0,41500000000000004;Medium
3137536;Lagoa Grande/MG;0,34;#A9DE00;Baixo;0,38;#A9DE00;Baixo;;0,36;Low
2608750;Lagoa Grande/PE;0,3;#A9DE00;Baixo;0,36;#A9DE00;Baixo;;0,32999999999999996;Low
2406502;Lagoa Nova/RN;0,33;#A9DE00;Baixo;0,47;#FFCD00;Médio;;0,4;Medium
4311254;Lagoão/RS;0,39;#A9DE00;Baixo;0,4;#FFCD00;Médio;;0,395;Medium
2508109;Lagoa/PB;0,57;#FFCD00;Médio;0,66;#FF8300;Alto;;0,615;High
2918753;Lagoa Real/BA;0,32;#A9DE00;Baixo;0,37;#A9DE00;Baixo;;0,345;Low
2406601;Lagoa Salgada/RN;0,52;#FFCD00;Médio;0,58;#FFCD00;Médio;;0,55;Medium
5212253;Lagoa Santa/GO;0,17;#02C650;Muito baixo;0,22;#A9DE00;Baixo;;0,195;Low
3137601;Lagoa Santa/MG;0,4;#FFCD00;Médio;0,39;#A9DE00;Baixo;;0,395;Medium
2508307;Lagoa Seca/PB;0,71;#FF8300;Alto;0,78;#FF8300;Alto;;0,745;High
4311304;Lagoa Vermelha/RS;0,45;#FFCD00;Médio;0,52;#FFCD00;Médio;;0,485;Medium
2105708;Lago da Pedra/MA;0,58;#FFCD00;Médio;0,71;#FF8300;Alto;;0,645;High
2105807;Lago do Junco/MA;0,39;#A9DE00;Baixo;0,52;#FFCD00;Médio;;0,455;Medium
2105948;Lago dos Rodrigues/MA;0,41;#FFCD00;Médio;0,52;#FFCD00;Médio;;0,46499999999999997;Medium
2205540;Lagoinha do Piauí/PI;0,31;#A9DE00;Baixo;0,42;#FFCD00;Médio;;0,365;Low
3526308;Lagoinha/SP;0,23;#A9DE00;Baixo;0,35;#A9DE00;Baixo;;0,29;Low
2105906;Lago Verde/MA;0,33;#A9DE00;Baixo;0,41;#FFCD00;Médio;;0,37;Low
5005251;Laguna Carapã/MS;0,31;#A9DE00;Baixo;0,42;#FFCD00;Médio;;0,365;Low
4209409;Laguna/SC;0,6;#FF8300;Alto;0,63;#FF8300;Alto;;0,615;High
4311429;Lajeado do Bugre/RS;0,33;#A9DE00;Baixo;0,37;#A9DE00;Baixo;;0,35;Low
4209458;Lajeado Grande/SC;0,13;#02C650;Muito baixo;0,18;#02C650;Muito baixo;;0,155;Very low
2105989;Lajeado Novo/MA;0,38;#A9DE00;Baixo;0,49;#FFCD00;Médio;;0,435;Medium
4311403;Lajeado/RS;0,45;#FFCD00;Médio;0,47;#FFCD00;Médio;;0,45999999999999996;Medium
1712009;Lajeado/TO;0,39;#A9DE00;Baixo;0,37;#A9DE00;Baixo;;0,38;Low
2918803;Laje/BA;0,32;#A9DE00;Baixo;0,39;#A9DE00;Baixo;;0,355;Low
2918902;Lajedão/BA;0,51;#FFCD00;Médio;0,58;#FFCD00;Médio;;0,5449999999999999;Medium
2919009;Lajedinho/BA;0,45;#FFCD00;Médio;0,55;#FFCD00;Médio;;0,5;Medium
2919058;Lajedo do Tabocal/BA;0,49;#FFCD00;Médio;0,57;#FFCD00;Médio;;0,53;Medium
3302304;Laje do Muriaé/RJ;0,64;#FF8300;Alto;0,66;#FF8300;Alto;;0,65;High
2608800;Lajedo/PE;0,33;#A9DE00;Baixo;0,39;#A9DE00;Baixo;;0,36;Low
2406809;Lajes Pintadas/RN;0,34;#A9DE00;Baixo;0,4;#FFCD00;Médio;;0,37;Low
2406700;Lajes/RN;0,42;#FFCD00;Médio;0,51;#FFCD00;Médio;;0,46499999999999997;Medium
3137700;Lajinha/MG;0,9;#F40000;Muito alto;0,76;#FF8300;Alto;;0,8300000000000001;Very high
2919108;Lamarão/BA;0,39;#A9DE00;Baixo;0,45;#FFCD00;Médio;;0,42000000000000004;Medium
5105234;Lambari D'Oeste/MT;0,45;#FFCD00;Médio;0,5;#FFCD00;Médio;;0,475;Medium
3137809;Lambari/MG;0,76;#FF8300;Alto;0,63;#FF8300;Alto;;0,6950000000000001;High
3137908;Lamim/MG;0,31;#A9DE00;Baixo;0,32;#A9DE00;Baixo;;0,315;Low
2205607;Landri Sales/PI;0,35;#A9DE00;Baixo;0,43;#FFCD00;Médio;;0,39;Low
2919157;Lapão/BA;0,28;#A9DE00;Baixo;0,34;#A9DE00;Baixo;;0,31000000000000005;Low
4113205;Lapa/PR;0,21;#A9DE00;Baixo;0,28;#A9DE00;Baixo;;0,245;Low
3203163;Laranja da Terra/ES;0,24;#A9DE00;Baixo;0,3;#A9DE00;Baixo;;0,27;Low
1600279;Laranjal do Jari/AP;0,9;#F40000;Muito alto;0,96;#F40000;Muito alto;;0,9299999999999999;Very high
3138005;Laranjal/MG;0,54;#FFCD00;Médio;0,69;#FF8300;Alto;;0,615;High
3526407;Laranjal Paulista/SP;0,46;#FFCD00;Médio;0,49;#FFCD00;Médio;;0,475;Medium
4113254;Laranjal/PR;0,32;#A9DE00;Baixo;0,41;#FFCD00;Médio;;0,365;Low
4113304;Laranjeiras do Sul/PR;0,35;#A9DE00;Baixo;0,4;#FFCD00;Médio;;0,375;Low
2803609;Laranjeiras/SE;0,95;#F40000;Muito alto;0,9;#F40000;Muito alto;;0,925;Very high
3138104;Lassance/MG;0,42;#FFCD00;Médio;0,56;#FFCD00;Médio;;0,49;Medium
2508406;Lastro/PB;0,28;#A9DE00;Baixo;0,36;#A9DE00;Baixo;;0,32;Low
4209508;Laurentino/SC;0,21;#A9DE00;Baixo;0,11;#02C650;Muito baixo;;0,16;Very low
2919207;Lauro de Freitas/BA;0,88;#F40000;Muito alto;0,79;#FF8300;Alto;;0,835;Very high
4209607;Lauro Müller/SC;0,22;#A9DE00;Baixo;0,29;#A9DE00;Baixo;;0,255;Low
1712157;Lavandeira/TO;0,34;#A9DE00;Baixo;0,39;#A9DE00;Baixo;;0,365;Low
3526506;Lavínia/SP;0,48;#FFCD00;Médio;0,6;#FF8300;Alto;;0,54;Medium
2307502;Lavras da Mangabeira/CE;0,64;#FF8300;Alto;0,79;#FF8300;Alto;;0,7150000000000001;High
4311502;Lavras do Sul/RS;0,4;#FFCD00;Médio;0,58;#FFCD00;Médio;;0,49;Medium
3138203;Lavras/MG;0,58;#FFCD00;Médio;0,48;#FFCD00;Médio;;0,53;Medium
3526605;Lavrinhas/SP;0,79;#FF8300;Alto;0,76;#FF8300;Alto;;0,775;High
3138302;Leandro Ferreira/MG;0,43;#FFCD00;Médio;0,4;#FFCD00;Médio;;0,41500000000000004;Medium
4209706;Lebon Régis/SC;0,35;#A9DE00;Baixo;0,41;#FFCD00;Médio;;0,38;Low
3138351;Leme do Prado/MG;0,18;#02C650;Muito baixo;0,23;#A9DE00;Baixo;;0,20500000000000002;Low
3526704;Leme/SP;0,65;#FF8300;Alto;0,72;#FF8300;Alto;;0,685;High
2919306;Lençóis/BA;0,7;#FF8300;Alto;0,68;#FF8300;Alto;;0,69;High
3526803;Lençóis Paulista/SP;0,35;#A9DE00;Baixo;0,18;#02C650;Muito baixo;;0,265;Low
4209805;Leoberto Leal/SC;0,21;#A9DE00;Baixo;0,25;#A9DE00;Baixo;;0,22999999999999998;Low
3138401;Leopoldina/MG;0,8;#F40000;Muito alto;0,86;#F40000;Muito alto;;0,8300000000000001;Very high
5212303;Leopoldo de Bulhões/GO;0,31;#A9DE00;Baixo;0,44;#FFCD00;Médio;;0,375;Low
4113403;Leópolis/PR;0,36;#A9DE00;Baixo;0,39;#A9DE00;Baixo;;0,375;Low
4311601;Liberato Salzano/RS;0,16;#02C650;Muito baixo;0,21;#A9DE00;Baixo;;0,185;Very low
3138500;Liberdade/MG;0,62;#FF8300;Alto;0,64;#FF8300;Alto;;0,63;High
2919405;Licínio de Almeida/BA;0,26;#A9DE00;Baixo;0,31;#A9DE00;Baixo;;0,28500000000000003;Low
4113429;Lidianópolis/PR;0,16;#02C650;Muito baixo;0,29;#A9DE00;Baixo;;0,22499999999999998;Low
2106003;Lima Campos/MA;0,44;#FFCD00;Médio;0,5;#FFCD00;Médio;;0,47;Medium
3138609;Lima Duarte/MG;0,5;#FFCD00;Médio;0,48;#FFCD00;Médio;;0,49;Medium
3138625;Limeira do Oeste/MG;0,29;#A9DE00;Baixo;0,36;#A9DE00;Baixo;;0,32499999999999996;Low
3526902;Limeira/SP;0,59;#FFCD00;Médio;0,59;#FFCD00;Médio;;0,59;Medium
2704203;Limoeiro de Anadia/AL;0,33;#A9DE00;Baixo;0,42;#FFCD00;Médio;;0,375;Low
1504000;Limoeiro do Ajuru/PA;0,62;#FF8300;Alto;0,88;#F40000;Muito alto;;0,75;High
2307601;Limoeiro do Norte/CE;0,41;#FFCD00;Médio;0,51;#FFCD00;Médio;;0,45999999999999996;Medium
2608909;Limoeiro/PE;0,81;#F40000;Muito alto;0,85;#F40000;Muito alto;;0,8300000000000001;Very high
4113452;Lindoeste/PR;0,24;#A9DE00;Baixo;0,33;#A9DE00;Baixo;;0,28500000000000003;Low
4209854;Lindóia do Sul/SC;0,23;#A9DE00;Baixo;0,18;#02C650;Muito baixo;;0,20500000000000002;Low
3527009;Lindóia/SP;0,42;#FFCD00;Médio;0,5;#FFCD00;Médio;;0,45999999999999996;Medium
4311627;Lindolfo Collor/RS;0,31;#A9DE00;Baixo;0,43;#FFCD00;Médio;;0,37;Low
4311643;Linha Nova/RS;0,03;#02C650;Muito baixo;0,1;#02C650;Muito baixo;;0,065;Very low
3203205;Linhares/ES;0,69;#FF8300;Alto;0,48;#FFCD00;Médio;;0,585;Medium
3527108;Lins/SP;0,58;#FFCD00;Médio;0,28;#A9DE00;Baixo;;0,43;Medium
2919504;Livramento de Nossa Senhora/BA;0,44;#FFCD00;Médio;0,49;#FFCD00;Médio;;0,46499999999999997;Medium
2508505;Livramento/PB;0,53;#FFCD00;Médio;0,61;#FF8300;Alto;;0,5700000000000001;Medium
1712405;Lizarda/TO;0,38;#A9DE00;Baixo;0,44;#FFCD00;Médio;;0,41000000000000003;Medium
4113502;Loanda/PR;0,2;#A9DE00;Baixo;0,45;#FFCD00;Médio;;0,325;Low
4113601;Lobato/PR;0,24;#A9DE00;Baixo;0,32;#A9DE00;Baixo;;0,28;Low
2508554;Logradouro/PB;0,21;#A9DE00;Baixo;0,26;#A9DE00;Baixo;;0,235;Low
4113700;Londrina/PR;0,55;#FFCD00;Médio;0,38;#A9DE00;Baixo;;0,465;Medium
3138658;Lontra/MG;0,26;#A9DE00;Baixo;0,43;#FFCD00;Médio;;0,345;Low
4209904;Lontras/SC;0,36;#A9DE00;Baixo;0,28;#A9DE00;Baixo;;0,32;Low
3527207;Lorena/SP;0,78;#FF8300;Alto;0,57;#FFCD00;Médio;;0,675;High
2106102;Loreto/MA;0,42;#FFCD00;Médio;0,56;#FFCD00;Médio;;0,49;Medium
3527256;Lourdes/SP;0,26;#A9DE00;Baixo;0,33;#A9DE00;Baixo;;0,29500000000000004;Low
3527306;Louveira/SP;0,25;#A9DE00;Baixo;0,43;#FFCD00;Médio;;0,33999999999999997;Low
5105259;Lucas do Rio Verde/MT;0,12;#02C650;Muito baixo;0,26;#A9DE00;Baixo;;0,19;Very low
3527405;Lucélia/SP;0,54;#FFCD00;Médio;0,68;#FF8300;Alto;;0,6100000000000001;High
2508604;Lucena/PB;0,24;#A9DE00;Baixo;0,3;#A9DE00;Baixo;;0,27;Low
3527504;Lucianópolis/SP;0,32;#A9DE00;Baixo;0,39;#A9DE00;Baixo;;0,355;Low
5105309;Luciara/MT;0,43;#FFCD00;Médio;0,53;#FFCD00;Médio;;0,48;Medium
2406908;Lucrécia/RN;0,25;#A9DE00;Baixo;0,31;#A9DE00;Baixo;;0,28;Low
3527603;Luís Antônio/SP;0,37;#A9DE00;Baixo;0,53;#FFCD00;Médio;;0,45;Medium
3138674;Luisburgo/MG;0,45;#FFCD00;Médio;0,5;#FFCD00;Médio;;0,475;Medium
2205706;Luís Correia/PI;0,13;#02C650;Muito baixo;0,26;#A9DE00;Baixo;;0,195;Low
2106201;Luís Domingues/MA;0,67;#FF8300;Alto;0,83;#F40000;Muito alto;;0,75;High
2919553;Luís Eduardo Magalhães/BA;0,24;#A9DE00;Baixo;0,34;#A9DE00;Baixo;;0,29000000000000004;Low
2407005;Luís Gomes/RN;0,57;#FFCD00;Médio;0,66;#FF8300;Alto;;0,615;High
3138682;Luislândia/MG;0,27;#A9DE00;Baixo;0,35;#A9DE00;Baixo;;0,31;Low
4210001;Luiz Alves/SC;0,34;#A9DE00;Baixo;0,32;#A9DE00;Baixo;;0,33;Low
4113734;Luiziana/PR;0,44;#FFCD00;Médio;0,48;#FFCD00;Médio;;0,45999999999999996;Medium
3527702;Luiziânia/SP;0,35;#A9DE00;Baixo;0,46;#FFCD00;Médio;;0,405;Medium
3138708;Luminárias/MG;0,58;#FFCD00;Médio;0,56;#FFCD00;Médio;;0,5700000000000001;Medium
4113759;Lunardelli/PR;0,48;#FFCD00;Médio;0,54;#FFCD00;Médio;;0,51;Medium
3527801;Lupércio/SP;0,44;#FFCD00;Médio;0,5;#FFCD00;Médio;;0,47;Medium
4113809;Lupionópolis/PR;0,19;#02C650;Muito baixo;0,31;#A9DE00;Baixo;;0,25;Low
3527900;Lutécia/SP;0,36;#A9DE00;Baixo;0,42;#FFCD00;Médio;;0,39;Low
4210035;Luzerna/SC;0,34;#A9DE00;Baixo;0,39;#A9DE00;Baixo;;0,365;Low
5212501;Luziânia/GO;0,63;#FF8300;Alto;0,6;#FF8300;Alto;;0,615;High
2205805;Luzilândia/PI;0,52;#FFCD00;Médio;0,63;#FF8300;Alto;;0,575;Medium
1712454;Luzinópolis/TO;0,4;#FFCD00;Médio;0,46;#FFCD00;Médio;;0,43000000000000005;Medium
3138807;Luz/MG;0,49;#FFCD00;Médio;0,66;#FF8300;Alto;;0,575;Medium
3302403;Macaé/RJ;0,53;#FFCD00;Médio;0,49;#FFCD00;Médio;;0,51;Medium
2407104;Macaíba/RN;0,66;#FF8300;Alto;0,57;#FFCD00;Médio;;0,615;High
2919603;Macajuba/BA;0,48;#FFCD00;Médio;0,53;#FFCD00;Médio;;0,505;Medium
4311718;Maçambará/RS;0,16;#02C650;Muito baixo;0,21;#A9DE00;Baixo;;0,185;Very low
2803708;Macambira/SE;0,2;#A9DE00;Baixo;0,26;#A9DE00;Baixo;;0,23;Low
1600303;Macapá/AP;0,65;#FF8300;Alto;0,75;#FF8300;Alto;;0,7;High
2609006;Macaparana/PE;0,65;#FF8300;Alto;0,75;#FF8300;Alto;;0,7;High
2919702;Macarani/BA;0,68;#FF8300;Alto;0,69;#FF8300;Alto;;0,685;High
3528007;Macatuba/SP;0,39;#A9DE00;Baixo;0,44;#FFCD00;Médio;;0,41500000000000004;Medium
3528106;Macaubal/SP;0,38;#A9DE00;Baixo;0,46;#FFCD00;Médio;;0,42000000000000004;Medium
2919801;Macaúbas/BA;0,3;#A9DE00;Baixo;0,42;#FFCD00;Médio;;0,36;Low
2407203;Macau/RN;0,83;#F40000;Muito alto;0,79;#FF8300;Alto;;0,81;Very high
3528205;Macedônia/SP;0,3;#A9DE00;Baixo;0,42;#FFCD00;Médio;;0,36;Low
2704302;Maceió/AL;0,65;#FF8300;Alto;0,6;#FF8300;Alto;;0,625;High
3138906;Machacalis/MG;0,64;#FF8300;Alto;0,63;#FF8300;Alto;;0,635;High
1100130;Machadinho D'Oeste/RO;0,37;#A9DE00;Baixo;0,54;#FFCD00;Médio;;0,455;Medium
4311700;Machadinho/RS;0,26;#A9DE00;Baixo;0,35;#A9DE00;Baixo;;0,305;Low
3139003;Machado/MG;0,66;#FF8300;Alto;0,69;#FF8300;Alto;;0,675;High
2609105;Machados/PE;0,52;#FFCD00;Médio;0,57;#FFCD00;Médio;;0,5449999999999999;Medium
4210050;Macieira/SC;0,2;#A9DE00;Baixo;0,28;#A9DE00;Baixo;;0,24000000000000002;Low
3302452;Macuco/RJ;0,28;#A9DE00;Baixo;0,34;#A9DE00;Baixo;;0,31000000000000005;Low
2919900;Macururé/BA;0,35;#A9DE00;Baixo;0,41;#FFCD00;Médio;;0,38;Low
2307635;Madalena/CE;0,37;#A9DE00;Baixo;0,52;#FFCD00;Médio;;0,445;Medium
2205854;Madeiro/PI;0,51;#FFCD00;Médio;0,55;#FFCD00;Médio;;0,53;Medium
2919926;Madre de Deus/BA;0,8;#F40000;Muito alto;0,81;#F40000;Muito alto;;0,805;Very high
3139102;Madre de Deus de Minas/MG;0,39;#A9DE00;Baixo;0,43;#FFCD00;Médio;;0,41000000000000003;Medium
2508703;Mãe d'Água/PB;0,52;#FFCD00;Médio;0,55;#FFCD00;Médio;;0,535;Medium
1504059;Mãe do Rio/PA;0,53;#FFCD00;Médio;0,69;#FF8300;Alto;;0,61;High
2919959;Maetinga/BA;0,26;#A9DE00;Baixo;0,36;#A9DE00;Baixo;;0,31;Low
4210100;Mafra/SC;0,48;#FFCD00;Médio;0,49;#FFCD00;Médio;;0,485;Medium
1504109;Magalhães Barata/PA;0,36;#A9DE00;Baixo;0,5;#FFCD00;Médio;;0,43;Medium
2106300;Magalhães de Almeida/MA;0,41;#FFCD00;Médio;0,47;#FFCD00;Médio;;0,43999999999999995;Medium
3528304;Magda/SP;0,2;#A9DE00;Baixo;0,31;#A9DE00;Baixo;;0,255;Low
3302502;Magé/RJ;0,75;#FF8300;Alto;0,64;#FF8300;Alto;;0,6950000000000001;High
2920007;Maiquinique/BA;0,68;#FF8300;Alto;0,69;#FF8300;Alto;;0,685;High
2920106;Mairi/BA;0,45;#FFCD00;Médio;0,52;#FFCD00;Médio;;0,485;Medium
3528403;Mairinque/SP;0,51;#FFCD00;Médio;0,5;#FFCD00;Médio;;0,505;Medium
3528502;Mairiporã/SP;0,25;#A9DE00;Baixo;0,35;#A9DE00;Baixo;;0,3;Low
5212600;Mairipotaba/GO;0,34;#A9DE00;Baixo;0,4;#FFCD00;Médio;;0,37;Low
4210209;Major Gercino/SC;0,03;#02C650;Muito baixo;0,07;#02C650;Muito baixo;;0,05;Very low
2704401;Major Isidoro/AL;0,43;#FFCD00;Médio;0,48;#FFCD00;Médio;;0,45499999999999996;Medium
2407252;Major Sales/RN;0,51;#FFCD00;Médio;0,57;#FFCD00;Médio;;0,54;Medium
4210308;Major Vieira/SC;0,34;#A9DE00;Baixo;0,34;#A9DE00;Baixo;;0,34;Low
3139201;Malacacheta/MG;0,67;#FF8300;Alto;0,59;#FFCD00;Médio;;0,63;High
2920205;Malhada/BA;0,49;#FFCD00;Médio;0,6;#FF8300;Alto;;0,5449999999999999;Medium
2920304;Malhada de Pedras/BA;0,4;#FFCD00;Médio;0,47;#FFCD00;Médio;;0,435;Medium
2803807;Malhada dos Bois/SE;0,35;#A9DE00;Baixo;0,41;#FFCD00;Médio;;0,38;Low
2803906;Malhador/SE;0,39;#A9DE00;Baixo;0,43;#FFCD00;Médio;;0,41000000000000003;Medium
4113908;Mallet/PR;0,27;#A9DE00;Baixo;0,34;#A9DE00;Baixo;;0,30500000000000005;Low
2508802;Malta/PB;0,37;#A9DE00;Baixo;0,48;#FFCD00;Médio;;0,425;Medium
2508901;Mamanguape/PB;0,93;#F40000;Muito alto;0,84;#F40000;Muito alto;;0,885;Very high
5212709;Mambaí/GO;0,33;#A9DE00;Baixo;0,38;#A9DE00;Baixo;;0,355;Low
4114005;Mamborê/PR;0,26;#A9DE00;Baixo;0,42;#FFCD00;Médio;;0,33999999999999997;Low
3139250;Mamonas/MG;0,42;#FFCD00;Médio;0,44;#FFCD00;Médio;;0,43;Medium
4311734;Mampituba/RS;0,22;#A9DE00;Baixo;0,26;#A9DE00;Baixo;;0,24;Low
1302504;Manacapuru/AM;0,92;#F40000;Muito alto;0,93;#F40000;Muito alto;;0,925;Very high
2509008;Manaíra/PB;0,63;#FF8300;Alto;0,65;#FF8300;Alto;;0,64;High
1302553;Manaquiri/AM;0,59;#FFCD00;Médio;0,73;#FF8300;Alto;;0,6599999999999999;High
2609154;Manari/PE;0,48;#FFCD00;Médio;0,53;#FFCD00;Médio;;0,505;Medium
1302603;Manaus/AM;0,76;#FF8300;Alto;0,71;#FF8300;Alto;;0,735;High
1200336;Mâncio Lima/AC;0,3;#A9DE00;Baixo;0,45;#FFCD00;Médio;;0,375;Low
4114104;Mandaguaçu/PR;0,5;#FFCD00;Médio;0,54;#FFCD00;Médio;;0,52;Medium
4114203;Mandaguari/PR;0,55;#FFCD00;Médio;0,62;#FF8300;Alto;;0,585;Medium
4114302;Mandirituba/PR;0,32;#A9DE00;Baixo;0,41;#FFCD00;Médio;;0,365;Low
3528601;Manduri/SP;0,22;#A9DE00;Baixo;0,39;#A9DE00;Baixo;;0,305;Low
4114351;Manfrinópolis/PR;0,23;#A9DE00;Baixo;0,28;#A9DE00;Baixo;;0,255;Low
3139300;Manga/MG;0,37;#A9DE00;Baixo;0,52;#FFCD00;Médio;;0,445;Medium
3302601;Mangaratiba/RJ;0,5;#FFCD00;Médio;0,55;#FFCD00;Médio;;0,525;Medium
4114401;Mangueirinha/PR;0,39;#A9DE00;Baixo;0,37;#A9DE00;Baixo;;0,38;Low
3139409;Manhuaçu/MG;0,86;#F40000;Muito alto;0,81;#F40000;Muito alto;;0,835;Very high
3139508;Manhumirim/MG;0,94;#F40000;Muito alto;0,84;#F40000;Muito alto;;0,8899999999999999;Very high
1302702;Manicoré/AM;0,43;#FFCD00;Médio;0,69;#FF8300;Alto;;0,5599999999999999;Medium
2205904;Manoel Emídio/PI;0,26;#A9DE00;Baixo;0,31;#A9DE00;Baixo;;0,28500000000000003;Low
4114500;Manoel Ribas/PR;0,23;#A9DE00;Baixo;0,27;#A9DE00;Baixo;;0,25;Low
1200344;Manoel Urbano/AC;0,44;#FFCD00;Médio;0,56;#FFCD00;Médio;;0,5;Medium
4311759;Manoel Viana/RS;0,42;#FFCD00;Médio;0,56;#FFCD00;Médio;;0,49;Medium
2920403;Manoel Vitorino/BA;0,5;#FFCD00;Médio;0,59;#FFCD00;Médio;;0,5449999999999999;Medium
2920452;Mansidão/BA;0,34;#A9DE00;Baixo;0,44;#FFCD00;Médio;;0,39;Low
3139607;Mantena/MG;0,6;#FF8300;Alto;0,64;#FF8300;Alto;;0,62;High
3203304;Mantenópolis/ES;0,41;#FFCD00;Médio;0,49;#FFCD00;Médio;;0,44999999999999996;Medium
4311775;Maquiné/RS;0,38;#A9DE00;Baixo;0,36;#A9DE00;Baixo;;0,37;Low
1302801;Maraã/AM;0,65;#FF8300;Alto;0,76;#FF8300;Alto;;0,7050000000000001;High
1504208;Marabá/PA;0,94;#F40000;Muito alto;0,88;#F40000;Muito alto;;0,9099999999999999;Very high
3528700;Marabá Paulista/SP;0,46;#FFCD00;Médio;0,56;#FFCD00;Médio;;0,51;Medium
2106326;Maracaçumé/MA;0,74;#FF8300;Alto;0,89;#F40000;Muito alto;;0,815;Very high
3528809;Maracaí/SP;0,36;#A9DE00;Baixo;0,44;#FFCD00;Médio;;0,4;Medium
4210407;Maracajá/SC;0,33;#A9DE00;Baixo;0,43;#FFCD00;Médio;;0,38;Low
5005400;Maracaju/MS;0,36;#A9DE00;Baixo;0,56;#FFCD00;Médio;;0,46;Medium
1504307;Maracanã/PA;0,51;#FFCD00;Médio;0,52;#FFCD00;Médio;;0,515;Medium
2307650;Maracanaú/CE;0,79;#FF8300;Alto;0,7;#FF8300;Alto;;0,745;High
2920502;Maracás/BA;0,57;#FFCD00;Médio;0,65;#FF8300;Alto;;0,61;High
2704500;Maragogi/AL;0,71;#FF8300;Alto;0,61;#FF8300;Alto;;0,6599999999999999;High
2920601;Maragogipe/BA;0,47;#FFCD00;Médio;0,54;#FFCD00;Médio;;0,505;Medium
2609204;Maraial/PE;0,59;#FFCD00;Médio;0,6;#FF8300;Alto;;0,595;High
2106359;Marajá do Sena/MA;0,38;#A9DE00;Baixo;0,44;#FFCD00;Médio;;0,41000000000000003;Medium
2307700;Maranguape/CE;0,7;#FF8300;Alto;0,79;#FF8300;Alto;;0,745;High
2106375;Maranhãozinho/MA;0,61;#FF8300;Alto;0,78;#FF8300;Alto;;0,6950000000000001;High
1504406;Marapanim/PA;0,33;#A9DE00;Baixo;0,47;#FFCD00;Médio;;0,4;Medium
3528858;Marapoama/SP;0,34;#A9DE00;Baixo;0,4;#FFCD00;Médio;;0,37;Low
5212808;Mara Rosa/GO;0,31;#A9DE00;Baixo;0,37;#A9DE00;Baixo;;0,33999999999999997;Low
3203320;Marataízes/ES;0,54;#FFCD00;Médio;0,66;#FF8300;Alto;;0,6000000000000001;High
4311791;Maratá/RS;0,11;#02C650;Muito baixo;0,21;#A9DE00;Baixo;;0,16;Very low
2920700;Maraú/BA;0,07;#02C650;Muito baixo;0,11;#02C650;Muito baixo;;0,09;Very low
4311809;Marau/RS;0,36;#A9DE00;Baixo;0,52;#FFCD00;Médio;;0,44;Medium
2704609;Maravilha/AL;0,48;#FFCD00;Médio;0,53;#FFCD00;Médio;;0,505;Medium
4210506;Maravilha/SC;0,31;#A9DE00;Baixo;0,29;#A9DE00;Baixo;;0,3;Low
3139706;Maravilhas/MG;0,4;#FFCD00;Médio;0,55;#FFCD00;Médio;;0,47500000000000003;Medium
2509057;Marcação/PB;0,25;#A9DE00;Baixo;0,3;#A9DE00;Baixo;;0,275;Low
5105580;Marcelândia/MT;0,37;#A9DE00;Baixo;0,45;#FFCD00;Médio;;0,41000000000000003;Medium
4311908;Marcelino Ramos/RS;0,18;#02C650;Muito baixo;0,26;#A9DE00;Baixo;;0,22;Low
2407302;Marcelino Vieira/RN;0,62;#FF8300;Alto;0,69;#FF8300;Alto;;0,655;High
2920809;Marcionílio Souza/BA;0,41;#FFCD00;Médio;0,58;#FFCD00;Médio;;0,495;Medium
2307809;Marco/CE;0,52;#FFCD00;Médio;0,69;#FF8300;Alto;;0,605;High
2205953;Marcolândia/PI;0,67;#FF8300;Alto;0,74;#FF8300;Alto;;0,7050000000000001;High
2206001;Marcos Parente/PI;0,38;#A9DE00;Baixo;0,44;#FFCD00;Médio;;0,41000000000000003;Medium
3139805;Mar de Espanha/MG;0,59;#FFCD00;Médio;0,57;#FFCD00;Médio;;0,58;Medium
4114609;Marechal Cândido Rondon/PR;0,17;#02C650;Muito baixo;0,27;#A9DE00;Baixo;;0,22000000000000003;Low
2704708;Marechal Deodoro/AL;0,43;#FFCD00;Médio;0,39;#A9DE00;Baixo;;0,41000000000000003;Medium
3203346;Marechal Floriano/ES;0,45;#FFCD00;Médio;0,54;#FFCD00;Médio;;0,495;Medium
1200351;Marechal Thaumaturgo/AC;0,28;#A9DE00;Baixo;0,35;#A9DE00;Baixo;;0,315;Low
4210555;Marema/SC;0,22;#A9DE00;Baixo;0,22;#A9DE00;Baixo;;0,22;Low
3139904;Maria da Fé/MG;0,57;#FFCD00;Médio;0,49;#FFCD00;Médio;;0,53;Medium
4114708;Maria Helena/PR;0,16;#02C650;Muito baixo;0,26;#A9DE00;Baixo;;0,21000000000000002;Low
4114807;Marialva/PR;0,48;#FFCD00;Médio;0,6;#FF8300;Alto;;0,54;Medium
3140001;Mariana/MG;0,59;#FFCD00;Médio;0,55;#FFCD00;Médio;;0,5700000000000001;Medium
4311981;Mariana Pimentel/RS;0,05;#02C650;Muito baixo;0,09;#02C650;Muito baixo;;0,07;Very low
4312005;Mariano Moro/RS;0,31;#A9DE00;Baixo;0,38;#A9DE00;Baixo;;0,345;Low
1712504;Marianópolis do Tocantins/TO;0,4;#FFCD00;Médio;0,45;#FFCD00;Médio;;0,42500000000000004;Medium
3528908;Mariápolis/SP;0,3;#A9DE00;Baixo;0,44;#FFCD00;Médio;;0,37;Low
2704807;Maribondo/AL;0,57;#FFCD00;Médio;0,6;#FF8300;Alto;;0,585;Medium
3302700;Maricá/RJ;0,46;#FFCD00;Médio;0,48;#FFCD00;Médio;;0,47;Medium
3140100;Marilac/MG;0,49;#FFCD00;Médio;0,48;#FFCD00;Médio;;0,485;Medium
4114906;Marilândia do Sul/PR;0,28;#A9DE00;Baixo;0,37;#A9DE00;Baixo;;0,325;Low
3203353;Marilândia/ES;0,68;#FF8300;Alto;0,64;#FF8300;Alto;;0,66;High
4115002;Marilena/PR;0,24;#A9DE00;Baixo;0,34;#A9DE00;Baixo;;0,29000000000000004;Low
3529005;Marília/SP;0,79;#FF8300;Alto;0,74;#FF8300;Alto;;0,765;High
4115101;Mariluz/PR;0,54;#FFCD00;Médio;0,61;#FF8300;Alto;;0,575;Medium
4115200;Maringá/PR;0,36;#A9DE00;Baixo;0,61;#FF8300;Alto;;0,485;Medium
3529104;Marinópolis/SP;0,41;#FFCD00;Médio;0,49;#FFCD00;Médio;;0,44999999999999996;Medium
3140159;Mário Campos/MG;0,73;#FF8300;Alto;0,71;#FF8300;Alto;;0,72;High
4115309;Mariópolis/PR;0,47;#FFCD00;Médio;0,44;#FFCD00;Médio;;0,45499999999999996;Medium
3140209;Maripá de Minas/MG;0,36;#A9DE00;Baixo;0,39;#A9DE00;Baixo;;0,375;Low
4115358;Maripá/PR;0,2;#A9DE00;Baixo;0,33;#A9DE00;Baixo;;0,265;Low
2509107;Mari/PB;0,63;#FF8300;Alto;0,71;#FF8300;Alto;;0,6699999999999999;High
1504422;Marituba/PA;0,7;#FF8300;Alto;0,87;#F40000;Muito alto;;0,7849999999999999;High
2509156;Marizópolis/PB;0,53;#FFCD00;Médio;0,67;#FF8300;Alto;;0,6000000000000001;High
3140308;Marliéria/MG;0,77;#FF8300;Alto;0,66;#FF8300;Alto;;0,7150000000000001;High
4115408;Marmeleiro/PR;0,18;#02C650;Muito baixo;0,35;#A9DE00;Baixo;;0,265;Low
3140407;Marmelópolis/MG;0,31;#A9DE00;Baixo;0,37;#A9DE00;Baixo;;0,33999999999999997;Low
4312054;Marques de Souza/RS;0,07;#02C650;Muito baixo;0,07;#02C650;Muito baixo;;0,07;Very low
4115457;Marquinho/PR;0,16;#02C650;Muito baixo;0,15;#02C650;Muito baixo;;0,155;Very low
3140506;Martinho Campos/MG;0,43;#FFCD00;Médio;0,59;#FFCD00;Médio;;0,51;Medium
2307908;Martinópole/CE;0,67;#FF8300;Alto;0,72;#FF8300;Alto;;0,6950000000000001;High
3529203;Martinópolis/SP;0,33;#A9DE00;Baixo;0,37;#A9DE00;Baixo;;0,35;Low
2407401;Martins/RN;0,37;#A9DE00;Baixo;0,44;#FFCD00;Médio;;0,405;Medium
3140530;Martins Soares/MG;0,34;#A9DE00;Baixo;0,39;#A9DE00;Baixo;;0,365;Low
2804003;Maruim/SE;0,52;#FFCD00;Médio;0,6;#FF8300;Alto;;0,56;Medium
4115507;Marumbi/PR;0,23;#A9DE00;Baixo;0,33;#A9DE00;Baixo;;0,28;Low
2704906;Mar Vermelho/AL;0,44;#FFCD00;Médio;0,51;#FFCD00;Médio;;0,475;Medium
5212907;Marzagão/GO;0,26;#A9DE00;Baixo;0,33;#A9DE00;Baixo;;0,29500000000000004;Low
2920908;Mascote/BA;0,54;#FFCD00;Médio;0,59;#FFCD00;Médio;;0,565;Medium
2308005;Massapê/CE;0,5;#FFCD00;Médio;0,67;#FF8300;Alto;;0,585;Medium
2206050;Massapê do Piauí/PI;0,34;#A9DE00;Baixo;0,42;#FFCD00;Médio;;0,38;Low
2509206;Massaranduba/PB;0,44;#FFCD00;Médio;0,47;#FFCD00;Médio;;0,45499999999999996;Medium
4210605;Massaranduba/SC;0,19;#02C650;Muito baixo;0,11;#02C650;Muito baixo;;0,15;Very low
2921005;Mata de São João/BA;0,5;#FFCD00;Médio;0,52;#FFCD00;Médio;;0,51;Medium
2705002;Mata Grande/AL;0,37;#A9DE00;Baixo;0,43;#FFCD00;Médio;;0,4;Medium
3529302;Matão/SP;0,33;#A9DE00;Baixo;0,26;#A9DE00;Baixo;;0,29500000000000004;Low
2509305;Mataraca/PB;0,81;#F40000;Muito alto;0,78;#FF8300;Alto;;0,795;Very high
2106409;Mata Roma/MA;0,46;#FFCD00;Médio;0,66;#FF8300;Alto;;0,56;Medium
4312104;Mata/RS;0,18;#02C650;Muito baixo;0,23;#A9DE00;Baixo;;0,20500000000000002;Low
3140555;Mata Verde/MG;0,57;#FFCD00;Médio;0,68;#FF8300;Alto;;0,625;High
1712702;Mateiros/TO;0,33;#A9DE00;Baixo;0,38;#A9DE00;Baixo;;0,355;Low
4115606;Matelândia/PR;0,25;#A9DE00;Baixo;0,34;#A9DE00;Baixo;;0,29500000000000004;Low
3140605;Materlândia/MG;0,43;#FFCD00;Médio;0,45;#FFCD00;Médio;;0,44;Medium
3140704;Mateus Leme/MG;0,39;#A9DE00;Baixo;0,36;#A9DE00;Baixo;;0,375;Low
3171501;Mathias Lobato/MG;0,58;#FFCD00;Médio;0,7;#FF8300;Alto;;0,6399999999999999;High
3140803;Matias Barbosa/MG;0,55;#FFCD00;Médio;0,63;#FF8300;Alto;;0,5900000000000001;High
3140852;Matias Cardoso/MG;0,37;#A9DE00;Baixo;0,51;#FFCD00;Médio;;0,44;Medium
2206100;Matias Olímpio/PI;0,28;#A9DE00;Baixo;0,38;#A9DE00;Baixo;;0,33;Low
2921054;Matina/BA;0,32;#A9DE00;Baixo;0,37;#A9DE00;Baixo;;0,345;Low
2106508;Matinha/MA;0,54;#FFCD00;Médio;0,73;#FF8300;Alto;;0,635;High
2509339;Matinhas/PB;0,49;#FFCD00;Médio;0,54;#FFCD00;Médio;;0,515;Medium
4115705;Matinhos/PR;0,32;#A9DE00;Baixo;0,32;#A9DE00;Baixo;;0,32;Low
3140902;Matipó/MG;0,81;#F40000;Muito alto;0,81;#F40000;Muito alto;;0,81;Very high
4312138;Mato Castelhano/RS;0,0;#02C650;Muito baixo;0,0;#02C650;Muito baixo;;0,0;Very low
2106631;Matões do Norte/MA;0,51;#FFCD00;Médio;0,74;#FF8300;Alto;;0,625;High
2106607;Matões/MA;0,32;#A9DE00;Baixo;0,55;#FFCD00;Médio;;0,43500000000000005;Medium
2509370;Mato Grosso/PB;0,38;#A9DE00;Baixo;0,47;#FFCD00;Médio;;0,425;Medium
4312153;Mato Leitão/RS;0,09;#02C650;Muito baixo;0,08;#02C650;Muito baixo;;0,08499999999999999;Very low
4312179;Mato Queimado/RS;0,14;#02C650;Muito baixo;0,16;#02C650;Muito baixo;;0,15000000000000002;Very low
4115739;Mato Rico/PR;0,21;#A9DE00;Baixo;0,23;#A9DE00;Baixo;;0,22;Low
4210704;Matos Costa/SC;0,2;#A9DE00;Baixo;0,3;#A9DE00;Baixo;;0,25;Low
3141009;Mato Verde/MG;0,46;#FFCD00;Médio;0,52;#FFCD00;Médio;;0,49;Medium
3141108;Matozinhos/MG;0,52;#FFCD00;Médio;0,58;#FFCD00;Médio;;0,55;Medium
5212956;Matrinchã/GO;0,52;#FFCD00;Médio;0,53;#FFCD00;Médio;;0,525;Medium
2705101;Matriz de Camaragibe/AL;0,59;#FFCD00;Médio;0,7;#FF8300;Alto;;0,645;High
5105606;Matupá/MT;0,35;#A9DE00;Baixo;0,37;#A9DE00;Baixo;;0,36;Low
2509396;Maturéia/PB;0,37;#A9DE00;Baixo;0,44;#FFCD00;Médio;;0,405;Medium
3141207;Matutina/MG;0,32;#A9DE00;Baixo;0,42;#FFCD00;Médio;;0,37;Low
4115754;Mauá da Serra/PR;0,24;#A9DE00;Baixo;0,3;#A9DE00;Baixo;;0,27;Low
3529401;Mauá/SP;0,49;#FFCD00;Médio;0,69;#FF8300;Alto;;0,59;Medium
1302900;Maués/AM;0,7;#FF8300;Alto;0,78;#FF8300;Alto;;0,74;High
1712801;Maurilândia do Tocantins/TO;0,4;#FFCD00;Médio;0,45;#FFCD00;Médio;;0,42500000000000004;Medium
5213004;Maurilândia/GO;0,5;#FFCD00;Médio;0,57;#FFCD00;Médio;;0,5349999999999999;Medium
2308104;Mauriti/CE;0,7;#FF8300;Alto;0,71;#FF8300;Alto;;0,705;High
2407500;Maxaranguape/RN;0,15;#02C650;Muito baixo;0,2;#A9DE00;Baixo;;0,175;Very low
4312203;Maximiliano de Almeida/RS;0,31;#A9DE00;Baixo;0,39;#A9DE00;Baixo;;0,35;Low
1600402;Mazagão/AP;0,71;#FF8300;Alto;0,82;#F40000;Muito alto;;0,7649999999999999;High
3141306;Medeiros/MG;0,35;#A9DE00;Baixo;0,41;#FFCD00;Médio;;0,38;Low
2921104;Medeiros Neto/BA;0,76;#FF8300;Alto;0,68;#FF8300;Alto;;0,72;High
4115804;Medianeira/PR;0,26;#A9DE00;Baixo;0,12;#02C650;Muito baixo;;0,19;Very low
1504455;Medicilândia/PA;0,42;#FFCD00;Médio;0,5;#FFCD00;Médio;;0,45999999999999996;Medium
3141405;Medina/MG;0,94;#F40000;Muito alto;0,88;#F40000;Muito alto;;0,9099999999999999;Very high
4210803;Meleiro/SC;0,35;#A9DE00;Baixo;0,36;#A9DE00;Baixo;;0,355;Low
1504505;Melgaço/PA;0,88;#F40000;Muito alto;0,93;#F40000;Muito alto;;0,905;Very high
3141504;Mendes Pimentel/MG;0,47;#FFCD00;Médio;0,51;#FFCD00;Médio;;0,49;Medium
3302809;Mendes/RJ;0,35;#A9DE00;Baixo;0,44;#FFCD00;Médio;;0,395;Medium
3529500;Mendonça/SP;0,11;#02C650;Muito baixo;0,19;#02C650;Muito baixo;;0,15;Very low
4115853;Mercedes/PR;0,08;#02C650;Muito baixo;0,17;#02C650;Muito baixo;;0,125;Very low
3141603;Mercês/MG;0,44;#FFCD00;Médio;0,48;#FFCD00;Médio;;0,45999999999999996;Medium
3529609;Meridiano/SP;0,35;#A9DE00;Baixo;0,37;#A9DE00;Baixo;;0,36;Low
2308203;Meruoca/CE;0,35;#A9DE00;Baixo;0,4;#FFCD00;Médio;;0,375;Low
3529658;Mesópolis/SP;0,21;#A9DE00;Baixo;0,3;#A9DE00;Baixo;;0,255;Low
3141702;Mesquita/MG;0,48;#FFCD00;Médio;0,54;#FFCD00;Médio;;0,51;Medium
3302858;Mesquita/RJ;0,91;#F40000;Muito alto;0,81;#F40000;Muito alto;;0,8600000000000001;Very high
2705200;Messias/AL;0,65;#FF8300;Alto;0,88;#F40000;Muito alto;;0,765;High
2407609;Messias Targino/RN;0,58;#FFCD00;Médio;0,74;#FF8300;Alto;;0,6599999999999999;High
2206209;Miguel Alves/PI;0,43;#FFCD00;Médio;0,59;#FFCD00;Médio;;0,51;Medium
2921203;Miguel Calmon/BA;0,35;#A9DE00;Baixo;0,41;#FFCD00;Médio;;0,38;Low
2206308;Miguel Leão/PI;0,42;#FFCD00;Médio;0,47;#FFCD00;Médio;;0,44499999999999995;Medium
3529708;Miguelópolis/SP;0,6;#FF8300;Alto;0,78;#FF8300;Alto;;0,69;High
3302908;Miguel Pereira/RJ;0,58;#FFCD00;Médio;0,54;#FFCD00;Médio;;0,56;Medium
2921302;Milagres/BA;0,49;#FFCD00;Médio;0,57;#FFCD00;Médio;;0,53;Medium
2308302;Milagres/CE;0,53;#FFCD00;Médio;0,58;#FFCD00;Médio;;0,5549999999999999;Medium
2106672;Milagres do Maranhão/MA;0,54;#FFCD00;Médio;0,7;#FF8300;Alto;;0,62;High
2308351;Milhã/CE;0,62;#FF8300;Alto;0,75;#FF8300;Alto;;0,685;High
2206357;Milton Brandão/PI;0,27;#A9DE00;Baixo;0,34;#A9DE00;Baixo;;0,30500000000000005;Low
5213053;Mimoso de Goiás/GO;0,71;#FF8300;Alto;0,75;#FF8300;Alto;;0,73;High
3203403;Mimoso do Sul/ES;0,81;#F40000;Muito alto;0,67;#FF8300;Alto;;0,74;High
5213087;Minaçu/GO;0,7;#FF8300;Alto;0,74;#FF8300;Alto;;0,72;High
2705309;Minador do Negrão/AL;0,24;#A9DE00;Baixo;0,29;#A9DE00;Baixo;;0,265;Low
4312252;Minas do Leão/RS;0,37;#A9DE00;Baixo;0,5;#FFCD00;Médio;;0,435;Medium
3141801;Minas Novas/MG;0,48;#FFCD00;Médio;0,65;#FF8300;Alto;;0,565;Medium
3141900;Minduri/MG;0,3;#A9DE00;Baixo;0,35;#A9DE00;Baixo;;0,32499999999999996;Low
3529807;Mineiros do Tietê/SP;0,52;#FFCD00;Médio;0,69;#FF8300;Alto;;0,605;High
5213103;Mineiros/GO;0,44;#FFCD00;Médio;0,28;#A9DE00;Baixo;;0,36;Low
1101203;Ministro Andreazza/RO;0,41;#FFCD00;Médio;0,48;#FFCD00;Médio;;0,44499999999999995;Medium
3142007;Mirabela/MG;0,51;#FFCD00;Médio;0,57;#FFCD00;Médio;;0,54;Medium
3529906;Miracatu/SP;0,61;#FF8300;Alto;0,57;#FFCD00;Médio;;0,59;Medium
1713205;Miracema do Tocantins/TO;0,48;#FFCD00;Médio;0,45;#FFCD00;Médio;;0,46499999999999997;Medium
3303005;Miracema/RJ;0,85;#F40000;Muito alto;0,82;#F40000;Muito alto;;0,835;Very high
2106706;Mirador/MA;0,43;#FFCD00;Médio;0,56;#FFCD00;Médio;;0,495;Medium
4115903;Mirador/PR;0,23;#A9DE00;Baixo;0,3;#A9DE00;Baixo;;0,265;Low
3142106;Miradouro/MG;0,35;#A9DE00;Baixo;0,39;#A9DE00;Baixo;;0,37;Low
3530003;Mira Estrela/SP;0,17;#02C650;Muito baixo;0,23;#A9DE00;Baixo;;0,2;Low
4312302;Miraguaí/RS;0,18;#02C650;Muito baixo;0,25;#A9DE00;Baixo;;0,215;Low
2308377;Miraíma/CE;0,42;#FFCD00;Médio;0,5;#FFCD00;Médio;;0,45999999999999996;Medium
3142205;Miraí/MG;0,68;#FF8300;Alto;0,58;#FFCD00;Médio;;0,63;High
2106755;Miranda do Norte/MA;0,69;#FF8300;Alto;0,81;#F40000;Muito alto;;0,75;High
5005608;Miranda/MS;0,46;#FFCD00;Médio;0,52;#FFCD00;Médio;;0,49;Medium
2609303;Mirandiba/PE;0,48;#FFCD00;Médio;0,57;#FFCD00;Médio;;0,5249999999999999;Medium
3530102;Mirandópolis/SP;0,51;#FFCD00;Médio;0,67;#FF8300;Alto;;0,5900000000000001;High
2921401;Mirangaba/BA;0,31;#A9DE00;Baixo;0,36;#A9DE00;Baixo;;0,33499999999999996;Low
1713304;Miranorte/TO;0,4;#FFCD00;Médio;0,56;#FFCD00;Médio;;0,48000000000000004;Medium
2921450;Mirante/BA;0,4;#FFCD00;Médio;0,46;#FFCD00;Médio;;0,43000000000000005;Medium
1101302;Mirante da Serra/RO;0,44;#FFCD00;Médio;0,52;#FFCD00;Médio;;0,48;Medium
3530201;Mirante do Paranapanema/SP;0,5;#FFCD00;Médio;0,7;#FF8300;Alto;;0,6;High
4116000;Miraselva/PR;0,25;#A9DE00;Baixo;0,37;#A9DE00;Baixo;;0,31;Low
3530409;Mirassolândia/SP;0,37;#A9DE00;Baixo;0,43;#FFCD00;Médio;;0,4;Medium
5105622;Mirassol d'Oeste/MT;0,5;#FFCD00;Médio;0,54;#FFCD00;Médio;;0,52;Medium
3530300;Mirassol/SP;0,39;#A9DE00;Baixo;0,5;#FFCD00;Médio;;0,445;Medium
3142254;Miravânia/MG;0,2;#A9DE00;Baixo;0,24;#A9DE00;Baixo;;0,22;Low
4210852;Mirim Doce/SC;0,46;#FFCD00;Médio;0,42;#FFCD00;Médio;;0,44;Medium
2106805;Mirinzal/MA;0,51;#FFCD00;Médio;0,55;#FFCD00;Médio;;0,53;Medium
4116059;Missal/PR;0,14;#02C650;Muito baixo;0,31;#A9DE00;Baixo;;0,225;Low
2308401;Missão Velha/CE;0,45;#FFCD00;Médio;0,55;#FFCD00;Médio;;0,5;Medium
1504604;Mocajuba/PA;0,76;#FF8300;Alto;0,91;#F40000;Muito alto;;0,835;Very high
3530508;Mococa/SP;0,65;#FF8300;Alto;0,69;#FF8300;Alto;;0,6699999999999999;High
4210902;Modelo/SC;0,26;#A9DE00;Baixo;0,27;#A9DE00;Baixo;;0,265;Low
3142304;Moeda/MG;0,31;#A9DE00;Baixo;0,37;#A9DE00;Baixo;;0,33999999999999997;Low
3142403;Moema/MG;0,39;#A9DE00;Baixo;0,44;#FFCD00;Médio;;0,41500000000000004;Medium
2509404;Mogeiro/PB;0,32;#A9DE00;Baixo;0,38;#A9DE00;Baixo;;0,35;Low
3530607;Mogi das Cruzes/SP;0,44;#FFCD00;Médio;0,39;#A9DE00;Baixo;;0,41500000000000004;Medium
3530706;Mogi Guaçu/SP;0,46;#FFCD00;Médio;0,4;#FFCD00;Médio;;0,43000000000000005;Medium
3530805;Mogi Mirim/SP;0,52;#FFCD00;Médio;0,51;#FFCD00;Médio;;0,515;Medium
5213400;Moiporá/GO;0,37;#A9DE00;Baixo;0,42;#FFCD00;Médio;;0,395;Medium
2804102;Moita Bonita/SE;0,45;#FFCD00;Médio;0,5;#FFCD00;Médio;;0,475;Medium
1504752;Mojuí dos Campos/PA;0,09;#02C650;Muito baixo;0,12;#02C650;Muito baixo;;0,105;Very low
1504703;Moju/PA;0,53;#FFCD00;Médio;0,7;#FF8300;Alto;;0,615;High
2308500;Mombaça/CE;0,73;#FF8300;Alto;0,89;#F40000;Muito alto;;0,81;Very high
3530904;Mombuca/SP;0,36;#A9DE00;Baixo;0,56;#FFCD00;Médio;;0,46;Medium
2106904;Monção/MA;0,59;#FFCD00;Médio;0,79;#FF8300;Alto;;0,69;High
3531001;Monções/SP;0,24;#A9DE00;Baixo;0,31;#A9DE00;Baixo;;0,275;Low
4211009;Mondaí/SC;0,36;#A9DE00;Baixo;0,41;#FFCD00;Médio;;0,385;Low
3531100;Mongaguá/SP;0,61;#FF8300;Alto;0,55;#FFCD00;Médio;;0,5800000000000001;Medium
3142502;Monjolos/MG;0,27;#A9DE00;Baixo;0,33;#A9DE00;Baixo;;0,30000000000000004;Low
2206407;Monsenhor Gil/PI;0,24;#A9DE00;Baixo;0,34;#A9DE00;Baixo;;0,29000000000000004;Low
2206506;Monsenhor Hipólito/PI;0,42;#FFCD00;Médio;0,54;#FFCD00;Médio;;0,48;Medium
3142601;Monsenhor Paulo/MG;0,55;#FFCD00;Médio;0,61;#FF8300;Alto;;0,5800000000000001;Medium
2308609;Monsenhor Tabosa/CE;0,46;#FFCD00;Médio;0,52;#FFCD00;Médio;;0,49;Medium
2509503;Montadas/PB;0,4;#FFCD00;Médio;0,48;#FFCD00;Médio;;0,44;Medium
3142700;Montalvânia/MG;0,3;#A9DE00;Baixo;0,35;#A9DE00;Baixo;;0,32499999999999996;Low
3203502;Montanha/ES;0,39;#A9DE00;Baixo;0,51;#FFCD00;Médio;;0,45;Medium
2407708;Montanhas/RN;0,85;#F40000;Muito alto;0,8;#F40000;Muito alto;;0,825;Very high
4312351;Montauri/RS;0,11;#02C650;Muito baixo;0,19;#02C650;Muito baixo;;0,15;Very low
5213509;Monte Alegre de Goiás/GO;0,66;#FF8300;Alto;0,56;#FFCD00;Médio;;0,6100000000000001;High
3142809;Monte Alegre de Minas/MG;0,5;#FFCD00;Médio;0,56;#FFCD00;Médio;;0,53;Medium
2804201;Monte Alegre de Sergipe/SE;0,53;#FFCD00;Médio;0,59;#FFCD00;Médio;;0,56;Medium
2206605;Monte Alegre do Piauí/PI;0,26;#A9DE00;Baixo;0,34;#A9DE00;Baixo;;0,30000000000000004;Low
4312377;Monte Alegre dos Campos/RS;0,18;#02C650;Muito baixo;0,23;#A9DE00;Baixo;;0,20500000000000002;Low
3531209;Monte Alegre do Sul/SP;0,17;#02C650;Muito baixo;0,16;#02C650;Muito baixo;;0,165;Very low
1504802;Monte Alegre/PA;0,88;#F40000;Muito alto;0,84;#F40000;Muito alto;;0,86;Very high
2407807;Monte Alegre/RN;0,54;#FFCD00;Médio;0,48;#FFCD00;Médio;;0,51;Medium
3531308;Monte Alto/SP;0,45;#FFCD00;Médio;0,63;#FF8300;Alto;;0,54;Medium
3531407;Monte Aprazível/SP;0,58;#FFCD00;Médio;0,69;#FF8300;Alto;;0,635;High
3142908;Monte Azul/MG;0,44;#FFCD00;Médio;0,46;#FFCD00;Médio;;0,45;Medium
3531506;Monte Azul Paulista/SP;0,47;#FFCD00;Médio;0,47;#FFCD00;Médio;;0,47;Medium
4312385;Monte Belo do Sul/RS;0,06;#02C650;Muito baixo;0,09;#02C650;Muito baixo;;0,075;Very low
3143005;Monte Belo/MG;0,55;#FFCD00;Médio;0,52;#FFCD00;Médio;;0,535;Medium
4211058;Monte Carlo/SC;0,6;#FF8300;Alto;0,67;#FF8300;Alto;;0,635;High
3143104;Monte Carmelo/MG;0,58;#FFCD00;Médio;0,68;#FF8300;Alto;;0,63;High
4211108;Monte Castelo/SC;0,23;#A9DE00;Baixo;0,29;#A9DE00;Baixo;;0,26;Low
3531605;Monte Castelo/SP;0,35;#A9DE00;Baixo;0,44;#FFCD00;Médio;;0,395;Medium
2407906;Monte das Gameleiras/RN;0,42;#FFCD00;Médio;0,47;#FFCD00;Médio;;0,44499999999999995;Medium
1713601;Monte do Carmo/TO;0,6;#FF8300;Alto;0,61;#FF8300;Alto;;0,605;High
3143153;Monte Formoso/MG;0,43;#FFCD00;Médio;0,51;#FFCD00;Médio;;0,47;Medium
2509602;Monte Horebe/PB;0,47;#FFCD00;Médio;0,53;#FFCD00;Médio;;0,5;Medium
3531704;Monteiro Lobato/SP;0,14;#02C650;Muito baixo;0,2;#A9DE00;Baixo;;0,17;Very low
2509701;Monteiro/PB;0,64;#FF8300;Alto;0,71;#FF8300;Alto;;0,675;High
2705408;Monteirópolis/AL;0,64;#FF8300;Alto;0,7;#FF8300;Alto;;0,6699999999999999;High
3531803;Monte Mor/SP;0,33;#A9DE00;Baixo;0,49;#FFCD00;Médio;;0,41000000000000003;Medium
1101401;Monte Negro/RO;0,42;#FFCD00;Médio;0,56;#FFCD00;Médio;;0,49;Medium
4312401;Montenegro/RS;0,47;#FFCD00;Médio;0,15;#02C650;Muito baixo;;0,31;Low
2107001;Montes Altos/MA;0,46;#FFCD00;Médio;0,51;#FFCD00;Médio;;0,485;Medium
2921500;Monte Santo/BA;0,35;#A9DE00;Baixo;0,35;#A9DE00;Baixo;;0,35;Low
3143203;Monte Santo de Minas/MG;0,58;#FFCD00;Médio;0,62;#FF8300;Alto;;0,6;High
1713700;Monte Santo do Tocantins/TO;0,08;#02C650;Muito baixo;0,1;#02C650;Muito baixo;;0,09;Very low
5213707;Montes Claros de Goiás/GO;0,3;#A9DE00;Baixo;0,33;#A9DE00;Baixo;;0,315;Low
3143302;Montes Claros/MG;0,58;#FFCD00;Médio;0,44;#FFCD00;Médio;;0,51;Medium
3143401;Monte Sião/MG;0,56;#FFCD00;Médio;0,44;#FFCD00;Médio;;0,5;Medium
3143450;Montezuma/MG;0,26;#A9DE00;Baixo;0,34;#A9DE00;Baixo;;0,30000000000000004;Low
5213772;Montividiu do Norte/GO;0,37;#A9DE00;Baixo;0,43;#FFCD00;Médio;;0,4;Medium
5213756;Montividiu/GO;0,4;#FFCD00;Médio;0,5;#FFCD00;Médio;;0,45;Medium
2308708;Morada Nova/CE;0,78;#FF8300;Alto;0,75;#FF8300;Alto;;0,765;High
3143500;Morada Nova de Minas/MG;0,47;#FFCD00;Médio;0,47;#FFCD00;Médio;;0,47;Medium
2308807;Moraújo/CE;0,37;#A9DE00;Baixo;0,43;#FFCD00;Médio;;0,4;Medium
2614303;Moreilândia/PE;0,7;#FF8300;Alto;0,8;#F40000;Muito alto;;0,75;High
4116109;Moreira Sales/PR;0,32;#A9DE00;Baixo;0,49;#FFCD00;Médio;;0,405;Medium
2609402;Moreno/PE;0,83;#F40000;Muito alto;0,78;#FF8300;Alto;;0,8049999999999999;Very high
4312427;Mormaço/RS;0,1;#02C650;Muito baixo;0,15;#02C650;Muito baixo;;0,125;Very low
2921609;Morpará/BA;0,4;#FFCD00;Médio;0,48;#FFCD00;Médio;;0,44;Medium
4116208;Morretes/PR;0,2;#A9DE00;Baixo;0,07;#02C650;Muito baixo;;0,135;Very low
2308906;Morrinhos/CE;0,33;#A9DE00;Baixo;0,41;#FFCD00;Médio;;0,37;Low
4312443;Morrinhos do Sul/RS;0,13;#02C650;Muito baixo;0,18;#02C650;Muito baixo;;0,155;Very low
5213806;Morrinhos/GO;0,25;#A9DE00;Baixo;0,5;#FFCD00;Médio;;0,375;Low
5213855;Morro Agudo de Goiás/GO;0,45;#FFCD00;Médio;0,46;#FFCD00;Médio;;0,455;Medium
3531902;Morro Agudo/SP;0,5;#FFCD00;Médio;0,6;#FF8300;Alto;;0,55;Medium
2206654;Morro Cabeça no Tempo/PI;0,18;#02C650;Muito baixo;0,23;#A9DE00;Baixo;;0,20500000000000002;Low
4211207;Morro da Fumaça/SC;0,35;#A9DE00;Baixo;0,44;#FFCD00;Médio;;0,395;Medium
3143609;Morro da Garça/MG;0,28;#A9DE00;Baixo;0,38;#A9DE00;Baixo;;0,33;Low
2921708;Morro do Chapéu/BA;0,4;#FFCD00;Médio;0,52;#FFCD00;Médio;;0,46;Medium
2206670;Morro do Chapéu do Piauí/PI;0,18;#02C650;Muito baixo;0,25;#A9DE00;Baixo;;0,215;Low
3143708;Morro do Pilar/MG;0,43;#FFCD00;Médio;0,52;#FFCD00;Médio;;0,475;Medium
4211256;Morro Grande/SC;0,14;#02C650;Muito baixo;0,2;#A9DE00;Baixo;;0,17;Very low
4312450;Morro Redondo/RS;0,2;#A9DE00;Baixo;0,26;#A9DE00;Baixo;;0,23;Low
4312476;Morro Reuter/RS;0,39;#A9DE00;Baixo;0,37;#A9DE00;Baixo;;0,38;Low
2107100;Morros/MA;0,56;#FFCD00;Médio;0,58;#FFCD00;Médio;;0,5700000000000001;Medium
2921807;Mortugaba/BA;0,33;#A9DE00;Baixo;0,38;#A9DE00;Baixo;;0,355;Low
3532009;Morungaba/SP;0,28;#A9DE00;Baixo;0,3;#A9DE00;Baixo;;0,29000000000000004;Low
5213905;Mossâmedes/GO;0,28;#A9DE00;Baixo;0,34;#A9DE00;Baixo;;0,31000000000000005;Low
2408003;Mossoró/RN;0,78;#FF8300;Alto;0,72;#FF8300;Alto;;0,75;High
4312500;Mostardas/RS;0,37;#A9DE00;Baixo;0,44;#FFCD00;Médio;;0,405;Medium
3532058;Motuca/SP;0,43;#FFCD00;Médio;0,55;#FFCD00;Médio;;0,49;Medium
5214002;Mozarlândia/GO;0,61;#FF8300;Alto;0,55;#FFCD00;Médio;;0,5800000000000001;Medium
1504901;Muaná/PA;0,57;#FFCD00;Médio;0,92;#F40000;Muito alto;;0,745;High
1400308;Mucajaí/RR;0,4;#FFCD00;Médio;0,48;#FFCD00;Médio;;0,44;Medium
2309003;Mucambo/CE;0,39;#A9DE00;Baixo;0,45;#FFCD00;Médio;;0,42000000000000004;Medium
2921906;Mucugê/BA;0,19;#02C650;Muito baixo;0,26;#A9DE00;Baixo;;0,225;Low
4312609;Muçum/RS;0,49;#FFCD00;Médio;0,47;#FFCD00;Médio;;0,48;Medium
2922003;Mucuri/BA;0,62;#FF8300;Alto;0,7;#FF8300;Alto;;0,6599999999999999;High
3203601;Mucurici/ES;0,38;#A9DE00;Baixo;0,54;#FFCD00;Médio;;0,46;Medium
4312617;Muitos Capões/RS;0,18;#02C650;Muito baixo;0,21;#A9DE00;Baixo;;0,195;Low
4312625;Muliterno/RS;0,13;#02C650;Muito baixo;0,18;#02C650;Muito baixo;;0,155;Very low
2309102;Mulungu/CE;0,22;#A9DE00;Baixo;0,34;#A9DE00;Baixo;;0,28;Low
2922052;Mulungu do Morro/BA;0,28;#A9DE00;Baixo;0,33;#A9DE00;Baixo;;0,30500000000000005;Low
2509800;Mulungu/PB;0,56;#FFCD00;Médio;0,62;#FF8300;Alto;;0,5900000000000001;High
2922102;Mundo Novo/BA;0,49;#FFCD00;Médio;0,51;#FFCD00;Médio;;0,5;Medium
5214051;Mundo Novo/GO;0,51;#FFCD00;Médio;0,52;#FFCD00;Médio;;0,515;Medium
5005681;Mundo Novo/MS;0,44;#FFCD00;Médio;0,51;#FFCD00;Médio;;0,475;Medium
4116307;Munhoz de Melo/PR;0,17;#02C650;Muito baixo;0,31;#A9DE00;Baixo;;0,24;Low
3143807;Munhoz/MG;0,23;#A9DE00;Baixo;0,25;#A9DE00;Baixo;;0,24;Low
2922201;Muniz Ferreira/BA;0,4;#FFCD00;Médio;0,48;#FFCD00;Médio;;0,44;Medium
3203700;Muniz Freire/ES;0,9;#F40000;Muito alto;0,83;#F40000;Muito alto;;0,865;Very high
2922250;Muquém do São Francisco/BA;0,12;#02C650;Muito baixo;0,31;#A9DE00;Baixo;;0,215;Low
3203809;Muqui/ES;0,62;#FF8300;Alto;0,66;#FF8300;Alto;;0,64;High
3143906;Muriaé/MG;0,81;#F40000;Muito alto;0,81;#F40000;Muito alto;;0,81;Very high
2804300;Muribeca/SE;0,26;#A9DE00;Baixo;0,31;#A9DE00;Baixo;;0,28500000000000003;Low
2705507;Murici/AL;0,8;#F40000;Muito alto;0,96;#F40000;Muito alto;;0,88;Very high
2206696;Murici dos Portelas/PI;0,08;#02C650;Muito baixo;0,11;#02C650;Muito baixo;;0,095;Very low
1713957;Muricilândia/TO;0,41;#FFCD00;Médio;0,55;#FFCD00;Médio;;0,48;Medium
2922300;Muritiba/BA;0,61;#FF8300;Alto;0,61;#FF8300;Alto;;0,61;High
3532108;Murutinga do Sul/SP;0,43;#FFCD00;Médio;0,51;#FFCD00;Médio;;0,47;Medium
2922409;Mutuípe/BA;0,49;#FFCD00;Médio;0,54;#FFCD00;Médio;;0,515;Medium
3144003;Mutum/MG;0,75;#FF8300;Alto;0,58;#FFCD00;Médio;;0,665;High
5214101;Mutunópolis/GO;0,47;#FFCD00;Médio;0,47;#FFCD00;Médio;;0,47;Medium
3144102;Muzambinho/MG;0,52;#FFCD00;Médio;0,61;#FF8300;Alto;;0,565;Medium
3144201;Nacip Raydan/MG;0,38;#A9DE00;Baixo;0,42;#FFCD00;Médio;;0,4;Medium
3532157;Nantes/SP;0,37;#A9DE00;Baixo;0,43;#FFCD00;Médio;;0,4;Medium
3144300;Nanuque/MG;0,69;#FF8300;Alto;0,77;#FF8300;Alto;;0,73;High
4312658;Não-Me-Toque/RS;0,14;#02C650;Muito baixo;0,25;#A9DE00;Baixo;;0,195;Low
3144359;Naque/MG;0,66;#FF8300;Alto;0,6;#FF8300;Alto;;0,63;High
3532207;Narandiba/SP;0,22;#A9DE00;Baixo;0,22;#A9DE00;Baixo;;0,22;Low
3144375;Natalândia/MG;0,38;#A9DE00;Baixo;0,47;#FFCD00;Médio;;0,425;Medium
2408102;Natal/RN;0,68;#FF8300;Alto;0,61;#FF8300;Alto;5750000,0;0,645;High
3144409;Natércia/MG;0,51;#FFCD00;Médio;0,54;#FFCD00;Médio;;0,525;Medium
3532306;Natividade da Serra/SP;0,44;#FFCD00;Médio;0,46;#FFCD00;Médio;;0,45;Medium
3303104;Natividade/RJ;0,79;#FF8300;Alto;0,67;#FF8300;Alto;;0,73;High
1714203;Natividade/TO;0,38;#A9DE00;Baixo;0,45;#FFCD00;Médio;;0,41500000000000004;Medium
2509909;Natuba/PB;0,48;#FFCD00;Médio;0,51;#FFCD00;Médio;;0,495;Medium
4211306;Navegantes/SC;0,5;#FFCD00;Médio;0,57;#FFCD00;Médio;;0,5349999999999999;Medium
5005707;Naviraí/MS;0,38;#A9DE00;Baixo;0,52;#FFCD00;Médio;;0,45;Medium
2922508;Nazaré/BA;0,65;#FF8300;Alto;0,8;#F40000;Muito alto;;0,7250000000000001;High
2609501;Nazaré da Mata/PE;0,62;#FF8300;Alto;0,71;#FF8300;Alto;;0,665;High
2206704;Nazaré do Piauí/PI;0,25;#A9DE00;Baixo;0,3;#A9DE00;Baixo;;0,275;Low
3144508;Nazareno/MG;0,48;#FFCD00;Médio;0,54;#FFCD00;Médio;;0,51;Medium
3532405;Nazaré Paulista/SP;0,66;#FF8300;Alto;0,72;#FF8300;Alto;;0,69;High
1714302;Nazaré/TO;0,19;#02C650;Muito baixo;0,24;#A9DE00;Baixo;;0,215;Low
2510006;Nazarezinho/PB;0,63;#FF8300;Alto;0,65;#FF8300;Alto;;0,64;High
2206720;Nazária/PI;0,05;#02C650;Muito baixo;0,05;#02C650;Muito baixo;;0,05;Very low
5214408;Nazário/GO;0,38;#A9DE00;Baixo;0,47;#FFCD00;Médio;;0,425;Medium
2804409;Neópolis/SE;0,71;#FF8300;Alto;0,7;#FF8300;Alto;;0,705;High
3144607;Nepomuceno/MG;0,68;#FF8300;Alto;0,74;#FF8300;Alto;;0,71;High
5214507;Nerópolis/GO;0,56;#FFCD00;Médio;0,56;#FFCD00;Médio;;0,56;Medium
3532504;Neves Paulista/SP;0,55;#FFCD00;Médio;0,66;#FF8300;Alto;;0,605;High
1303007;Nhamundá/AM;0,56;#FFCD00;Médio;0,76;#FF8300;Alto;;0,66;High
3532603;Nhandeara/SP;0,38;#A9DE00;Baixo;0,45;#FFCD00;Médio;;0,41500000000000004;Medium
4312674;Nicolau Vergueiro/RS;0,07;#02C650;Muito baixo;0,08;#02C650;Muito baixo;;0,07500000000000001;Very low
2922607;Nilo Peçanha/BA;0,65;#FF8300;Alto;0,65;#FF8300;Alto;;0,65;High
3303203;Nilópolis/RJ;0,94;#F40000;Muito alto;0,89;#F40000;Muito alto;;0,915;Very high
2107209;Nina Rodrigues/MA;0,55;#FFCD00;Médio;0,76;#FF8300;Alto;;0,655;High
3144656;Ninheira/MG;0,31;#A9DE00;Baixo;0,39;#A9DE00;Baixo;;0,35;Low
5005806;Nioaque/MS;0,35;#A9DE00;Baixo;0,51;#FFCD00;Médio;;0,43;Medium
3532702;Nipoã/SP;0,37;#A9DE00;Baixo;0,46;#FFCD00;Médio;;0,41500000000000004;Medium
5214606;Niquelândia/GO;0,62;#FF8300;Alto;0,6;#FF8300;Alto;;0,61;High
2408201;Nísia Floresta/RN;0,45;#FFCD00;Médio;0,35;#A9DE00;Baixo;;0,4;Medium
3303302;Niterói/RJ;0,28;#A9DE00;Baixo;0,17;#02C650;Muito baixo;;0,22500000000000003;Low
5105903;Nobres/MT;0,5;#FFCD00;Médio;0,49;#FFCD00;Médio;;0,495;Medium
4312708;Nonoai/RS;0,53;#FFCD00;Médio;0,59;#FFCD00;Médio;;0,56;Medium
2922656;Nordestina/BA;0,24;#A9DE00;Baixo;0,29;#A9DE00;Baixo;;0,265;Low
1400407;Normandia/RR;0,07;#02C650;Muito baixo;0,07;#02C650;Muito baixo;;0,07;Very low
5106000;Nortelândia/MT;0,55;#FFCD00;Médio;0,51;#FFCD00;Médio;;0,53;Medium
2804458;Nossa Senhora Aparecida/SE;0,33;#A9DE00;Baixo;0,39;#A9DE00;Baixo;;0,36;Low
2804508;Nossa Senhora da Glória/SE;0,3;#A9DE00;Baixo;0,37;#A9DE00;Baixo;;0,33499999999999996;Low
2804607;Nossa Senhora das Dores/SE;0,39;#A9DE00;Baixo;0,53;#FFCD00;Médio;;0,46;Medium
4116406;Nossa Senhora das Graças/PR;0,28;#A9DE00;Baixo;0,37;#A9DE00;Baixo;;0,325;Low
2804706;Nossa Senhora de Lourdes/SE;0,46;#FFCD00;Médio;0,51;#FFCD00;Médio;;0,485;Medium
2206753;Nossa Senhora de Nazaré/PI;0,18;#02C650;Muito baixo;0,22;#A9DE00;Baixo;;0,2;Low
5106109;Nossa Senhora do Livramento/MT;0,78;#FF8300;Alto;0,75;#FF8300;Alto;;0,765;High
2804805;Nossa Senhora do Socorro/SE;0,85;#F40000;Muito alto;0,81;#F40000;Muito alto;;0,8300000000000001;Very high
2206803;Nossa Senhora dos Remédios/PI;0,24;#A9DE00;Baixo;0,31;#A9DE00;Baixo;;0,275;Low
4116505;Nova Aliança do Ivaí/PR;0,2;#A9DE00;Baixo;0,26;#A9DE00;Baixo;;0,23;Low
3532801;Nova Aliança/SP;0,23;#A9DE00;Baixo;0,31;#A9DE00;Baixo;;0,27;Low
5006002;Nova Alvorada do Sul/MS;0,33;#A9DE00;Baixo;0,46;#FFCD00;Médio;;0,395;Medium
4312757;Nova Alvorada/RS;0,07;#02C650;Muito baixo;0,08;#02C650;Muito baixo;;0,07500000000000001;Very low
4116604;Nova América da Colina/PR;0,32;#A9DE00;Baixo;0,43;#FFCD00;Médio;;0,375;Low
5214705;Nova América/GO;0,5;#FFCD00;Médio;0,56;#FFCD00;Médio;;0,53;Medium
5006200;Nova Andradina/MS;0,59;#FFCD00;Médio;0,71;#FF8300;Alto;;0,6499999999999999;High
4312807;Nova Araçá/RS;0,24;#A9DE00;Baixo;0,24;#A9DE00;Baixo;;0,24;Low
5214804;Nova Aurora/GO;0,34;#A9DE00;Baixo;0,4;#FFCD00;Médio;;0,37;Low
4116703;Nova Aurora/PR;0,42;#FFCD00;Médio;0,49;#FFCD00;Médio;;0,45499999999999996;Medium
5106158;Nova Bandeirantes/MT;0,22;#A9DE00;Baixo;0,32;#A9DE00;Baixo;;0,27;Low
4312906;Nova Bassano/RS;0,25;#A9DE00;Baixo;0,25;#A9DE00;Baixo;;0,25;Low
3144672;Nova Belém/MG;0,29;#A9DE00;Baixo;0,36;#A9DE00;Baixo;;0,32499999999999996;Low
4312955;Nova Boa Vista/RS;0,0;#02C650;Muito baixo;0,05;#02C650;Muito baixo;;0,025;Very low
1100148;Nova Brasilândia D'Oeste/RO;0,44;#FFCD00;Médio;0,58;#FFCD00;Médio;;0,51;Medium
5106208;Nova Brasilândia/MT;0,41;#FFCD00;Médio;0,47;#FFCD00;Médio;;0,43999999999999995;Medium
4313003;Nova Bréscia/RS;0,09;#02C650;Muito baixo;0,12;#02C650;Muito baixo;;0,105;Very low
3532827;Nova Campina/SP;0,43;#FFCD00;Médio;0,48;#FFCD00;Médio;291800,0;0,45499999999999996;Medium
2922706;Nova Canaã/BA;0,64;#FF8300;Alto;0,73;#FF8300;Alto;;0,685;High
5106216;Nova Canaã do Norte/MT;0,29;#A9DE00;Baixo;0,35;#A9DE00;Baixo;;0,31999999999999995;Low
3532843;Nova Canaã Paulista/SP;0,2;#A9DE00;Baixo;0,28;#A9DE00;Baixo;;0,24000000000000002;Low
4313011;Nova Candelária/RS;0,09;#02C650;Muito baixo;0,1;#02C650;Muito baixo;;0,095;Very low
4116802;Nova Cantu/PR;0,34;#A9DE00;Baixo;0,41;#FFCD00;Médio;;0,375;Low
3532868;Nova Castilho/SP;0,24;#A9DE00;Baixo;0,38;#A9DE00;Baixo;;0,31;Low
2107258;Nova Colinas/MA;0,47;#FFCD00;Médio;0,52;#FFCD00;Médio;;0,495;Medium
5214838;Nova Crixás/GO;0,43;#FFCD00;Médio;0,38;#A9DE00;Baixo;;0,405;Medium
2408300;Nova Cruz/RN;0,82;#F40000;Muito alto;0,91;#F40000;Muito alto;;0,865;Very high
3144706;Nova Era/MG;0,59;#FFCD00;Médio;0,61;#FF8300;Alto;;0,6;High
4211405;Nova Erechim/SC;0,27;#A9DE00;Baixo;0,28;#A9DE00;Baixo;;0,275;Low
1504950;Nova Esperança do Piriá/PA;0,77;#FF8300;Alto;0,64;#FF8300;Alto;;0,7050000000000001;High
4116950;Nova Esperança do Sudoeste/PR;0,43;#FFCD00;Médio;0,55;#FFCD00;Médio;;0,49;Medium
4313037;Nova Esperança do Sul/RS;0,34;#A9DE00;Baixo;0,39;#A9DE00;Baixo;;0,365;Low
4116901;Nova Esperança/PR;0,1;#02C650;Muito baixo;0,37;#A9DE00;Baixo;;0,235;Low
3532900;Nova Europa/SP;0,47;#FFCD00;Médio;0,61;#FF8300;Alto;;0,54;Medium
2922730;Nova Fátima/BA;0,33;#A9DE00;Baixo;0,39;#A9DE00;Baixo;;0,36;Low
4117008;Nova Fátima/PR;0,44;#FFCD00;Médio;0,56;#FFCD00;Médio;;0,5;Medium
2510105;Nova Floresta/PB;0,65;#FF8300;Alto;0,84;#F40000;Muito alto;;0,745;High
3303401;Nova Friburgo/RJ;0,52;#FFCD00;Médio;0,48;#FFCD00;Médio;;0,5;Medium
5214861;Nova Glória/GO;0,37;#A9DE00;Baixo;0,38;#A9DE00;Baixo;;0,375;Low
3533007;Nova Granada/SP;0,44;#FFCD00;Médio;0,52;#FFCD00;Médio;;0,48;Medium
5108808;Nova Guarita/MT;0,21;#A9DE00;Baixo;0,26;#A9DE00;Baixo;;0,235;Low
3533106;Nova Guataporanga/SP;0,44;#FFCD00;Médio;0,5;#FFCD00;Médio;;0,47;Medium
4313060;Nova Hartz/RS;0,52;#FFCD00;Médio;0,52;#FFCD00;Médio;;0,52;Medium
2922755;Nova Ibiá/BA;0,99;#F40000;Muito alto;0,95;#F40000;Muito alto;;0,97;Very high
5214879;Nova Iguaçu de Goiás/GO;0,25;#A9DE00;Baixo;0,38;#A9DE00;Baixo;;0,315;Low
3303500;Nova Iguaçu/RJ;0,88;#F40000;Muito alto;0,72;#FF8300;Alto;;0,8;Very high
3533205;Nova Independência/SP;0,21;#A9DE00;Baixo;0,27;#A9DE00;Baixo;;0,24;Low
2107308;Nova Iorque/MA;0,47;#FFCD00;Médio;0,54;#FFCD00;Médio;;0,505;Medium
1504976;Nova Ipixuna/PA;0,55;#FFCD00;Médio;0,88;#F40000;Muito alto;;0,7150000000000001;High
3533254;Novais/SP;0,46;#FFCD00;Médio;0,52;#FFCD00;Médio;;0,49;Medium
4211454;Nova Itaberaba/SC;0,28;#A9DE00;Baixo;0,28;#A9DE00;Baixo;;0,28;Low
2922805;Nova Itarana/BA;0,26;#A9DE00;Baixo;0,32;#A9DE00;Baixo;;0,29000000000000004;Low
5106182;Nova Lacerda/MT;0,23;#A9DE00;Baixo;0,31;#A9DE00;Baixo;;0,27;Low
4117057;Nova Laranjeiras/PR;0,31;#A9DE00;Baixo;0,38;#A9DE00;Baixo;;0,345;Low
3144805;Nova Lima/MG;0,84;#F40000;Muito alto;0,75;#FF8300;Alto;;0,7949999999999999;Very high
4117107;Nova Londrina/PR;0,18;#02C650;Muito baixo;0,38;#A9DE00;Baixo;;0,28;Low
3533304;Nova Luzitânia/SP;0,43;#FFCD00;Médio;0,49;#FFCD00;Médio;;0,45999999999999996;Medium
1100338;Nova Mamoré/RO;0,37;#A9DE00;Baixo;0,51;#FFCD00;Médio;;0,44;Medium
5108857;Nova Marilândia/MT;0,29;#A9DE00;Baixo;0,35;#A9DE00;Baixo;;0,31999999999999995;Low
5108907;Nova Maringá/MT;0,24;#A9DE00;Baixo;0,3;#A9DE00;Baixo;;0,27;Low
3144904;Nova Módica/MG;0,55;#FFCD00;Médio;0,66;#FF8300;Alto;;0,605;High
5108956;Nova Monte Verde/MT;0,22;#A9DE00;Baixo;0,29;#A9DE00;Baixo;;0,255;Low
5106224;Nova Mutum/MT;0,23;#A9DE00;Baixo;0,36;#A9DE00;Baixo;;0,295;Low
5106174;Nova Nazaré/MT;0,32;#A9DE00;Baixo;0,4;#FFCD00;Médio;;0,36;Low
3533403;Nova Odessa/SP;0,31;#A9DE00;Baixo;0,34;#A9DE00;Baixo;;0,325;Low
5106232;Nova Olímpia/MT;0,44;#FFCD00;Médio;0,6;#FF8300;Alto;;0,52;Medium
4117206;Nova Olímpia/PR;0,27;#A9DE00;Baixo;0,35;#A9DE00;Baixo;;0,31;Low
2309201;Nova Olinda/CE;0,63;#FF8300;Alto;0,72;#FF8300;Alto;;0,675;High
2107357;Nova Olinda do Maranhão/MA;0,74;#FF8300;Alto;0,95;#F40000;Muito alto;;0,845;Very high
1303106;Nova Olinda do Norte/AM;0,81;#F40000;Muito alto;0,83;#F40000;Muito alto;;0,8200000000000001;Very high
2510204;Nova Olinda/PB;0,43;#FFCD00;Médio;0,49;#FFCD00;Médio;;0,45999999999999996;Medium
1714880;Nova Olinda/TO;0,35;#A9DE00;Baixo;0,51;#FFCD00;Médio;;0,43;Medium
4313086;Nova Pádua/RS;0,1;#02C650;Muito baixo;0,13;#02C650;Muito baixo;;0,115;Very low
4313102;Nova Palma/RS;0,0;#02C650;Muito baixo;0,16;#02C650;Muito baixo;;0,08;Very low
2510303;Nova Palmeira/PB;0,49;#FFCD00;Médio;0,54;#FFCD00;Médio;;0,515;Medium
4313201;Nova Petrópolis/RS;0,0;#02C650;Muito baixo;0,08;#02C650;Muito baixo;;0,04;Very low
3145000;Nova Ponte/MG;0,27;#A9DE00;Baixo;0,29;#A9DE00;Baixo;;0,28;Low
3145059;Nova Porteirinha/MG;0,28;#A9DE00;Baixo;0,51;#FFCD00;Médio;;0,395;Medium
4117255;Nova Prata do Iguaçu/PR;0,24;#A9DE00;Baixo;0,35;#A9DE00;Baixo;;0,295;Low
4313300;Nova Prata/RS;0,22;#A9DE00;Baixo;0,38;#A9DE00;Baixo;;0,3;Low
4313334;Nova Ramada/RS;0,16;#02C650;Muito baixo;0,18;#02C650;Muito baixo;;0,16999999999999998;Very low
2922854;Nova Redenção/BA;0,51;#FFCD00;Médio;0,56;#FFCD00;Médio;;0,535;Medium
3145109;Nova Resende/MG;0,32;#A9DE00;Baixo;0,36;#A9DE00;Baixo;;0,33999999999999997;Low
4313359;Nova Roma do Sul/RS;0,12;#02C650;Muito baixo;0,15;#02C650;Muito baixo;;0,135;Very low
5214903;Nova Roma/GO;0,22;#A9DE00;Baixo;0,27;#A9DE00;Baixo;;0,245;Low
1715002;Nova Rosalândia/TO;0,34;#A9DE00;Baixo;0,42;#FFCD00;Médio;;0,38;Low
2309300;Nova Russas/CE;0,55;#FFCD00;Médio;0,72;#FF8300;Alto;;0,635;High
4117214;Nova Santa Bárbara/PR;0,36;#A9DE00;Baixo;0,45;#FFCD00;Médio;;0,405;Medium
5106190;Nova Santa Helena/MT;0,27;#A9DE00;Baixo;0,33;#A9DE00;Baixo;;0,30000000000000004;Low
2207959;Nova Santa Rita/PI;0,25;#A9DE00;Baixo;0,31;#A9DE00;Baixo;;0,28;Low
4313375;Nova Santa Rita/RS;0,4;#FFCD00;Médio;0,49;#FFCD00;Médio;;0,445;Medium
4117222;Nova Santa Rosa/PR;0,22;#A9DE00;Baixo;0,3;#A9DE00;Baixo;;0,26;Low
3145208;Nova Serrana/MG;0,53;#FFCD00;Médio;0,52;#FFCD00;Médio;;0,525;Medium
2922904;Nova Soure/BA;0,71;#FF8300;Alto;0,77;#FF8300;Alto;;0,74;High
4117271;Nova Tebas/PR;0,25;#A9DE00;Baixo;0,31;#A9DE00;Baixo;;0,28;Low
1505007;Nova Timboteua/PA;0,49;#FFCD00;Médio;0,51;#FFCD00;Médio;;0,5;Medium
4211504;Nova Trento/SC;0,36;#A9DE00;Baixo;0,46;#FFCD00;Médio;;0,41000000000000003;Medium
5106240;Nova Ubiratã/MT;0,23;#A9DE00;Baixo;0,29;#A9DE00;Baixo;;0,26;Low
3136603;Nova União/MG;0,18;#02C650;Muito baixo;0,24;#A9DE00;Baixo;;0,21;Low
1101435;Nova União/RO;0,36;#A9DE00;Baixo;0,46;#FFCD00;Médio;;0,41000000000000003;Medium
3203908;Nova Venécia/ES;0,49;#FFCD00;Médio;0,52;#FFCD00;Médio;;0,505;Medium
5215009;Nova Veneza/GO;0,39;#A9DE00;Baixo;0,51;#FFCD00;Médio;;0,45;Medium
4211603;Nova Veneza/SC;0,3;#A9DE00;Baixo;0,39;#A9DE00;Baixo;;0,345;Low
2923001;Nova Viçosa/BA;0,63;#FF8300;Alto;0,76;#FF8300;Alto;;0,6950000000000001;High
5106257;Nova Xavantina/MT;0,48;#FFCD00;Médio;0,57;#FFCD00;Médio;;0,5249999999999999;Medium
1715101;Novo Acordo/TO;0,32;#A9DE00;Baixo;0,38;#A9DE00;Baixo;;0,35;Low
1303205;Novo Airão/AM;0,52;#FFCD00;Médio;0,64;#FF8300;Alto;;0,5800000000000001;Medium
1715150;Novo Alegre/TO;0,39;#A9DE00;Baixo;0,45;#FFCD00;Médio;;0,42000000000000004;Medium
1303304;Novo Aripuanã/AM;0,74;#FF8300;Alto;0,81;#F40000;Muito alto;;0,775;High
4313490;Novo Barreiro/RS;0,15;#02C650;Muito baixo;0,18;#02C650;Muito baixo;;0,16499999999999998;Very low
5215207;Novo Brasil/GO;0,32;#A9DE00;Baixo;0,4;#FFCD00;Médio;;0,36;Low
4313391;Novo Cabrais/RS;0,0;#02C650;Muito baixo;0,0;#02C650;Muito baixo;;0,0;Very low
3145307;Novo Cruzeiro/MG;0,39;#A9DE00;Baixo;0,6;#FF8300;Alto;;0,495;Medium
5215231;Novo Gama/GO;0,85;#F40000;Muito alto;0,85;#F40000;Muito alto;;0,85;Very high
4313409;Novo Hamburgo/RS;0,55;#FFCD00;Médio;0,46;#FFCD00;Médio;;0,505;Medium
2923035;Novo Horizonte/BA;0,22;#A9DE00;Baixo;0,29;#A9DE00;Baixo;;0,255;Low
5106273;Novo Horizonte do Norte/MT;0,32;#A9DE00;Baixo;0,41;#FFCD00;Médio;;0,365;Low
1100502;Novo Horizonte do Oeste/RO;0,23;#A9DE00;Baixo;0,27;#A9DE00;Baixo;;0,25;Low
5006259;Novo Horizonte do Sul/MS;0,4;#FFCD00;Médio;0,46;#FFCD00;Médio;;0,43000000000000005;Medium
4211652;Novo Horizonte/SC;0,14;#02C650;Muito baixo;0,22;#A9DE00;Baixo;;0,18;Very low
3533502;Novo Horizonte/SP;0,34;#A9DE00;Baixo;0,59;#FFCD00;Médio;;0,46499999999999997;Medium
4117297;Novo Itacolomi/PR;0,16;#02C650;Muito baixo;0,28;#A9DE00;Baixo;;0,22000000000000003;Low
1715259;Novo Jardim/TO;0,4;#FFCD00;Médio;0,5;#FFCD00;Médio;;0,45;Medium
2705606;Novo Lino/AL;0,71;#FF8300;Alto;0,83;#F40000;Muito alto;;0,77;High
4313425;Novo Machado/RS;0,13;#02C650;Muito baixo;0,21;#A9DE00;Baixo;;0,16999999999999998;Very low
5106265;Novo Mundo/MT;0,17;#02C650;Muito baixo;0,24;#A9DE00;Baixo;;0,20500000000000002;Low
2309409;Novo Oriente/CE;0,4;#FFCD00;Médio;0,47;#FFCD00;Médio;;0,435;Medium
3145356;Novo Oriente de Minas/MG;0,63;#FF8300;Alto;0,61;#FF8300;Alto;;0,62;High
2206902;Novo Oriente do Piauí/PI;0,33;#A9DE00;Baixo;0,39;#A9DE00;Baixo;;0,36;Low
5215256;Novo Planalto/GO;0,46;#FFCD00;Médio;0,46;#FFCD00;Médio;;0,46;Medium
1505031;Novo Progresso/PA;0,58;#FFCD00;Médio;0,56;#FFCD00;Médio;;0,5700000000000001;Medium
1505064;Novo Repartimento/PA;0,4;#FFCD00;Médio;0,57;#FFCD00;Médio;;0,485;Medium
3145372;Novorizonte/MG;0,3;#A9DE00;Baixo;0,37;#A9DE00;Baixo;;0,33499999999999996;Low
5106315;Novo Santo Antônio/MT;0,21;#A9DE00;Baixo;0,33;#A9DE00;Baixo;;0,27;Low
2206951;Novo Santo Antônio/PI;0,17;#02C650;Muito baixo;0,21;#A9DE00;Baixo;;0,19;Very low
5106281;Novo São Joaquim/MT;0,32;#A9DE00;Baixo;0,38;#A9DE00;Baixo;;0,35;Low
4313441;Novo Tiradentes/RS;0,13;#02C650;Muito baixo;0,18;#02C650;Muito baixo;;0,155;Very low
2923050;Novo Triunfo/BA;0,58;#FFCD00;Médio;0,61;#FF8300;Alto;;0,595;High
4313466;Novo Xingu/RS;0,21;#A9DE00;Baixo;0,22;#A9DE00;Baixo;;0,215;Low
3533601;Nuporanga/SP;0,37;#A9DE00;Baixo;0,46;#FFCD00;Médio;;0,41500000000000004;Medium
1505106;Óbidos/PA;0,83;#F40000;Muito alto;0,78;#FF8300;Alto;;0,8049999999999999;Very high
2309458;Ocara/CE;0,24;#A9DE00;Baixo;0,33;#A9DE00;Baixo;;0,28500000000000003;Low
3533700;Ocauçu/SP;0,38;#A9DE00;Baixo;0,44;#FFCD00;Médio;;0,41000000000000003;Medium
1505205;Oeiras do Pará/PA;0,57;#FFCD00;Médio;0,78;#FF8300;Alto;;0,675;High
2207009;Oeiras/PI;0,34;#A9DE00;Baixo;0,46;#FFCD00;Médio;;0,4;Medium
1600501;Oiapoque/AP;0,55;#FFCD00;Médio;0,59;#FFCD00;Médio;;0,5700000000000001;Medium
3145406;Olaria/MG;0,47;#FFCD00;Médio;0,5;#FFCD00;Médio;;0,485;Medium
3533809;Óleo/SP;0,38;#A9DE00;Baixo;0,48;#FFCD00;Médio;;0,43;Medium
2107407;Olho d'Água das Cunhãs/MA;0,57;#FFCD00;Médio;0,66;#FF8300;Alto;;0,615;High
2705705;Olho d'Água das Flores/AL;0,77;#FF8300;Alto;0,89;#F40000;Muito alto;;0,8300000000000001;Very high
2408409;Olho d'Água do Borges/RN;0,57;#FFCD00;Médio;0,62;#FF8300;Alto;;0,595;High
2705804;Olho d'Água do Casado/AL;0,42;#FFCD00;Médio;0,5;#FFCD00;Médio;;0,45999999999999996;Medium
2207108;Olho D'Água do Piauí/PI;0,22;#A9DE00;Baixo;0,27;#A9DE00;Baixo;;0,245;Low
2705903;Olho d'Água Grande/AL;0,39;#A9DE00;Baixo;0,45;#FFCD00;Médio;;0,42000000000000004;Medium
2510402;Olho d'Água/PB;0,54;#FFCD00;Médio;0,59;#FFCD00;Médio;;0,565;Medium
3145455;Olhos-d'Água/MG;0,41;#FFCD00;Médio;0,54;#FFCD00;Médio;;0,475;Medium
3533908;Olímpia/SP;0,43;#FFCD00;Médio;0,47;#FFCD00;Médio;;0,44999999999999996;Medium
3145505;Olímpio Noronha/MG;0,42;#FFCD00;Médio;0,47;#FFCD00;Médio;;0,44499999999999995;Medium
2107456;Olinda Nova do Maranhão/MA;0,44;#FFCD00;Médio;0,5;#FFCD00;Médio;;0,47;Medium
2609600;Olinda/PE;0,74;#FF8300;Alto;0,74;#FF8300;Alto;;0,74;High
2923100;Olindina/BA;0,59;#FFCD00;Médio;0,63;#FF8300;Alto;;0,61;High
2510501;Olivedos/PB;0,4;#FFCD00;Médio;0,45;#FFCD00;Médio;;0,42500000000000004;Medium
1715507;Oliveira de Fátima/TO;0,23;#A9DE00;Baixo;0,31;#A9DE00;Baixo;;0,27;Low
2923209;Oliveira dos Brejinhos/BA;0,28;#A9DE00;Baixo;0,47;#FFCD00;Médio;;0,375;Low
3145703;Oliveira Fortes/MG;0,3;#A9DE00;Baixo;0,34;#A9DE00;Baixo;;0,32;Low
3145604;Oliveira/MG;0,56;#FFCD00;Médio;0,58;#FFCD00;Médio;;0,5700000000000001;Medium
2706000;Olivença/AL;0,46;#FFCD00;Médio;0,49;#FFCD00;Médio;;0,475;Medium
3145802;Onça de Pitangui/MG;0,33;#A9DE00;Baixo;0,45;#FFCD00;Médio;;0,39;Low
3534005;Onda Verde/SP;0,32;#A9DE00;Baixo;0,41;#FFCD00;Médio;;0,365;Low
3145851;Oratórios/MG;0,55;#FFCD00;Médio;0,61;#FF8300;Alto;;0,5800000000000001;Medium
3534104;Oriente/SP;0,36;#A9DE00;Baixo;0,42;#FFCD00;Médio;;0,39;Low
3534203;Orindiúva/SP;0,32;#A9DE00;Baixo;0,41;#FFCD00;Médio;;0,365;Low
1505304;Oriximiná/PA;0,72;#FF8300;Alto;0,61;#FF8300;Alto;;0,665;High
3145877;Orizânia/MG;0,19;#02C650;Muito baixo;0,23;#A9DE00;Baixo;;0,21000000000000002;Low
5215306;Orizona/GO;0,48;#FFCD00;Médio;0,55;#FFCD00;Médio;;0,515;Medium
3534302;Orlândia/SP;0,69;#FF8300;Alto;0,65;#FF8300;Alto;;0,6699999999999999;High
4211702;Orleans/SC;0,52;#FFCD00;Médio;0,6;#FF8300;Alto;;0,56;Medium
2609709;Orobó/PE;0,35;#A9DE00;Baixo;0,43;#FFCD00;Médio;;0,39;Low
2609808;Orocó/PE;0,22;#A9DE00;Baixo;0,27;#A9DE00;Baixo;;0,245;Low
2309508;Orós/CE;0,79;#FF8300;Alto;0,96;#F40000;Muito alto;;0,875;Very high
4117305;Ortigueira/PR;0,45;#FFCD00;Médio;0,39;#A9DE00;Baixo;;0,42000000000000004;Medium
3534401;Osasco/SP;0,7;#FF8300;Alto;0,65;#FF8300;Alto;;0,675;High
3534500;Oscar Bressane/SP;0,47;#FFCD00;Médio;0,53;#FFCD00;Médio;;0,5;Medium
4313508;Osório/RS;0,29;#A9DE00;Baixo;0,57;#FFCD00;Médio;;0,42999999999999994;Medium
3534609;Osvaldo Cruz/SP;0,31;#A9DE00;Baixo;0,43;#FFCD00;Médio;;0,37;Low
4211751;Otacílio Costa/SC;0,51;#FFCD00;Médio;0,53;#FFCD00;Médio;;0,52;Medium
1505403;Ourém/PA;0,6;#FF8300;Alto;0,56;#FFCD00;Médio;;0,5800000000000001;Medium
2923308;Ouriçangas/BA;0,29;#A9DE00;Baixo;0,35;#A9DE00;Baixo;;0,31999999999999995;Low
2609907;Ouricuri/PE;0,73;#FF8300;Alto;0,91;#F40000;Muito alto;;0,8200000000000001;Very high
1505437;Ourilândia do Norte/PA;0,55;#FFCD00;Médio;0,63;#FF8300;Alto;;0,5900000000000001;High
3534708;Ourinhos/SP;0,41;#FFCD00;Médio;0,53;#FFCD00;Médio;;0,47;Medium
4117404;Ourizona/PR;0,4;#FFCD00;Médio;0,47;#FFCD00;Médio;;0,435;Medium
2706109;Ouro Branco/AL;0,53;#FFCD00;Médio;0,58;#FFCD00;Médio;;0,5549999999999999;Medium
3145901;Ouro Branco/MG;0,58;#FFCD00;Médio;0,37;#A9DE00;Baixo;;0,475;Medium
2408508;Ouro Branco/RN;0,53;#FFCD00;Médio;0,6;#FF8300;Alto;;0,565;Medium
3534757;Ouroeste/SP;0,34;#A9DE00;Baixo;0,45;#FFCD00;Médio;;0,395;Medium
3146008;Ouro Fino/MG;0,24;#A9DE00;Baixo;0,3;#A9DE00;Baixo;;0,27;Low
2923357;Ourolândia/BA;0,21;#A9DE00;Baixo;0,29;#A9DE00;Baixo;;0,25;Low
1100155;Ouro Preto do Oeste/RO;0,56;#FFCD00;Médio;0,71;#FF8300;Alto;;0,635;High
3146107;Ouro Preto/MG;0,71;#FF8300;Alto;0,66;#FF8300;Alto;;0,685;High
4211801;Ouro/SC;0,49;#FFCD00;Médio;0,39;#A9DE00;Baixo;;0,44;Medium
2510600;Ouro Velho/PB;0,34;#A9DE00;Baixo;0,4;#FFCD00;Médio;;0,37;Low
5215405;Ouro Verde de Goiás/GO;0,37;#A9DE00;Baixo;0,43;#FFCD00;Médio;;0,4;Medium
3146206;Ouro Verde de Minas/MG;0,42;#FFCD00;Médio;0,48;#FFCD00;Médio;;0,44999999999999996;Medium
4117453;Ouro Verde do Oeste/PR;0,21;#A9DE00;Baixo;0,41;#FFCD00;Médio;;0,31;Low
4211850;Ouro Verde/SC;0,13;#02C650;Muito baixo;0,21;#A9DE00;Baixo;;0,16999999999999998;Very low
3534807;Ouro Verde/SP;0,38;#A9DE00;Baixo;0,48;#FFCD00;Médio;;0,43;Medium
5215504;Ouvidor/GO;0,32;#A9DE00;Baixo;0,39;#A9DE00;Baixo;;0,355;Low
3534906;Pacaembu/SP;0,33;#A9DE00;Baixo;0,41;#FFCD00;Médio;;0,37;Low
1505486;Pacajá/PA;0,58;#FFCD00;Médio;0,68;#FF8300;Alto;;0,63;High
2309607;Pacajus/CE;0,89;#F40000;Muito alto;0,81;#F40000;Muito alto;;0,8500000000000001;Very high
1400456;Pacaraima/RR;0,12;#02C650;Muito baixo;0,17;#02C650;Muito baixo;;0,14500000000000002;Very low
2309706;Pacatuba/CE;0,61;#FF8300;Alto;0,77;#FF8300;Alto;;0,69;High
2804904;Pacatuba/SE;0,12;#02C650;Muito baixo;0,14;#02C650;Muito baixo;;0,13;Very low
2107506;Paço do Lumiar/MA;0,72;#FF8300;Alto;0,69;#FF8300;Alto;;0,705;High
2309805;Pacoti/CE;0,36;#A9DE00;Baixo;0,42;#FFCD00;Médio;;0,39;Low
2309904;Pacujá/CE;0,28;#A9DE00;Baixo;0,34;#A9DE00;Baixo;;0,31000000000000005;Low
5215603;Padre Bernardo/GO;0,42;#FFCD00;Médio;0,51;#FFCD00;Médio;;0,46499999999999997;Medium
3146255;Padre Carvalho/MG;0,39;#A9DE00;Baixo;0,49;#FFCD00;Médio;;0,44;Medium
2207207;Padre Marcos/PI;0,38;#A9DE00;Baixo;0,49;#FFCD00;Médio;;0,435;Medium
3146305;Padre Paraíso/MG;0,93;#F40000;Muito alto;0,82;#F40000;Muito alto;;0,875;Very high
2207306;Paes Landim/PI;0,44;#FFCD00;Médio;0,5;#FFCD00;Médio;;0,47;Medium
4211876;Paial/SC;0,07;#02C650;Muito baixo;0,09;#02C650;Muito baixo;;0,08;Very low
4117503;Paiçandu/PR;0,45;#FFCD00;Médio;0,58;#FFCD00;Médio;;0,515;Medium
4313607;Paim Filho/RS;0,31;#A9DE00;Baixo;0,37;#A9DE00;Baixo;;0,33999999999999997;Low
3146404;Paineiras/MG;0,42;#FFCD00;Médio;0,51;#FFCD00;Médio;;0,46499999999999997;Medium
4211892;Painel/SC;0,22;#A9DE00;Baixo;0,25;#A9DE00;Baixo;;0,235;Low
3146503;Pains/MG;0,54;#FFCD00;Médio;0,61;#FF8300;Alto;;0,575;Medium
3146552;Pai Pedro/MG;0,39;#A9DE00;Baixo;0,44;#FFCD00;Médio;;0,41500000000000004;Medium
3146602;Paiva/MG;0,42;#FFCD00;Médio;0,48;#FFCD00;Médio;;0,44999999999999996;Medium
2207355;Pajeú do Piauí/PI;0,38;#A9DE00;Baixo;0,46;#FFCD00;Médio;;0,42000000000000004;Medium
2706208;Palestina/AL;0,44;#FFCD00;Médio;0,5;#FFCD00;Médio;;0,47;Medium
5215652;Palestina de Goiás/GO;0,34;#A9DE00;Baixo;0,4;#FFCD00;Médio;;0,37;Low
1505494;Palestina do Pará/PA;0,41;#FFCD00;Médio;0,5;#FFCD00;Médio;;0,45499999999999996;Medium
3535002;Palestina/SP;0,41;#FFCD00;Médio;0,46;#FFCD00;Médio;;0,435;Medium
2310001;Palhano/CE;0,44;#FFCD00;Médio;0,57;#FFCD00;Médio;;0,505;Medium
4211900;Palhoça/SC;0,79;#FF8300;Alto;0,79;#FF8300;Alto;;0,79;High
2310100;Palmácia/CE;0,5;#FFCD00;Médio;0,58;#FFCD00;Médio;;0,54;Medium
3146701;Palma/MG;0,52;#FFCD00;Médio;0,56;#FFCD00;Médio;;0,54;Medium
4313656;Palmares do Sul/RS;0,11;#02C650;Muito baixo;0,17;#02C650;Muito baixo;;0,14;Very low
3535101;Palmares Paulista/SP;0,55;#FFCD00;Médio;0,67;#FF8300;Alto;;0,6100000000000001;High
2610004;Palmares/PE;0,95;#F40000;Muito alto;0,88;#F40000;Muito alto;;0,915;Very high
2923407;Palmas de Monte Alto/BA;0,36;#A9DE00;Baixo;0,42;#FFCD00;Médio;;0,39;Low
4212007;Palma Sola/SC;0,29;#A9DE00;Baixo;0,4;#FFCD00;Médio;;0,345;Low
4117602;Palmas/PR;0,5;#FFCD00;Médio;0,51;#FFCD00;Médio;;0,505;Medium
1721000;Palmas/TO;0,26;#A9DE00;Baixo;0,0;#02C650;Muito baixo;;0,13;Very low
4313706;Palmeira das Missões/RS;0,41;#FFCD00;Médio;0,51;#FFCD00;Médio;;0,45999999999999996;Medium
3535200;Palmeira d'Oeste/SP;0,26;#A9DE00;Baixo;0,44;#FFCD00;Médio;;0,35;Low
2207405;Palmeira do Piauí/PI;0,18;#02C650;Muito baixo;0,22;#A9DE00;Baixo;;0,2;Low
2706307;Palmeira dos Índios/AL;0,65;#FF8300;Alto;0,61;#FF8300;Alto;;0,63;High
2207504;Palmeirais/PI;0,32;#A9DE00;Baixo;0,41;#FFCD00;Médio;;0,365;Low
2107605;Palmeirândia/MA;0,32;#A9DE00;Baixo;0,39;#A9DE00;Baixo;;0,355;Low
1715705;Palmeirante/TO;0,27;#A9DE00;Baixo;0,38;#A9DE00;Baixo;;0,325;Low
4117701;Palmeira/PR;0,44;#FFCD00;Médio;0,37;#A9DE00;Baixo;;0,405;Medium
2923506;Palmeiras/BA;0,45;#FFCD00;Médio;0,39;#A9DE00;Baixo;;0,42000000000000004;Medium
4212056;Palmeira/SC;0,36;#A9DE00;Baixo;0,32;#A9DE00;Baixo;;0,33999999999999997;Low
5215702;Palmeiras de Goiás/GO;0,42;#FFCD00;Médio;0,47;#FFCD00;Médio;;0,44499999999999995;Medium
1713809;Palmeiras do Tocantins/TO;0,4;#FFCD00;Médio;0,49;#FFCD00;Médio;;0,445;Medium
2610103;Palmeirina/PE;0,57;#FFCD00;Médio;0,62;#FF8300;Alto;;0,595;High
1715754;Palmeirópolis/TO;0,51;#FFCD00;Médio;0,52;#FFCD00;Médio;;0,515;Medium
5215801;Palmelo/GO;0,39;#A9DE00;Baixo;0,5;#FFCD00;Médio;;0,445;Medium
5215900;Palminópolis/GO;0,37;#A9DE00;Baixo;0,42;#FFCD00;Médio;;0,395;Medium
4117800;Palmital/PR;0,43;#FFCD00;Médio;0,52;#FFCD00;Médio;;0,475;Medium
3535309;Palmital/SP;0,51;#FFCD00;Médio;0,68;#FF8300;Alto;;0,595;High
4313805;Palmitinho/RS;0,15;#02C650;Muito baixo;0,2;#A9DE00;Baixo;;0,175;Very low
4212106;Palmitos/SC;0,33;#A9DE00;Baixo;0,5;#FFCD00;Médio;;0,41500000000000004;Medium
3146750;Palmópolis/MG;0,47;#FFCD00;Médio;0,55;#FFCD00;Médio;;0,51;Medium
4117909;Palotina/PR;0,15;#02C650;Muito baixo;0,37;#A9DE00;Baixo;;0,26;Low
5216007;Panamá/GO;0,34;#A9DE00;Baixo;0,39;#A9DE00;Baixo;;0,365;Low
4313904;Panambi/RS;0,33;#A9DE00;Baixo;0,34;#A9DE00;Baixo;;0,335;Low
3204005;Pancas/ES;0,45;#FFCD00;Médio;0,49;#FFCD00;Médio;;0,47;Medium
2610202;Panelas/PE;0,56;#FFCD00;Médio;0,78;#FF8300;Alto;;0,67;High
3535408;Panorama/SP;0,62;#FF8300;Alto;0,58;#FFCD00;Médio;;0,6;High
4313953;Pantano Grande/RS;0,2;#A9DE00;Baixo;0,33;#A9DE00;Baixo;;0,265;Low
2706406;Pão de Açúcar/AL;0,67;#FF8300;Alto;0,74;#FF8300;Alto;;0,7050000000000001;High
3146909;Papagaios/MG;0,65;#FF8300;Alto;0,72;#FF8300;Alto;;0,685;High
4212205;Papanduva/SC;0,23;#A9DE00;Baixo;0,32;#A9DE00;Baixo;;0,275;Low
2207553;Paquetá/PI;0,14;#02C650;Muito baixo;0,17;#02C650;Muito baixo;;0,15500000000000003;Very low
3303609;Paracambi/RJ;0,88;#F40000;Muito alto;0,83;#F40000;Muito alto;;0,855;Very high
3147006;Paracatu/MG;0,7;#FF8300;Alto;0,64;#FF8300;Alto;;0,6699999999999999;High
2310209;Paracuru/CE;0,42;#FFCD00;Médio;0,33;#A9DE00;Baixo;;0,375;Low
3147105;Pará de Minas/MG;0,55;#FFCD00;Médio;0,49;#FFCD00;Médio;;0,52;Medium
1505502;Paragominas/PA;0,43;#FFCD00;Médio;0,62;#FF8300;Alto;;0,525;Medium
3147204;Paraguaçu/MG;0,48;#FFCD00;Médio;0,59;#FFCD00;Médio;;0,5349999999999999;Medium
3535507;Paraguaçu Paulista/SP;0,36;#A9DE00;Baixo;0,52;#FFCD00;Médio;;0,44;Medium
3303708;Paraíba do Sul/RJ;0,81;#F40000;Muito alto;0,77;#FF8300;Alto;;0,79;High
2107704;Paraibano/MA;0,71;#FF8300;Alto;0,8;#F40000;Muito alto;;0,755;High
3535606;Paraibuna/SP;0,13;#02C650;Muito baixo;0,16;#02C650;Muito baixo;;0,14500000000000002;Very low
2310258;Paraipaba/CE;0,22;#A9DE00;Baixo;0,42;#FFCD00;Médio;;0,32;Low
4314001;Paraí/RS;0,11;#02C650;Muito baixo;0,14;#02C650;Muito baixo;;0,125;Very low
5006275;Paraíso das Águas/MS;0,03;#02C650;Muito baixo;0,11;#02C650;Muito baixo;;0,07;Very low
4118006;Paraíso do Norte/PR;0,25;#A9DE00;Baixo;0,4;#FFCD00;Médio;;0,325;Low
4314027;Paraíso do Sul/RS;0,24;#A9DE00;Baixo;0,31;#A9DE00;Baixo;;0,275;Low
1716109;Paraíso do Tocantins/TO;0,41;#FFCD00;Médio;0,47;#FFCD00;Médio;;0,43999999999999995;Medium
3147303;Paraisópolis/MG;0,69;#FF8300;Alto;0,7;#FF8300;Alto;;0,695;High
4212239;Paraíso/SC;0,15;#02C650;Muito baixo;0,22;#A9DE00;Baixo;;0,185;Very low
3535705;Paraíso/SP;0,35;#A9DE00;Baixo;0,51;#FFCD00;Médio;;0,43;Medium
2310308;Parambu/CE;0,58;#FFCD00;Médio;0,67;#FF8300;Alto;;0,625;High
2923605;Paramirim/BA;0,17;#02C650;Muito baixo;0,25;#A9DE00;Baixo;;0,21000000000000002;Low
2310407;Paramoti/CE;0,53;#FFCD00;Médio;0,67;#FF8300;Alto;;0,6000000000000001;High
4118105;Paranacity/PR;0,32;#A9DE00;Baixo;0,44;#FFCD00;Médio;;0,38;Low
4118204;Paranaguá/PR;0,49;#FFCD00;Médio;0,66;#FF8300;Alto;;0,575;Medium
5006309;Paranaíba/MS;0,42;#FFCD00;Médio;0,65;#FF8300;Alto;;0,535;Medium
5216304;Paranaiguara/GO;0,44;#FFCD00;Médio;0,56;#FFCD00;Médio;;0,5;Medium
5106299;Paranaíta/MT;0,23;#A9DE00;Baixo;0,32;#A9DE00;Baixo;;0,275;Low
3535804;Paranapanema/SP;0,04;#02C650;Muito baixo;0,2;#A9DE00;Baixo;;0,12000000000000001;Very low
4118303;Paranapoema/PR;0,32;#A9DE00;Baixo;0,38;#A9DE00;Baixo;;0,35;Low
3535903;Paranapuã/SP;0,3;#A9DE00;Baixo;0,38;#A9DE00;Baixo;;0,33999999999999997;Low
2408607;Paraná/RN;0,23;#A9DE00;Baixo;0,3;#A9DE00;Baixo;;0,265;Low
2610301;Paranatama/PE;0,25;#A9DE00;Baixo;0,29;#A9DE00;Baixo;;0,27;Low
5106307;Paranatinga/MT;0,36;#A9DE00;Baixo;0,4;#FFCD00;Médio;;0,38;Low
1716208;Paranã/TO;0,31;#A9DE00;Baixo;0,37;#A9DE00;Baixo;;0,33999999999999997;Low
4118402;Paranavaí/PR;0,14;#02C650;Muito baixo;0,38;#A9DE00;Baixo;;0,26;Low
5006358;Paranhos/MS;0,42;#FFCD00;Médio;0,45;#FFCD00;Médio;;0,435;Medium
3147402;Paraopeba/MG;0,52;#FFCD00;Médio;0,59;#FFCD00;Médio;;0,5549999999999999;Medium
3536000;Parapuã/SP;0,43;#FFCD00;Médio;0,55;#FFCD00;Médio;;0,49;Medium
2510659;Parari/PB;0,35;#A9DE00;Baixo;0,41;#FFCD00;Médio;;0,38;Low
2923704;Paratinga/BA;0,28;#A9DE00;Baixo;0,48;#FFCD00;Médio;;0,38;Low
3303807;Paraty/RJ;0,44;#FFCD00;Médio;0,55;#FFCD00;Médio;;0,495;Medium
1505536;Parauapebas/PA;0,65;#FF8300;Alto;0,69;#FF8300;Alto;;0,6699999999999999;High
5216403;Paraúna/GO;0,37;#A9DE00;Baixo;0,43;#FFCD00;Médio;;0,4;Medium
2408706;Paraú/RN;0,63;#FF8300;Alto;0,72;#FF8300;Alto;;0,675;High
2408805;Parazinho/RN;0,48;#FFCD00;Médio;0,5;#FFCD00;Médio;;0,49;Medium
3536109;Pardinho/SP;0,05;#02C650;Muito baixo;0,09;#02C650;Muito baixo;;0,07;Very low
4314035;Pareci Novo/RS;0,0;#02C650;Muito baixo;0,0;#02C650;Muito baixo;;0,0;Very low
1101450;Parecis/RO;0,38;#A9DE00;Baixo;0,46;#FFCD00;Médio;;0,42000000000000004;Medium
2408904;Parelhas/RN;0,86;#F40000;Muito alto;0,72;#FF8300;Alto;;0,79;High
2706422;Pariconha/AL;0,18;#02C650;Muito baixo;0,23;#A9DE00;Baixo;;0,20500000000000002;Low
1303403;Parintins/AM;0,76;#FF8300;Alto;0,92;#F40000;Muito alto;;0,8400000000000001;Very high
2923803;Paripiranga/BA;0,33;#A9DE00;Baixo;0,38;#A9DE00;Baixo;;0,355;Low
2706448;Paripueira/AL;0,42;#FFCD00;Médio;0,44;#FFCD00;Médio;;0,43;Medium
3536208;Pariquera-Açu/SP;0,4;#FFCD00;Médio;0,51;#FFCD00;Médio;;0,455;Medium
3536257;Parisi/SP;0,21;#A9DE00;Baixo;0,27;#A9DE00;Baixo;;0,24;Low
2207603;Parnaguá/PI;0,45;#FFCD00;Médio;0,51;#FFCD00;Médio;;0,48;Medium
2207702;Parnaíba/PI;0,54;#FFCD00;Médio;0,7;#FF8300;Alto;;0,62;High
2610400;Parnamirim/PE;0,62;#FF8300;Alto;0,83;#F40000;Muito alto;;0,725;High
2403251;Parnamirim/RN;0,67;#FF8300;Alto;0,63;#FF8300;Alto;;0,65;High
2107803;Parnarama/MA;0,43;#FFCD00;Médio;0,66;#FF8300;Alto;;0,545;Medium
4314050;Parobé/RS;0,55;#FFCD00;Médio;0,67;#FF8300;Alto;;0,6100000000000001;High
3147501;Passabém/MG;0,23;#A9DE00;Baixo;0,26;#A9DE00;Baixo;;0,245;Low
2409100;Passa e Fica/RN;0,32;#A9DE00;Baixo;0,44;#FFCD00;Médio;;0,38;Low
2207751;Passagem Franca do Piauí/PI;0,5;#FFCD00;Médio;0,56;#FFCD00;Médio;;0,53;Medium
2107902;Passagem Franca/MA;0,47;#FFCD00;Médio;0,56;#FFCD00;Médio;;0,515;Medium
2510709;Passagem/PB;0,36;#A9DE00;Baixo;0,44;#FFCD00;Médio;;0,4;Medium
2409209;Passagem/RN;0,28;#A9DE00;Baixo;0,35;#A9DE00;Baixo;;0,315;Low
3147600;Passa Quatro/MG;0,51;#FFCD00;Médio;0,52;#FFCD00;Médio;;0,515;Medium
4314068;Passa Sete/RS;0,1;#02C650;Muito baixo;0,1;#02C650;Muito baixo;;0,1;Very low
3147709;Passa Tempo/MG;0,52;#FFCD00;Médio;0,57;#FFCD00;Médio;;0,5449999999999999;Medium
3147808;Passa Vinte/MG;0,5;#FFCD00;Médio;0,57;#FFCD00;Médio;;0,5349999999999999;Medium
2610509;Passira/PE;0,72;#FF8300;Alto;0,83;#F40000;Muito alto;;0,7749999999999999;High
2706505;Passo de Camaragibe/AL;0,81;#F40000;Muito alto;0,76;#FF8300;Alto;;0,785;High
4212254;Passo de Torres/SC;0,24;#A9DE00;Baixo;0,27;#A9DE00;Baixo;;0,255;Low
4314076;Passo do Sobrado/RS;0,07;#02C650;Muito baixo;0,11;#02C650;Muito baixo;;0,09;Very low
4314100;Passo Fundo/RS;0,54;#FFCD00;Médio;0,52;#FFCD00;Médio;;0,53;Medium
4212270;Passos Maia/SC;0,35;#A9DE00;Baixo;0,39;#A9DE00;Baixo;;0,37;Low
3147907;Passos/MG;0,78;#FF8300;Alto;0,72;#FF8300;Alto;;0,75;High
2108009;Pastos Bons/MA;0,5;#FFCD00;Médio;0,59;#FFCD00;Médio;;0,5449999999999999;Medium
3147956;Patis/MG;0,35;#A9DE00;Baixo;0,47;#FFCD00;Médio;;0,41;Medium
4118451;Pato Bragado/PR;0,21;#A9DE00;Baixo;0,37;#A9DE00;Baixo;;0,29;Low
4118501;Pato Branco/PR;0,24;#A9DE00;Baixo;0,0;#02C650;Muito baixo;;0,12;Very low
3148004;Patos de Minas/MG;0,59;#FFCD00;Médio;0,43;#FFCD00;Médio;;0,51;Medium
2207777;Patos do Piauí/PI;0,31;#A9DE00;Baixo;0,37;#A9DE00;Baixo;;0,33999999999999997;Low
2510808;Patos/PB;0,69;#FF8300;Alto;0,77;#FF8300;Alto;;0,73;High
3148202;Patrocínio do Muriaé/MG;0,49;#FFCD00;Médio;0,61;#FF8300;Alto;;0,55;Medium
3148103;Patrocínio/MG;0,36;#A9DE00;Baixo;0,54;#FFCD00;Médio;;0,45;Medium
3536307;Patrocínio Paulista/SP;0,58;#FFCD00;Médio;0,48;#FFCD00;Médio;;0,53;Medium
2409308;Patu/RN;0,84;#F40000;Muito alto;0,9;#F40000;Muito alto;;0,87;Very high
3303856;Paty do Alferes/RJ;0,3;#A9DE00;Baixo;0,34;#A9DE00;Baixo;;0,32;Low
2923902;Pau Brasil/BA;0,95;#F40000;Muito alto;0,96;#F40000;Muito alto;;0,955;Very high
2610608;Paudalho/PE;0,77;#FF8300;Alto;0,69;#FF8300;Alto;;0,73;High
2207793;Pau D'Arco do Piauí/PI;0,07;#02C650;Muito baixo;0,09;#02C650;Muito baixo;;0,08;Very low
1505551;Pau D'Arco/PA;0,34;#A9DE00;Baixo;0,41;#FFCD00;Médio;;0,375;Low
1716307;Pau D'Arco/TO;0,35;#A9DE00;Baixo;0,39;#A9DE00;Baixo;;0,37;Low
2409407;Pau dos Ferros/RN;0,71;#FF8300;Alto;0,83;#F40000;Muito alto;;0,77;High
1303502;Pauini/AM;0,65;#FF8300;Alto;0,78;#FF8300;Alto;;0,7150000000000001;High
3148301;Paula Cândido/MG;0,62;#FF8300;Alto;0,71;#FF8300;Alto;;0,665;High
4118600;Paula Freitas/PR;0,35;#A9DE00;Baixo;0,42;#FFCD00;Médio;;0,385;Low
3536406;Paulicéia/SP;0,48;#FFCD00;Médio;0,43;#FFCD00;Médio;;0,45499999999999996;Medium
3536505;Paulínia/SP;0,38;#A9DE00;Baixo;0,3;#A9DE00;Baixo;;0,33999999999999997;Low
2108058;Paulino Neves/MA;0,36;#A9DE00;Baixo;0,47;#FFCD00;Médio;;0,415;Medium
2207801;Paulistana/PI;0,4;#FFCD00;Médio;0,55;#FFCD00;Médio;;0,47500000000000003;Medium
3536570;Paulistânia/SP;0,14;#02C650;Muito baixo;0,2;#A9DE00;Baixo;;0,17;Very low
2510907;Paulista/PB;0,46;#FFCD00;Médio;0,59;#FFCD00;Médio;;0,525;Medium
2610707;Paulista/PE;0,86;#F40000;Muito alto;0,81;#F40000;Muito alto;;0,835;Very high
3148400;Paulistas/MG;0,32;#A9DE00;Baixo;0,38;#A9DE00;Baixo;;0,35;Low
2924009;Paulo Afonso/BA;0,81;#F40000;Muito alto;0,78;#FF8300;Alto;;0,795;Very high
4314134;Paulo Bento/RS;0,1;#02C650;Muito baixo;0,1;#02C650;Muito baixo;;0,1;Very low
3536604;Paulo de Faria/SP;0,44;#FFCD00;Médio;0,6;#FF8300;Alto;;0,52;Medium
4118709;Paulo Frontin/PR;0,35;#A9DE00;Baixo;0,38;#A9DE00;Baixo;;0,365;Low
2706604;Paulo Jacinto/AL;0,5;#FFCD00;Médio;0,55;#FFCD00;Médio;;0,525;Medium
4212304;Paulo Lopes/SC;0,5;#FFCD00;Médio;0,53;#FFCD00;Médio;;0,515;Medium
2108108;Paulo Ramos/MA;0,62;#FF8300;Alto;0,79;#FF8300;Alto;;0,7050000000000001;High
3148509;Pavão/MG;0,74;#FF8300;Alto;0,72;#FF8300;Alto;;0,73;High
4314159;Paverama/RS;0,4;#FFCD00;Médio;0,47;#FFCD00;Médio;;0,435;Medium
2207850;Pavussu/PI;0,21;#A9DE00;Baixo;0,29;#A9DE00;Baixo;;0,25;Low
4118808;Peabiru/PR;0,52;#FFCD00;Médio;0,62;#FF8300;Alto;;0,5700000000000001;Medium
3148608;Peçanha/MG;0,64;#FF8300;Alto;0,64;#FF8300;Alto;;0,64;High
3536703;Pederneiras/SP;0,47;#FFCD00;Médio;0,0;#02C650;Muito baixo;;0,235;Low
2924058;Pé de Serra/BA;0,36;#A9DE00;Baixo;0,41;#FFCD00;Médio;;0,385;Low
3148707;Pedra Azul/MG;0,59;#FFCD00;Médio;0,73;#FF8300;Alto;;0,6599999999999999;High
3536802;Pedra Bela/SP;0,29;#A9DE00;Baixo;0,32;#A9DE00;Baixo;;0,305;Low
3148756;Pedra Bonita/MG;0,39;#A9DE00;Baixo;0,44;#FFCD00;Médio;;0,41500000000000004;Medium
2310506;Pedra Branca/CE;0,78;#FF8300;Alto;0,85;#F40000;Muito alto;;0,815;Very high
1600154;Pedra Branca do Amapari/AP;0,46;#FFCD00;Médio;0,57;#FFCD00;Médio;;0,515;Medium
2511004;Pedra Branca/PB;0,31;#A9DE00;Baixo;0,33;#A9DE00;Baixo;;0,32;Low
3148806;Pedra do Anta/MG;0,43;#FFCD00;Médio;0,52;#FFCD00;Médio;;0,475;Medium
3148905;Pedra do Indaiá/MG;0,24;#A9DE00;Baixo;0,3;#A9DE00;Baixo;;0,27;Low
3149002;Pedra Dourada/MG;0,37;#A9DE00;Baixo;0,43;#FFCD00;Médio;;0,4;Medium
2409506;Pedra Grande/RN;0,29;#A9DE00;Baixo;0,35;#A9DE00;Baixo;;0,31999999999999995;Low
2511103;Pedra Lavrada/PB;0,46;#FFCD00;Médio;0,52;#FFCD00;Médio;;0,49;Medium
3149101;Pedralva/MG;0,53;#FFCD00;Médio;0,46;#FFCD00;Médio;;0,495;Medium
2805000;Pedra Mole/SE;0,3;#A9DE00;Baixo;0,36;#A9DE00;Baixo;;0,32999999999999996;Low
3536901;Pedranópolis/SP;0,32;#A9DE00;Baixo;0,4;#FFCD00;Médio;;0,36;Low
2924108;Pedrão/BA;0,24;#A9DE00;Baixo;0,29;#A9DE00;Baixo;;0,265;Low
2610806;Pedra/PE;0,93;#F40000;Muito alto;0,89;#F40000;Muito alto;;0,91;Very high
5106372;Pedra Preta/MT;0,47;#FFCD00;Médio;0,55;#FFCD00;Médio;;0,51;Medium
2409605;Pedra Preta/RN;0,22;#A9DE00;Baixo;0,29;#A9DE00;Baixo;;0,255;Low
4314175;Pedras Altas/RS;0,32;#A9DE00;Baixo;0,34;#A9DE00;Baixo;;0,33;Low
2511202;Pedras de Fogo/PB;0,97;#F40000;Muito alto;0,9;#F40000;Muito alto;;0,935;Very high
3149150;Pedras de Maria da Cruz/MG;0,44;#FFCD00;Médio;0,59;#FFCD00;Médio;;0,515;Medium
4212403;Pedras Grandes/SC;0,16;#02C650;Muito baixo;0,17;#02C650;Muito baixo;;0,165;Very low
3537008;Pedregulho/SP;0,46;#FFCD00;Médio;0,42;#FFCD00;Médio;;0,44;Medium
2108207;Pedreiras/MA;0,9;#F40000;Muito alto;0,88;#F40000;Muito alto;;0,89;Very high
3537107;Pedreira/SP;0,52;#FFCD00;Médio;0,42;#FFCD00;Médio;;0,47;Medium
3537156;Pedrinhas Paulista/SP;0,16;#02C650;Muito baixo;0,27;#A9DE00;Baixo;;0,21500000000000002;Low
2805109;Pedrinhas/SE;0,43;#FFCD00;Médio;0,49;#FFCD00;Médio;;0,45999999999999996;Medium
3149200;Pedrinópolis/MG;0,35;#A9DE00;Baixo;0,41;#FFCD00;Médio;;0,38;Low
1716505;Pedro Afonso/TO;0,39;#A9DE00;Baixo;0,6;#FF8300;Alto;;0,495;Medium
2924207;Pedro Alexandre/BA;0,26;#A9DE00;Baixo;0,31;#A9DE00;Baixo;;0,28500000000000003;Low
2409704;Pedro Avelino/RN;0,44;#FFCD00;Médio;0,54;#FFCD00;Médio;;0,49;Medium
3204054;Pedro Canário/ES;0,71;#FF8300;Alto;0,82;#F40000;Muito alto;;0,7649999999999999;High
3537206;Pedro de Toledo/SP;0,59;#FFCD00;Médio;0,56;#FFCD00;Médio;;0,575;Medium
2108256;Pedro do Rosário/MA;0,39;#A9DE00;Baixo;0,53;#FFCD00;Médio;;0,46;Medium
5006408;Pedro Gomes/MS;0,34;#A9DE00;Baixo;0,38;#A9DE00;Baixo;;0,36;Low
2207900;Pedro II/PI;0,61;#FF8300;Alto;0,62;#FF8300;Alto;;0,615;High
2207934;Pedro Laurentino/PI;0,26;#A9DE00;Baixo;0,33;#A9DE00;Baixo;;0,29500000000000004;Low
3149309;Pedro Leopoldo/MG;0,4;#FFCD00;Médio;0,36;#A9DE00;Baixo;;0,38;Low
4314209;Pedro Osório/RS;0,46;#FFCD00;Médio;0,58;#FFCD00;Médio;;0,52;Medium
2512721;Pedro Régis/PB;0,32;#A9DE00;Baixo;0,37;#A9DE00;Baixo;;0,345;Low
3149408;Pedro Teixeira/MG;0,25;#A9DE00;Baixo;0,3;#A9DE00;Baixo;;0,275;Low
2409803;Pedro Velho/RN;0,68;#FF8300;Alto;0,65;#FF8300;Alto;;0,665;High
1505601;Peixe-Boi/PA;0,46;#FFCD00;Médio;0,52;#FFCD00;Médio;;0,49;Medium
1716604;Peixe/TO;0,28;#A9DE00;Baixo;0,37;#A9DE00;Baixo;;0,325;Low
5106422;Peixoto de Azevedo/MT;0,46;#FFCD00;Médio;0,46;#FFCD00;Médio;;0,46;Medium
4314308;Pejuçara/RS;0,34;#A9DE00;Baixo;0,46;#FFCD00;Médio;;0,4;Medium
4314407;Pelotas/RS;0,6;#FF8300;Alto;0,29;#A9DE00;Baixo;;0,44499999999999995;Medium
2310605;Penaforte/CE;0,52;#FFCD00;Médio;0,62;#FF8300;Alto;;0,5700000000000001;Medium
2108306;Penalva/MA;0,53;#FFCD00;Médio;0,73;#FF8300;Alto;;0,63;High
3537305;Penápolis/SP;0,37;#A9DE00;Baixo;0,64;#FF8300;Alto;;0,505;Medium
2409902;Pendências/RN;0,53;#FFCD00;Médio;0,62;#FF8300;Alto;;0,575;Medium
2706703;Penedo/AL;0,76;#FF8300;Alto;0,75;#FF8300;Alto;;0,755;High
4212502;Penha/SC;0,53;#FFCD00;Médio;0,53;#FFCD00;Médio;;0,53;Medium
2310704;Pentecoste/CE;0,59;#FFCD00;Médio;0,7;#FF8300;Alto;;0,645;High
3149507;Pequeri/MG;0,42;#FFCD00;Médio;0,47;#FFCD00;Médio;;0,44499999999999995;Medium
3149606;Pequi/MG;0,27;#A9DE00;Baixo;0,38;#A9DE00;Baixo;;0,325;Low
1716653;Pequizeiro/TO;0,44;#FFCD00;Médio;0,51;#FFCD00;Médio;;0,475;Medium
3149705;Perdigão/MG;0,55;#FFCD00;Médio;0,53;#FFCD00;Médio;;0,54;Medium
3149804;Perdizes/MG;0,7;#FF8300;Alto;0,73;#FF8300;Alto;;0,715;High
3149903;Perdões/MG;0,58;#FFCD00;Médio;0,62;#FF8300;Alto;;0,6;High
3537404;Pereira Barreto/SP;0,37;#A9DE00;Baixo;0,54;#FFCD00;Médio;;0,455;Medium
3537503;Pereiras/SP;0,09;#02C650;Muito baixo;0,44;#FFCD00;Médio;;0,265;Low
2310803;Pereiro/CE;0,52;#FFCD00;Médio;0,66;#FF8300;Alto;;0,5900000000000001;High
2108405;Peri Mirim/MA;0,45;#FFCD00;Médio;0,52;#FFCD00;Médio;;0,485;Medium
3149952;Periquito/MG;0,35;#A9DE00;Baixo;0,41;#FFCD00;Médio;;0,38;Low
4212601;Peritiba/SC;0,24;#A9DE00;Baixo;0,27;#A9DE00;Baixo;;0,255;Low
2108454;Peritoró/MA;0,38;#A9DE00;Baixo;0,45;#FFCD00;Médio;;0,41500000000000004;Medium
4118857;Perobal/PR;0,29;#A9DE00;Baixo;0,45;#FFCD00;Médio;;0,37;Low
4119004;Pérola d'Oeste/PR;0,23;#A9DE00;Baixo;0,3;#A9DE00;Baixo;;0,265;Low
5216452;Perolândia/GO;0,29;#A9DE00;Baixo;0,34;#A9DE00;Baixo;;0,315;Low
4118907;Pérola/PR;0,23;#A9DE00;Baixo;0,41;#FFCD00;Médio;;0,32;Low
3537602;Peruíbe/SP;0,35;#A9DE00;Baixo;0,35;#A9DE00;Baixo;;0,35;Low
3150000;Pescador/MG;0,53;#FFCD00;Médio;0,65;#FF8300;Alto;;0,5900000000000001;High
4212650;Pescaria Brava/SC;0,13;#02C650;Muito baixo;0,12;#02C650;Muito baixo;;0,125;Very low
2610905;Pesqueira/PE;0,72;#FF8300;Alto;0,82;#F40000;Muito alto;;0,77;High
2611002;Petrolândia/PE;0,75;#FF8300;Alto;0,72;#FF8300;Alto;;0,735;High
4212700;Petrolândia/SC;0,09;#02C650;Muito baixo;0,14;#02C650;Muito baixo;;0,115;Very low
5216809;Petrolina de Goiás/GO;0,52;#FFCD00;Médio;0,52;#FFCD00;Médio;;0,52;Medium
2611101;Petrolina/PE;0,72;#FF8300;Alto;0,51;#FFCD00;Médio;;0,615;High
3303906;Petrópolis/RJ;0,71;#FF8300;Alto;0,51;#FFCD00;Médio;1863800,0;0,61;High
2706802;Piaçabuçu/AL;0,38;#A9DE00;Baixo;0,42;#FFCD00;Médio;;0,4;Medium
3537701;Piacatu/SP;0,3;#A9DE00;Baixo;0,46;#FFCD00;Médio;;0,38;Low
2511301;Piancó/PB;0,72;#FF8300;Alto;0,86;#F40000;Muito alto;;0,79;High
2924306;Piatã/BA;0,4;#FFCD00;Médio;0,39;#A9DE00;Baixo;;0,395;Medium
3150109;Piau/MG;0,49;#FFCD00;Médio;0,54;#FFCD00;Médio;;0,515;Medium
4314423;Picada Café/RS;0,37;#A9DE00;Baixo;0,39;#A9DE00;Baixo;;0,38;Low
1505635;Piçarra/PA;0,31;#A9DE00;Baixo;0,36;#A9DE00;Baixo;;0,33499999999999996;Low
2208007;Picos/PI;0,67;#FF8300;Alto;0,69;#FF8300;Alto;;0,6799999999999999;High
2511400;Picuí/PB;0,7;#FF8300;Alto;0,7;#FF8300;Alto;;0,7;High
3150158;Piedade de Caratinga/MG;0,33;#A9DE00;Baixo;0,39;#A9DE00;Baixo;;0,36;Low
3150208;Piedade de Ponte Nova/MG;0,56;#FFCD00;Médio;0,63;#FF8300;Alto;;0,595;High
3150307;Piedade do Rio Grande/MG;0,24;#A9DE00;Baixo;0,32;#A9DE00;Baixo;;0,28;Low
3150406;Piedade dos Gerais/MG;0,43;#FFCD00;Médio;0,49;#FFCD00;Médio;;0,45999999999999996;Medium
3537800;Piedade/SP;0,52;#FFCD00;Médio;0,59;#FFCD00;Médio;;0,5549999999999999;Medium
4119103;Piên/PR;0,13;#02C650;Muito baixo;0,11;#02C650;Muito baixo;;0,12;Very low
2924405;Pilão Arcado/BA;0,38;#A9DE00;Baixo;0,51;#FFCD00;Médio;;0,445;Medium
2706901;Pilar/AL;0,82;#F40000;Muito alto;0,74;#FF8300;Alto;;0,78;High
5216908;Pilar de Goiás/GO;0,39;#A9DE00;Baixo;0,44;#FFCD00;Médio;;0,41500000000000004;Medium
3537909;Pilar do Sul/SP;0,5;#FFCD00;Médio;0,66;#FF8300;Alto;;0,5800000000000001;Medium
2511509;Pilar/PB;0,47;#FFCD00;Médio;0,52;#FFCD00;Médio;;0,495;Medium
2511608;Pilões/PB;0,77;#FF8300;Alto;0,76;#FF8300;Alto;;0,765;High
2410009;Pilões/RN;0,49;#FFCD00;Médio;0,55;#FFCD00;Médio;;0,52;Medium
2511707;Pilõezinhos/PB;1,0;#F40000;Muito alto;1,0;#F40000;Muito alto;;1,0;Very high
1100189;Pimenta Bueno/RO;0,52;#FFCD00;Médio;0,73;#FF8300;Alto;;0,625;High
3150505;Pimenta/MG;0,61;#FF8300;Alto;0,61;#FF8300;Alto;;0,61;High
1101468;Pimenteiras do Oeste/RO;0,26;#A9DE00;Baixo;0,42;#FFCD00;Médio;;0,33999999999999997;Low
2208106;Pimenteiras/PI;0,53;#FFCD00;Médio;0,65;#FF8300;Alto;;0,5900000000000001;High
2924504;Pindaí/BA;0,29;#A9DE00;Baixo;0,34;#A9DE00;Baixo;;0,315;Low
3538006;Pindamonhangaba/SP;0,66;#FF8300;Alto;0,69;#FF8300;Alto;;0,675;High
2108504;Pindaré-Mirim/MA;0,71;#FF8300;Alto;0,9;#F40000;Muito alto;;0,8049999999999999;Very high
2707008;Pindoba/AL;0,56;#FFCD00;Médio;0,63;#FF8300;Alto;;0,595;High
2924603;Pindobaçu/BA;0,31;#A9DE00;Baixo;0,35;#A9DE00;Baixo;;0,32999999999999996;Low
1717008;Pindorama do Tocantins/TO;0,39;#A9DE00;Baixo;0,44;#FFCD00;Médio;;0,41500000000000004;Medium
3538105;Pindorama/SP;0,61;#FF8300;Alto;0,77;#FF8300;Alto;;0,69;High
2310852;Pindoretama/CE;0,42;#FFCD00;Médio;0,36;#A9DE00;Baixo;;0,39;Low
3150539;Pingo d'Água/MG;0,49;#FFCD00;Médio;0,63;#FF8300;Alto;;0,56;Medium
4119152;Pinhais/PR;0,42;#FFCD00;Médio;0,38;#A9DE00;Baixo;;0,4;Medium
4119202;Pinhalão/PR;0,38;#A9DE00;Baixo;0,46;#FFCD00;Médio;;0,42000000000000004;Medium
4314464;Pinhal da Serra/RS;0,15;#02C650;Muito baixo;0,22;#A9DE00;Baixo;;0,185;Very low
4119251;Pinhal de São Bento/PR;0,17;#02C650;Muito baixo;0,24;#A9DE00;Baixo;;0,20500000000000002;Low
4314472;Pinhal Grande/RS;0,15;#02C650;Muito baixo;0,22;#A9DE00;Baixo;;0,185;Very low
4314456;Pinhal/RS;0,21;#A9DE00;Baixo;0,28;#A9DE00;Baixo;;0,245;Low
4212908;Pinhalzinho/SC;0,03;#02C650;Muito baixo;0,03;#02C650;Muito baixo;;0,03;Very low
3538204;Pinhalzinho/SP;0,2;#A9DE00;Baixo;0,1;#02C650;Muito baixo;;0,15000000000000002;Very low
4119301;Pinhão/PR;0,33;#A9DE00;Baixo;0,37;#A9DE00;Baixo;;0,35;Low
2805208;Pinhão/SE;0,4;#FFCD00;Médio;0,48;#FFCD00;Médio;;0,44;Medium
3303955;Pinheiral/RJ;0,64;#FF8300;Alto;0,7;#FF8300;Alto;;0,6699999999999999;High
4314498;Pinheirinho do Vale/RS;0,39;#A9DE00;Baixo;0,28;#A9DE00;Baixo;;0,335;Low
2108603;Pinheiro/MA;0,56;#FFCD00;Médio;0,74;#FF8300;Alto;;0,65;High
4314506;Pinheiro Machado/RS;0,51;#FFCD00;Médio;0,62;#FF8300;Alto;;0,565;Medium
4213005;Pinheiro Preto/SC;0,0;#02C650;Muito baixo;0,14;#02C650;Muito baixo;;0,07;Very low
3204104;Pinheiros/ES;0,6;#FF8300;Alto;0,76;#FF8300;Alto;;0,6799999999999999;High
2924652;Pintadas/BA;0,44;#FFCD00;Médio;0,5;#FFCD00;Médio;;0,47;Medium
4314548;Pinto Bandeira/RS;0,36;#A9DE00;Baixo;0,29;#A9DE00;Baixo;;0,32499999999999996;Low
3150570;Pintópolis/MG;0,31;#A9DE00;Baixo;0,36;#A9DE00;Baixo;;0,33499999999999996;Low
2208205;Pio IX/PI;0,42;#FFCD00;Médio;0,55;#FFCD00;Médio;;0,485;Medium
2108702;Pio XII/MA;0,46;#FFCD00;Médio;0,66;#FF8300;Alto;;0,56;Medium
3538303;Piquerobi/SP;0,58;#FFCD00;Médio;0,75;#FF8300;Alto;;0,665;High
2310902;Piquet Carneiro/CE;0,7;#FF8300;Alto;0,8;#F40000;Muito alto;;0,75;High
3538501;Piquete/SP;0,75;#FF8300;Alto;0,59;#FFCD00;Médio;;0,6699999999999999;High
3538600;Piracaia/SP;0,69;#FF8300;Alto;0,63;#FF8300;Alto;;0,6599999999999999;High
5217104;Piracanjuba/GO;0,57;#FFCD00;Médio;0,52;#FFCD00;Médio;;0,5449999999999999;Medium
3150604;Piracema/MG;0,27;#A9DE00;Baixo;0,36;#A9DE00;Baixo;;0,315;Low
3538709;Piracicaba/SP;0,55;#FFCD00;Médio;0,15;#02C650;Muito baixo;;0,35000000000000003;Low
2208304;Piracuruca/PI;0,5;#FFCD00;Médio;0,58;#FFCD00;Médio;;0,54;Medium
2924678;Piraí do Norte/BA;0,58;#FFCD00;Médio;0,63;#FF8300;Alto;;0,605;High
4119400;Piraí do Sul/PR;0,6;#FF8300;Alto;0,67;#FF8300;Alto;;0,635;High
3304003;Piraí/RJ;0,52;#FFCD00;Médio;0,67;#FF8300;Alto;;0,595;High
3150703;Pirajuba/MG;0,32;#A9DE00;Baixo;0,38;#A9DE00;Baixo;;0,35;Low
3538907;Pirajuí/SP;0,51;#FFCD00;Médio;0,56;#FFCD00;Médio;;0,535;Medium
3538808;Piraju/SP;0,47;#FFCD00;Médio;0,59;#FFCD00;Médio;;0,53;Medium
2805307;Pirambu/SE;0,29;#A9DE00;Baixo;0,35;#A9DE00;Baixo;;0,31999999999999995;Low
3150802;Piranga/MG;0,31;#A9DE00;Baixo;0,37;#A9DE00;Baixo;;0,33999999999999997;Low
3539004;Pirangi/SP;0,38;#A9DE00;Baixo;0,4;#FFCD00;Médio;;0,39;Low
3150901;Piranguçu/MG;0,3;#A9DE00;Baixo;0,23;#A9DE00;Baixo;;0,265;Low
3151008;Piranguinho/MG;0,55;#FFCD00;Médio;0,42;#FFCD00;Médio;;0,485;Medium
2707107;Piranhas/AL;0,52;#FFCD00;Médio;0,67;#FF8300;Alto;;0,595;High
5217203;Piranhas/GO;0,46;#FFCD00;Médio;0,48;#FFCD00;Médio;;0,47;Medium
2108801;Pirapemas/MA;0,56;#FFCD00;Médio;0,76;#FF8300;Alto;;0,66;High
3151107;Pirapetinga/MG;0,67;#FF8300;Alto;0,84;#F40000;Muito alto;;0,755;High
3539103;Pirapora do Bom Jesus/SP;0,66;#FF8300;Alto;0,76;#FF8300;Alto;;0,71;High
3151206;Pirapora/MG;0,36;#A9DE00;Baixo;0,32;#A9DE00;Baixo;;0,33999999999999997;Low
4314555;Pirapó/RS;0,17;#02C650;Muito baixo;0,33;#A9DE00;Baixo;;0,25;Low
3539202;Pirapozinho/SP;0,52;#FFCD00;Médio;0,63;#FF8300;Alto;;0,575;Medium
4119509;Piraquara/PR;0,63;#FF8300;Alto;0,73;#FF8300;Alto;;0,6799999999999999;High
1717206;Piraquê/TO;0,37;#A9DE00;Baixo;0,45;#FFCD00;Médio;;0,41000000000000003;Medium
3539301;Pirassununga/SP;0,42;#FFCD00;Médio;0,49;#FFCD00;Médio;;0,45499999999999996;Medium
3539400;Piratininga/SP;0,62;#FF8300;Alto;0,64;#FF8300;Alto;;0,63;High
4314605;Piratini/RS;0,48;#FFCD00;Médio;0,49;#FFCD00;Médio;;0,485;Medium
4213104;Piratuba/SC;0,22;#A9DE00;Baixo;0,25;#A9DE00;Baixo;;0,235;Low
3151305;Piraúba/MG;0,49;#FFCD00;Médio;0,56;#FFCD00;Médio;;0,525;Medium
5217302;Pirenópolis/GO;0,51;#FFCD00;Médio;0,52;#FFCD00;Médio;;0,515;Medium
5217401;Pires do Rio/GO;0,55;#FFCD00;Médio;0,62;#FF8300;Alto;;0,585;Medium
2310951;Pires Ferreira/CE;0,34;#A9DE00;Baixo;0,42;#FFCD00;Médio;;0,38;Low
2924702;Piripá/BA;0,48;#FFCD00;Médio;0,66;#FF8300;Alto;;0,5700000000000001;Medium
2208403;Piripiri/PI;0,57;#FFCD00;Médio;0,67;#FF8300;Alto;;0,62;High
2924801;Piritiba/BA;0,42;#FFCD00;Médio;0,48;#FFCD00;Médio;;0,44999999999999996;Medium
2511806;Pirpirituba/PB;0,69;#FF8300;Alto;0,79;#FF8300;Alto;;0,74;High
4119608;Pitanga/PR;0,36;#A9DE00;Baixo;0,48;#FFCD00;Médio;;0,42;Medium
4119657;Pitangueiras/PR;0,16;#02C650;Muito baixo;0,23;#A9DE00;Baixo;;0,195;Low
3539509;Pitangueiras/SP;0,42;#FFCD00;Médio;0,54;#FFCD00;Médio;;0,48;Medium
3151404;Pitangui/MG;0,87;#F40000;Muito alto;0,76;#FF8300;Alto;;0,815;Very high
2511905;Pitimbu/PB;0,43;#FFCD00;Médio;0,48;#FFCD00;Médio;;0,45499999999999996;Medium
3204203;Piúma/ES;0,48;#FFCD00;Médio;0,55;#FFCD00;Médio;;0,515;Medium
3151503;Piumhi/MG;0,7;#FF8300;Alto;0,66;#FF8300;Alto;;0,6799999999999999;High
1717503;Pium/TO;0,55;#FFCD00;Médio;0,71;#FF8300;Alto;;0,63;High
1505650;Placas/PA;0,49;#FFCD00;Médio;0,65;#FF8300;Alto;;0,5700000000000001;Medium
1200385;Plácido de Castro/AC;0,41;#FFCD00;Médio;0,56;#FFCD00;Médio;;0,485;Medium
4119707;Planaltina do Paraná/PR;0,22;#A9DE00;Baixo;0,34;#A9DE00;Baixo;;0,28;Low
5217609;Planaltina/GO;0,43;#FFCD00;Médio;0,55;#FFCD00;Médio;;0,49;Medium
2924900;Planaltino/BA;0,3;#A9DE00;Baixo;0,36;#A9DE00;Baixo;;0,32999999999999996;Low
4213153;Planalto Alegre/SC;0,21;#A9DE00;Baixo;0,23;#A9DE00;Baixo;;0,22;Low
2925006;Planalto/BA;0,59;#FFCD00;Médio;0,81;#F40000;Muito alto;;0,7;High
5106455;Planalto da Serra/MT;0,24;#A9DE00;Baixo;0,29;#A9DE00;Baixo;;0,265;Low
4119806;Planalto/PR;0,38;#A9DE00;Baixo;0,48;#FFCD00;Médio;;0,43;Medium
4314704;Planalto/RS;0,37;#A9DE00;Baixo;0,43;#FFCD00;Médio;;0,4;Medium
3539608;Planalto/SP;0,37;#A9DE00;Baixo;0,49;#FFCD00;Médio;;0,43;Medium
3151602;Planura/MG;0,29;#A9DE00;Baixo;0,43;#FFCD00;Médio;;0,36;Low
3539707;Platina/SP;0,39;#A9DE00;Baixo;0,52;#FFCD00;Médio;;0,455;Medium
3539806;Poá/SP;0,72;#FF8300;Alto;0,6;#FF8300;Alto;;0,6599999999999999;High
2108900;Poção de Pedras/MA;0,31;#A9DE00;Baixo;0,43;#FFCD00;Médio;;0,37;Low
2611200;Poção/PE;0,49;#FFCD00;Médio;0,54;#FFCD00;Médio;;0,515;Medium
2512002;Pocinhos/PB;0,45;#FFCD00;Médio;0,6;#FF8300;Alto;;0,525;Medium
2410108;Poço Branco/RN;0,66;#FF8300;Alto;0,59;#FFCD00;Médio;;0,625;High
2512036;Poço Dantas/PB;0,21;#A9DE00;Baixo;0,25;#A9DE00;Baixo;;0,22999999999999998;Low
4314753;Poço das Antas/RS;0,02;#02C650;Muito baixo;0,01;#02C650;Muito baixo;;0,015;Very low
2707206;Poço das Trincheiras/AL;0,38;#A9DE00;Baixo;0,37;#A9DE00;Baixo;;0,375;Low
2512077;Poço de José de Moura/PB;0,32;#A9DE00;Baixo;0,38;#A9DE00;Baixo;;0,35;Low
2925105;Poções/BA;0,45;#FFCD00;Médio;0,67;#FF8300;Alto;;0,56;Medium
3151701;Poço Fundo/MG;0,65;#FF8300;Alto;0,47;#FFCD00;Médio;;0,56;Medium
5106505;Poconé/MT;0,53;#FFCD00;Médio;0,68;#FF8300;Alto;;0,605;High
2805406;Poço Redondo/SE;0,29;#A9DE00;Baixo;0,35;#A9DE00;Baixo;;0,31999999999999995;Low
3151800;Poços de Caldas/MG;0,68;#FF8300;Alto;0,26;#A9DE00;Baixo;;0,47000000000000003;Medium
2805505;Poço Verde/SE;0,7;#FF8300;Alto;0,71;#FF8300;Alto;;0,705;High
3151909;Pocrane/MG;0,39;#A9DE00;Baixo;0,47;#FFCD00;Médio;;0,43;Medium
2925204;Pojuca/BA;0,8;#F40000;Muito alto;0,84;#F40000;Muito alto;;0,8200000000000001;Very high
3539905;Poloni/SP;0,4;#FFCD00;Médio;0,46;#FFCD00;Médio;;0,43000000000000005;Medium
2512101;Pombal/PB;0,78;#FF8300;Alto;0,78;#FF8300;Alto;;0,78;High
2611309;Pombos/PE;0,59;#FFCD00;Médio;0,75;#FF8300;Alto;;0,6699999999999999;High
4213203;Pomerode/SC;0,0;#02C650;Muito baixo;0,0;#02C650;Muito baixo;;0,0;Very low
3540002;Pompéia/SP;0,49;#FFCD00;Médio;0,51;#FFCD00;Médio;;0,5;Medium
3152006;Pompéu/MG;0,46;#FFCD00;Médio;0,63;#FF8300;Alto;;0,545;Medium
3540101;Pongaí/SP;0,33;#A9DE00;Baixo;0,42;#FFCD00;Médio;;0,375;Low
1505700;Ponta de Pedras/PA;0,59;#FFCD00;Médio;0,91;#F40000;Muito alto;;0,75;High
4119905;Ponta Grossa/PR;0,23;#A9DE00;Baixo;0,4;#FFCD00;Médio;;0,315;Low
5106653;Pontal do Araguaia/MT;0,85;#F40000;Muito alto;0,74;#FF8300;Alto;;0,7949999999999999;Very high
4119954;Pontal do Paraná/PR;0,34;#A9DE00;Baixo;0,41;#FFCD00;Médio;;0,375;Low
5217708;Pontalina/GO;0,48;#FFCD00;Médio;0,5;#FFCD00;Médio;;0,49;Medium
3540259;Pontalinda/SP;0,43;#FFCD00;Médio;0,51;#FFCD00;Médio;;0,47;Medium
3540200;Pontal/SP;0,46;#FFCD00;Médio;0,52;#FFCD00;Médio;;0,49;Medium
4314779;Pontão/RS;0,27;#A9DE00;Baixo;0,34;#A9DE00;Baixo;;0,30500000000000005;Low
5006606;Ponta Porã/MS;0,3;#A9DE00;Baixo;0,35;#A9DE00;Baixo;;0,32499999999999996;Low
1717800;Ponte Alta do Bom Jesus/TO;0,37;#A9DE00;Baixo;0,47;#FFCD00;Médio;;0,42;Medium
4213351;Ponte Alta do Norte/SC;0,29;#A9DE00;Baixo;0,3;#A9DE00;Baixo;;0,295;Low
1717909;Ponte Alta do Tocantins/TO;0,39;#A9DE00;Baixo;0,46;#FFCD00;Médio;;0,42500000000000004;Medium
4213302;Ponte Alta/SC;0,47;#FFCD00;Médio;0,48;#FFCD00;Médio;;0,475;Medium
5106703;Ponte Branca/MT;0,27;#A9DE00;Baixo;0,35;#A9DE00;Baixo;;0,31;Low
3152105;Ponte Nova/MG;0,79;#FF8300;Alto;0,65;#FF8300;Alto;;0,72;High
4314787;Ponte Preta/RS;0,1;#02C650;Muito baixo;0,19;#02C650;Muito baixo;;0,14500000000000002;Very low
5106752;Pontes e Lacerda/MT;0,36;#A9DE00;Baixo;0,5;#FFCD00;Médio;;0,43;Medium
4213401;Ponte Serrada/SC;0,38;#A9DE00;Baixo;0,45;#FFCD00;Médio;;0,41500000000000004;Medium
3540309;Pontes Gestal/SP;0,29;#A9DE00;Baixo;0,35;#A9DE00;Baixo;;0,31999999999999995;Low
3204252;Ponto Belo/ES;0,47;#FFCD00;Médio;0,47;#FFCD00;Médio;;0,47;Medium
3152131;Ponto Chique/MG;0,31;#A9DE00;Baixo;0,44;#FFCD00;Médio;;0,375;Low
3152170;Ponto dos Volantes/MG;0,3;#A9DE00;Baixo;0,36;#A9DE00;Baixo;;0,32999999999999996;Low
2925253;Ponto Novo/BA;0,29;#A9DE00;Baixo;0,38;#A9DE00;Baixo;;0,33499999999999996;Low
3540408;Populina/SP;0,3;#A9DE00;Baixo;0,36;#A9DE00;Baixo;;0,32999999999999996;Low
3540507;Porangaba/SP;0,16;#02C650;Muito baixo;0,24;#A9DE00;Baixo;;0,2;Low
2311009;Poranga/CE;0,39;#A9DE00;Baixo;0,44;#FFCD00;Médio;;0,41500000000000004;Medium
5218003;Porangatu/GO;0,49;#FFCD00;Médio;0,62;#FF8300;Alto;;0,5549999999999999;Medium
3304102;Porciúncula/RJ;0,74;#FF8300;Alto;0,72;#FF8300;Alto;;0,73;High
4120002;Porecatu/PR;0,4;#FFCD00;Médio;0,51;#FFCD00;Médio;;0,455;Medium
2410207;Portalegre/RN;0,41;#FFCD00;Médio;0,35;#A9DE00;Baixo;;0,38;Low
4314803;Portão/RS;0,41;#FFCD00;Médio;0,46;#FFCD00;Médio;;0,435;Medium
5218052;Porteirão/GO;0,29;#A9DE00;Baixo;0,36;#A9DE00;Baixo;;0,32499999999999996;Low
2311108;Porteiras/CE;0,23;#A9DE00;Baixo;0,26;#A9DE00;Baixo;;0,245;Low
3152204;Porteirinha/MG;0,64;#FF8300;Alto;0,57;#FFCD00;Médio;;0,605;High
5218102;Portelândia/GO;0,34;#A9DE00;Baixo;0,41;#FFCD00;Médio;;0,375;Low
1505809;Portel/PA;0,98;#F40000;Muito alto;1,0;#F40000;Muito alto;;0,99;Very high
1200807;Porto Acre/AC;0,12;#02C650;Muito baixo;0,41;#FFCD00;Médio;;0,265;Low
5106778;Porto Alegre do Norte/MT;0,27;#A9DE00;Baixo;0,35;#A9DE00;Baixo;;0,31;Low
2208551;Porto Alegre do Piauí/PI;0,26;#A9DE00;Baixo;0,32;#A9DE00;Baixo;;0,29000000000000004;Low
1718006;Porto Alegre do Tocantins/TO;0,35;#A9DE00;Baixo;0,43;#FFCD00;Médio;;0,39;Low
4314902;Porto Alegre/RS;0,72;#FF8300;Alto;0,27;#A9DE00;Baixo;;0,495;Medium
4120101;Porto Amazonas/PR;0,35;#A9DE00;Baixo;0,29;#A9DE00;Baixo;;0,31999999999999995;Low
4120150;Porto Barreiro/PR;0,3;#A9DE00;Baixo;0,32;#A9DE00;Baixo;;0,31;Low
4213500;Porto Belo/SC;0,35;#A9DE00;Baixo;0,4;#FFCD00;Médio;;0,375;Low
2707305;Porto Calvo/AL;0,71;#FF8300;Alto;0,78;#FF8300;Alto;;0,745;High
2805604;Porto da Folha/SE;0,44;#FFCD00;Médio;0,48;#FFCD00;Médio;;0,45999999999999996;Medium
1505908;Porto de Moz/PA;0,82;#F40000;Muito alto;0,92;#F40000;Muito alto;;0,87;Very high
2707404;Porto de Pedras/AL;0,38;#A9DE00;Baixo;0,43;#FFCD00;Médio;;0,405;Medium
2410256;Porto do Mangue/RN;0,42;#FFCD00;Médio;0,47;#FFCD00;Médio;;0,44499999999999995;Medium
5106802;Porto dos Gaúchos/MT;0,15;#02C650;Muito baixo;0,22;#A9DE00;Baixo;;0,185;Very low
5106828;Porto Esperidião/MT;0,27;#A9DE00;Baixo;0,34;#A9DE00;Baixo;;0,30500000000000005;Low
5106851;Porto Estrela/MT;0,33;#A9DE00;Baixo;0,4;#FFCD00;Médio;;0,365;Low
3540606;Porto Feliz/SP;0,41;#FFCD00;Médio;0,38;#A9DE00;Baixo;;0,395;Medium
3540705;Porto Ferreira/SP;0,42;#FFCD00;Médio;0,48;#FFCD00;Médio;;0,44999999999999996;Medium
3152303;Porto Firme/MG;0,64;#FF8300;Alto;0,64;#FF8300;Alto;;0,64;High
2109007;Porto Franco/MA;0,44;#FFCD00;Médio;0,64;#FF8300;Alto;;0,54;Medium
1600535;Porto Grande/AP;0,57;#FFCD00;Médio;0,64;#FF8300;Alto;;0,605;High
4315008;Porto Lucena/RS;0,33;#A9DE00;Baixo;0,41;#FFCD00;Médio;;0,37;Low
4315057;Porto Mauá/RS;0,15;#02C650;Muito baixo;0,16;#02C650;Muito baixo;;0,155;Very low
5006903;Porto Murtinho/MS;0,49;#FFCD00;Médio;0,66;#FF8300;Alto;;0,575;Medium
1718204;Porto Nacional/TO;0,24;#A9DE00;Baixo;0,25;#A9DE00;Baixo;;0,245;Low
2208502;Porto/PI;0,5;#FFCD00;Médio;0,71;#FF8300;Alto;;0,605;High
2707503;Porto Real do Colégio/AL;0,52;#FFCD00;Médio;0,67;#FF8300;Alto;;0,595;High
3304110;Porto Real/RJ;0,18;#02C650;Muito baixo;0,26;#A9DE00;Baixo;;0,22;Low
2109056;Porto Rico do Maranhão/MA;0,35;#A9DE00;Baixo;0,42;#FFCD00;Médio;;0,385;Low
4120200;Porto Rico/PR;0,0;#02C650;Muito baixo;0,04;#02C650;Muito baixo;;0,02;Very low
2925303;Porto Seguro/BA;0,67;#FF8300;Alto;0,62;#FF8300;Alto;;0,645;High
4213609;Porto União/SC;0,48;#FFCD00;Médio;0,36;#A9DE00;Baixo;;0,42;Medium
1100205;Porto Velho/RO;0,37;#A9DE00;Baixo;0,61;#FF8300;Alto;;0,49;Medium
4315073;Porto Vera Cruz/RS;0,2;#A9DE00;Baixo;0,24;#A9DE00;Baixo;;0,22;Low
4120309;Porto Vitória/PR;0,37;#A9DE00;Baixo;0,43;#FFCD00;Médio;;0,4;Medium
1200393;Porto Walter/AC;0,31;#A9DE00;Baixo;0,38;#A9DE00;Baixo;;0,345;Low
4315107;Porto Xavier/RS;0,33;#A9DE00;Baixo;0,31;#A9DE00;Baixo;;0,32;Low
5218300;Posse/GO;0,31;#A9DE00;Baixo;0,45;#FFCD00;Médio;;0,38;Low
3152402;Poté/MG;0,41;#FFCD00;Médio;0,48;#FFCD00;Médio;;0,44499999999999995;Medium
2311207;Potengi/CE;0,5;#FFCD00;Médio;0,6;#FF8300;Alto;;0,55;Medium
3540754;Potim/SP;0,7;#FF8300;Alto;0,67;#FF8300;Alto;;0,685;High
2925402;Potiraguá/BA;0,55;#FFCD00;Médio;0,61;#FF8300;Alto;;0,5800000000000001;Medium
3540804;Potirendaba/SP;0,38;#A9DE00;Baixo;0,45;#FFCD00;Médio;;0,41500000000000004;Medium
2311231;Potiretama/CE;0,49;#FFCD00;Médio;0,57;#FFCD00;Médio;;0,53;Medium
3152501;Pouso Alegre/MG;0,59;#FFCD00;Médio;0,28;#A9DE00;Baixo;;0,435;Medium
3152600;Pouso Alto/MG;0,57;#FFCD00;Médio;0,58;#FFCD00;Médio;;0,575;Medium
4315131;Pouso Novo/RS;0,16;#02C650;Muito baixo;0,17;#02C650;Muito baixo;;0,165;Very low
4213708;Pouso Redondo/SC;0,25;#A9DE00;Baixo;0,35;#A9DE00;Baixo;;0,3;Low
5107008;Poxoréu/MT;0,26;#A9DE00;Baixo;0,33;#A9DE00;Baixo;;0,29500000000000004;Low
3540853;Pracinha/SP;0,37;#A9DE00;Baixo;0,43;#FFCD00;Médio;;0,4;Medium
1600550;Pracuúba/AP;0,39;#A9DE00;Baixo;0,56;#FFCD00;Médio;;0,47500000000000003;Medium
2925501;Prado/BA;0,82;#F40000;Muito alto;0,77;#FF8300;Alto;;0,7949999999999999;Very high
4120333;Prado Ferreira/PR;0,07;#02C650;Muito baixo;0,18;#02C650;Muito baixo;;0,125;Very low
3540903;Pradópolis/SP;0,41;#FFCD00;Médio;0,53;#FFCD00;Médio;;0,47;Medium
3152709;Prados/MG;0,67;#FF8300;Alto;0,59;#FFCD00;Médio;;0,63;High
4213807;Praia Grande/SC;0,26;#A9DE00;Baixo;0,32;#A9DE00;Baixo;;0,29000000000000004;Low
3541000;Praia Grande/SP;0,31;#A9DE00;Baixo;0,0;#02C650;Muito baixo;;0,155;Very low
1718303;Praia Norte/TO;0,38;#A9DE00;Baixo;0,45;#FFCD00;Médio;;0,41500000000000004;Medium
1506005;Prainha/PA;0,87;#F40000;Muito alto;0,84;#F40000;Muito alto;;0,855;Very high
4120358;Pranchita/PR;0,17;#02C650;Muito baixo;0,34;#A9DE00;Baixo;;0,255;Low
2208601;Prata do Piauí/PI;0,35;#A9DE00;Baixo;0,43;#FFCD00;Médio;;0,39;Low
3152808;Prata/MG;0,31;#A9DE00;Baixo;0,33;#A9DE00;Baixo;;0,32;Low
3541059;Pratânia/SP;0,46;#FFCD00;Médio;0,61;#FF8300;Alto;;0,535;Medium
2512200;Prata/PB;0,43;#FFCD00;Médio;0,49;#FFCD00;Médio;;0,45999999999999996;Medium
3152907;Pratápolis/MG;0,77;#FF8300;Alto;0,73;#FF8300;Alto;;0,75;High
3153004;Pratinha/MG;0,41;#FFCD00;Médio;0,5;#FFCD00;Médio;;0,45499999999999996;Medium
3541109;Presidente Alves/SP;0,3;#A9DE00;Baixo;0,47;#FFCD00;Médio;;0,385;Low
3153103;Presidente Bernardes/MG;0,3;#A9DE00;Baixo;0,28;#A9DE00;Baixo;;0,29000000000000004;Low
3541208;Presidente Bernardes/SP;0,56;#FFCD00;Médio;0,76;#FF8300;Alto;;0,66;High
4213906;Presidente Castello Branco/SC;0,18;#02C650;Muito baixo;0,2;#A9DE00;Baixo;;0,19;Very low
4120408;Presidente Castelo Branco/PR;0,35;#A9DE00;Baixo;0,55;#FFCD00;Médio;;0,45;Medium
2925600;Presidente Dutra/BA;0,2;#A9DE00;Baixo;0,26;#A9DE00;Baixo;;0,23;Low
2109106;Presidente Dutra/MA;0,66;#FF8300;Alto;0,83;#F40000;Muito alto;;0,745;High
3541307;Presidente Epitácio/SP;0,37;#A9DE00;Baixo;0,55;#FFCD00;Médio;;0,46;Medium
1303536;Presidente Figueiredo/AM;0,31;#A9DE00;Baixo;0,46;#FFCD00;Médio;;0,385;Low
4214003;Presidente Getúlio/SC;0,45;#FFCD00;Médio;0,41;#FFCD00;Médio;;0,43;Medium
2925709;Presidente Jânio Quadros/BA;0,34;#A9DE00;Baixo;0,45;#FFCD00;Médio;;0,395;Medium
2109205;Presidente Juscelino/MA;0,62;#FF8300;Alto;0,62;#FF8300;Alto;;0,62;High
3153202;Presidente Juscelino/MG;0,34;#A9DE00;Baixo;0,38;#A9DE00;Baixo;;0,36;Low
3204302;Presidente Kennedy/ES;0,37;#A9DE00;Baixo;0,34;#A9DE00;Baixo;;0,355;Low
1718402;Presidente Kennedy/TO;0,47;#FFCD00;Médio;0,52;#FFCD00;Médio;;0,495;Medium
3153301;Presidente Kubitschek/MG;0,52;#FFCD00;Médio;0,63;#FF8300;Alto;;0,575;Medium
4315149;Presidente Lucena/RS;0,0;#02C650;Muito baixo;0,0;#02C650;Muito baixo;;0,0;Very low
2109239;Presidente Médici/MA;0,6;#FF8300;Alto;0,78;#FF8300;Alto;;0,69;High
1100254;Presidente Médici/RO;0,38;#A9DE00;Baixo;0,55;#FFCD00;Médio;;0,465;Medium
4214102;Presidente Nereu/SC;0,27;#A9DE00;Baixo;0,29;#A9DE00;Baixo;;0,28;Low
3153400;Presidente Olegário/MG;0,7;#FF8300;Alto;0,71;#FF8300;Alto;;0,705;High
3541406;Presidente Prudente/SP;0,46;#FFCD00;Médio;0,61;#FF8300;Alto;;0,535;Medium
2109270;Presidente Sarney/MA;0,33;#A9DE00;Baixo;0,49;#FFCD00;Médio;;0,41000000000000003;Medium
2925758;Presidente Tancredo Neves/BA;0,44;#FFCD00;Médio;0,61;#FF8300;Alto;;0,525;Medium
2109304;Presidente Vargas/MA;0,44;#FFCD00;Médio;0,53;#FFCD00;Médio;;0,485;Medium
3541505;Presidente Venceslau/SP;0,47;#FFCD00;Médio;0,58;#FFCD00;Médio;;0,5249999999999999;Medium
1101476;Primavera de Rondônia/RO;0,23;#A9DE00;Baixo;0,3;#A9DE00;Baixo;;0,265;Low
5107040;Primavera do Leste/MT;0,24;#A9DE00;Baixo;0,13;#02C650;Muito baixo;;0,185;Very low
1506104;Primavera/PA;0,51;#FFCD00;Médio;0,64;#FF8300;Alto;;0,575;Medium
2611408;Primavera/PE;0,66;#FF8300;Alto;0,65;#FF8300;Alto;;0,655;High
2109403;Primeira Cruz/MA;0,48;#FFCD00;Médio;0,51;#FFCD00;Médio;;0,495;Medium
4120507;Primeiro de Maio/PR;0,2;#A9DE00;Baixo;0,38;#A9DE00;Baixo;;0,29000000000000004;Low
2512309;Princesa Isabel/PB;0,71;#FF8300;Alto;0,88;#F40000;Muito alto;;0,7949999999999999;Very high
4214151;Princesa/SC;0,23;#A9DE00;Baixo;0,26;#A9DE00;Baixo;;0,245;Low
5218391;Professor Jamil/GO;0,28;#A9DE00;Baixo;0,34;#A9DE00;Baixo;;0,31000000000000005;Low
4315156;Progresso/RS;0,25;#A9DE00;Baixo;0,15;#02C650;Muito baixo;;0,2;Low
3541604;Promissão/SP;0,72;#FF8300;Alto;0,74;#FF8300;Alto;;0,73;High
2805703;Propriá/SE;0,74;#FF8300;Alto;0,9;#F40000;Muito alto;;0,8200000000000001;Very high
4315172;Protásio Alves/RS;0,19;#02C650;Muito baixo;0,21;#A9DE00;Baixo;;0,2;Low
3153608;Prudente de Morais/MG;0,31;#A9DE00;Baixo;0,47;#FFCD00;Médio;;0,39;Low
4120606;Prudentópolis/PR;0,28;#A9DE00;Baixo;0,35;#A9DE00;Baixo;;0,315;Low
1718451;Pugmil/TO;0,36;#A9DE00;Baixo;0,41;#FFCD00;Médio;;0,385;Low
2410405;Pureza/RN;0,24;#A9DE00;Baixo;0,28;#A9DE00;Baixo;;0,26;Low
4315206;Putinga/RS;0,14;#02C650;Muito baixo;0,19;#02C650;Muito baixo;;0,165;Very low
2512408;Puxinanã/PB;0,21;#A9DE00;Baixo;0,32;#A9DE00;Baixo;;0,265;Low
3541653;Quadra/SP;0,04;#02C650;Muito baixo;0,12;#02C650;Muito baixo;;0,08;Very low
4315305;Quaraí/RS;0,39;#A9DE00;Baixo;0,57;#FFCD00;Médio;;0,48;Medium
3153707;Quartel Geral/MG;0,39;#A9DE00;Baixo;0,5;#FFCD00;Médio;;0,445;Medium
4120655;Quarto Centenário/PR;0,31;#A9DE00;Baixo;0,45;#FFCD00;Médio;;0,38;Low
3541703;Quatá/SP;0,52;#FFCD00;Médio;0,75;#FF8300;Alto;;0,635;High
4120705;Quatiguá/PR;0,41;#FFCD00;Médio;0,45;#FFCD00;Médio;;0,43;Medium
1506112;Quatipuru/PA;0,54;#FFCD00;Médio;0,62;#FF8300;Alto;;0,5800000000000001;Medium
3304128;Quatis/RJ;0,61;#FF8300;Alto;0,56;#FFCD00;Médio;;0,585;Medium
4120804;Quatro Barras/PR;0,0;#02C650;Muito baixo;0,23;#A9DE00;Baixo;;0,115;Very low
4315313;Quatro Irmãos/RS;0,19;#02C650;Muito baixo;0,21;#A9DE00;Baixo;;0,2;Low
4120853;Quatro Pontes/PR;0,24;#A9DE00;Baixo;0,36;#A9DE00;Baixo;;0,3;Low
2707602;Quebrangulo/AL;0,44;#FFCD00;Médio;0,42;#FFCD00;Médio;;0,43;Medium
4120903;Quedas do Iguaçu/PR;0,28;#A9DE00;Baixo;0,49;#FFCD00;Médio;;0,385;Low
2208650;Queimada Nova/PI;0,2;#A9DE00;Baixo;0,25;#A9DE00;Baixo;;0,225;Low
2925808;Queimadas/BA;0,57;#FFCD00;Médio;0,56;#FFCD00;Médio;;0,565;Medium
2512507;Queimadas/PB;0,5;#FFCD00;Médio;0,61;#FF8300;Alto;;0,5549999999999999;Medium
3304144;Queimados/RJ;0,85;#F40000;Muito alto;0,73;#FF8300;Alto;;0,79;High
3541802;Queiroz/SP;0,26;#A9DE00;Baixo;0,33;#A9DE00;Baixo;;0,29500000000000004;Low
3153806;Queluzito/MG;0,62;#FF8300;Alto;0,66;#FF8300;Alto;;0,64;High
3541901;Queluz/SP;0,77;#FF8300;Alto;0,64;#FF8300;Alto;;0,7050000000000001;High
4121000;Querência do Norte/PR;0,26;#A9DE00;Baixo;0,39;#A9DE00;Baixo;;0,325;Low
5107065;Querência/MT;0,21;#A9DE00;Baixo;0,29;#A9DE00;Baixo;;0,25;Low
4315321;Quevedos/RS;0,22;#A9DE00;Baixo;0,29;#A9DE00;Baixo;;0,255;Low
2925907;Quijingue/BA;0,22;#A9DE00;Baixo;0,27;#A9DE00;Baixo;;0,245;Low
4214201;Quilombo/SC;0,48;#FFCD00;Médio;0,44;#FFCD00;Médio;;0,45999999999999996;Medium
4121109;Quinta do Sol/PR;0,42;#FFCD00;Médio;0,5;#FFCD00;Médio;;0,45999999999999996;Medium
3542008;Quintana/SP;0,3;#A9DE00;Baixo;0,45;#FFCD00;Médio;;0,375;Low
4315354;Quinze de Novembro/RS;0,12;#02C650;Muito baixo;0,21;#A9DE00;Baixo;;0,16499999999999998;Very low
2611507;Quipapá/PE;0,52;#FFCD00;Médio;0,58;#FFCD00;Médio;;0,55;Medium
5218508;Quirinópolis/GO;0,43;#FFCD00;Médio;0,53;#FFCD00;Médio;;0,48;Medium
3304151;Quissamã/RJ;0,48;#FFCD00;Médio;0,49;#FFCD00;Médio;500000,0;0,485;Medium
4121208;Quitandinha/PR;0,17;#02C650;Muito baixo;0,18;#02C650;Muito baixo;;0,175;Very low
2311264;Quiterianópolis/CE;0,4;#FFCD00;Médio;0,52;#FFCD00;Médio;;0,46;Medium
2512606;Quixaba/PB;0,23;#A9DE00;Baixo;0,29;#A9DE00;Baixo;;0,26;Low
2611533;Quixaba/PE;0,46;#FFCD00;Médio;0,59;#FFCD00;Médio;;0,525;Medium
2925931;Quixabeira/BA;0,32;#A9DE00;Baixo;0,38;#A9DE00;Baixo;;0,35;Low
2311306;Quixadá/CE;0,91;#F40000;Muito alto;0,89;#F40000;Muito alto;;0,9;Very high
2311355;Quixelô/CE;0,34;#A9DE00;Baixo;0,42;#FFCD00;Médio;;0,38;Low
2311405;Quixeramobim/CE;0,66;#FF8300;Alto;0,68;#FF8300;Alto;;0,67;High
2311504;Quixeré/CE;0,46;#FFCD00;Médio;0,6;#FF8300;Alto;;0,53;Medium
2410504;Rafael Fernandes/RN;0,33;#A9DE00;Baixo;0,38;#A9DE00;Baixo;;0,355;Low
2410603;Rafael Godeiro/RN;0,61;#FF8300;Alto;0,71;#FF8300;Alto;;0,6599999999999999;High
2925956;Rafael Jambeiro/BA;0,38;#A9DE00;Baixo;0,44;#FFCD00;Médio;;0,41000000000000003;Medium
3542107;Rafard/SP;0,69;#FF8300;Alto;0,78;#FF8300;Alto;;0,735;High
4121257;Ramilândia/PR;0,36;#A9DE00;Baixo;0,36;#A9DE00;Baixo;;0,36;Low
3542206;Rancharia/SP;0,53;#FFCD00;Médio;0,6;#FF8300;Alto;;0,565;Medium
4121356;Rancho Alegre D'Oeste/PR;0,5;#FFCD00;Médio;0,64;#FF8300;Alto;;0,5700000000000001;Medium
4121307;Rancho Alegre/PR;0,41;#FFCD00;Médio;0,48;#FFCD00;Médio;;0,44499999999999995;Medium
4214300;Rancho Queimado/SC;0,2;#A9DE00;Baixo;0,24;#A9DE00;Baixo;;0,22;Low
2109452;Raposa/MA;0,5;#FFCD00;Médio;0,56;#FFCD00;Médio;;0,53;Medium
3153905;Raposos/MG;0,86;#F40000;Muito alto;0,75;#FF8300;Alto;;0,8049999999999999;Very high
3154002;Raul Soares/MG;0,57;#FFCD00;Médio;0,67;#FF8300;Alto;;0,62;High
4121406;Realeza/PR;0,3;#A9DE00;Baixo;0,28;#A9DE00;Baixo;;0,29000000000000004;Low
4121505;Rebouças/PR;0,37;#A9DE00;Baixo;0,47;#FFCD00;Médio;;0,42;Medium
2611606;Recife/PE;0,52;#FFCD00;Médio;0,48;#FFCD00;Médio;;0,5;Medium
3154101;Recreio/MG;0,52;#FFCD00;Médio;0,61;#FF8300;Alto;;0,565;Medium
1718501;Recursolândia/TO;0,58;#FFCD00;Médio;0,64;#FF8300;Alto;;0,61;High
2311603;Redenção/CE;0,56;#FFCD00;Médio;0,58;#FFCD00;Médio;;0,5700000000000001;Medium
3542305;Redenção da Serra/SP;0,16;#02C650;Muito baixo;0,22;#A9DE00;Baixo;;0,19;Very low
2208700;Redenção do Gurguéia/PI;0,39;#A9DE00;Baixo;0,45;#FFCD00;Médio;;0,42000000000000004;Medium
1506138;Redenção/PA;0,65;#FF8300;Alto;0,53;#FFCD00;Médio;;0,5900000000000001;High
4315404;Redentora/RS;0,23;#A9DE00;Baixo;0,3;#A9DE00;Baixo;;0,265;Low
3154150;Reduto/MG;0,35;#A9DE00;Baixo;0,37;#A9DE00;Baixo;;0,36;Low
2208809;Regeneração/PI;0,58;#FFCD00;Médio;0,56;#FFCD00;Médio;;0,5700000000000001;Medium
3542404;Regente Feijó/SP;0,44;#FFCD00;Médio;0,58;#FFCD00;Médio;;0,51;Medium
3542503;Reginópolis/SP;0,36;#A9DE00;Baixo;0,44;#FFCD00;Médio;;0,4;Medium
3542602;Registro/SP;0,18;#02C650;Muito baixo;0,25;#A9DE00;Baixo;;0,215;Low
4315453;Relvado/RS;0,12;#02C650;Muito baixo;0,17;#02C650;Muito baixo;;0,14500000000000002;Very low
2926004;Remanso/BA;0,49;#FFCD00;Médio;0,65;#FF8300;Alto;;0,5700000000000001;Medium
2512705;Remígio/PB;0,7;#FF8300;Alto;0,89;#F40000;Muito alto;;0,7949999999999999;Very high
4121604;Renascença/PR;0,33;#A9DE00;Baixo;0,51;#FFCD00;Médio;;0,42000000000000004;Medium
2311702;Reriutaba/CE;0,57;#FFCD00;Médio;0,65;#FF8300;Alto;;0,61;High
3154200;Resende Costa/MG;0,5;#FFCD00;Médio;0,52;#FFCD00;Médio;;0,51;Medium
3304201;Resende/RJ;0,67;#FF8300;Alto;0,46;#FFCD00;Médio;;0,5650000000000001;Medium
5107156;Reserva do Cabaçal/MT;0,31;#A9DE00;Baixo;0,36;#A9DE00;Baixo;;0,33499999999999996;Low
4121752;Reserva do Iguaçu/PR;0,49;#FFCD00;Médio;0,42;#FFCD00;Médio;;0,45499999999999996;Medium
4121703;Reserva/PR;0,56;#FFCD00;Médio;0,59;#FFCD00;Médio;;0,575;Medium
3154309;Resplendor/MG;0,77;#FF8300;Alto;0,65;#FF8300;Alto;;0,71;High
3154408;Ressaquinha/MG;0,33;#A9DE00;Baixo;0,39;#A9DE00;Baixo;;0,36;Low
4315503;Restinga Sêca/RS;0,3;#A9DE00;Baixo;0,33;#A9DE00;Baixo;;0,315;Low
3542701;Restinga/SP;0,46;#FFCD00;Médio;0,53;#FFCD00;Médio;;0,495;Medium
2926103;Retirolândia/BA;0,52;#FFCD00;Médio;0,47;#FFCD00;Médio;;0,495;Medium
2926202;Riachão das Neves/BA;0,35;#A9DE00;Baixo;0,42;#FFCD00;Médio;;0,385;Low
2512754;Riachão do Bacamarte/PB;0,54;#FFCD00;Médio;0,59;#FFCD00;Médio;;0,565;Medium
2805802;Riachão do Dantas/SE;0,6;#FF8300;Alto;0,72;#FF8300;Alto;;0,6599999999999999;High
2926301;Riachão do Jacuípe/BA;0,62;#FF8300;Alto;0,64;#FF8300;Alto;;0,63;High
2512762;Riachão do Poço/PB;0,3;#A9DE00;Baixo;0,37;#A9DE00;Baixo;;0,33499999999999996;Low
2109502;Riachão/MA;0,3;#A9DE00;Baixo;0,35;#A9DE00;Baixo;;0,32499999999999996;Low
2512747;Riachão/PB;0,41;#FFCD00;Médio;0,46;#FFCD00;Médio;;0,435;Medium
3154457;Riachinho/MG;0,37;#A9DE00;Baixo;0,46;#FFCD00;Médio;;0,41500000000000004;Medium
1718550;Riachinho/TO;0,4;#FFCD00;Médio;0,47;#FFCD00;Médio;;0,435;Medium
2410702;Riacho da Cruz/RN;0,41;#FFCD00;Médio;0,49;#FFCD00;Médio;;0,44999999999999996;Medium
2611705;Riacho das Almas/PE;0,22;#A9DE00;Baixo;0,3;#A9DE00;Baixo;;0,26;Low
2926400;Riacho de Santana/BA;0,3;#A9DE00;Baixo;0,36;#A9DE00;Baixo;;0,32999999999999996;Low
2410801;Riacho de Santana/RN;0,33;#A9DE00;Baixo;0,41;#FFCD00;Médio;;0,37;Low
2512788;Riacho de Santo Antônio/PB;0,51;#FFCD00;Médio;0,64;#FF8300;Alto;;0,575;Medium
2512804;Riacho dos Cavalos/PB;0,74;#FF8300;Alto;0,72;#FF8300;Alto;;0,73;High
3154507;Riacho dos Machados/MG;0,37;#A9DE00;Baixo;0,46;#FFCD00;Médio;;0,41500000000000004;Medium
2208858;Riacho Frio/PI;0,43;#FFCD00;Médio;0,49;#FFCD00;Médio;;0,45999999999999996;Medium
2410900;Riachuelo/RN;0,5;#FFCD00;Médio;0,59;#FFCD00;Médio;;0,5449999999999999;Medium
2805901;Riachuelo/SE;0,52;#FFCD00;Médio;0,54;#FFCD00;Médio;;0,53;Medium
5218607;Rialma/GO;0,62;#FF8300;Alto;0,65;#FF8300;Alto;;0,635;High
5218706;Rianápolis/GO;0,42;#FFCD00;Médio;0,48;#FFCD00;Médio;;0,44999999999999996;Medium
2109551;Ribamar Fiquene/MA;0,35;#A9DE00;Baixo;0,4;#FFCD00;Médio;;0,375;Low
5007109;Ribas do Rio Pardo/MS;0,48;#FFCD00;Médio;0,52;#FFCD00;Médio;;0,5;Medium
2926509;Ribeira do Amparo/BA;0,37;#A9DE00;Baixo;0,4;#FFCD00;Médio;;0,385;Low
2208874;Ribeira do Piauí/PI;0,22;#A9DE00;Baixo;0,26;#A9DE00;Baixo;;0,24;Low
2926608;Ribeira do Pombal/BA;0,51;#FFCD00;Médio;0,54;#FFCD00;Médio;;0,525;Medium
3542909;Ribeirão Bonito/SP;0,46;#FFCD00;Médio;0,61;#FF8300;Alto;;0,535;Medium
3543006;Ribeirão Branco/SP;0,53;#FFCD00;Médio;0,5;#FFCD00;Médio;;0,515;Medium
5107180;Ribeirão Cascalheira/MT;0,42;#FFCD00;Médio;0,48;#FFCD00;Médio;;0,44999999999999996;Medium
4121802;Ribeirão Claro/PR;0,39;#A9DE00;Baixo;0,47;#FFCD00;Médio;;0,43;Medium
3543105;Ribeirão Corrente/SP;0,26;#A9DE00;Baixo;0,38;#A9DE00;Baixo;;0,32;Low
3154606;Ribeirão das Neves/MG;0,68;#FF8300;Alto;0,71;#FF8300;Alto;;0,6950000000000001;High
2926657;Ribeirão do Largo/BA;0,69;#FF8300;Alto;0,77;#FF8300;Alto;;0,73;High
4121901;Ribeirão do Pinhal/PR;0,35;#A9DE00;Baixo;0,5;#FFCD00;Médio;;0,425;Medium
3543238;Ribeirão dos Índios/SP;0,33;#A9DE00;Baixo;0,46;#FFCD00;Médio;;0,395;Medium
3543204;Ribeirão do Sul/SP;0,22;#A9DE00;Baixo;0,28;#A9DE00;Baixo;;0,25;Low
3543253;Ribeirão Grande/SP;0,1;#02C650;Muito baixo;0,08;#02C650;Muito baixo;;0,09;Very low
2611804;Ribeirão/PE;1,0;#F40000;Muito alto;0,97;#F40000;Muito alto;;0,985;Very high
3543303;Ribeirão Pires/SP;0,7;#FF8300;Alto;0,74;#FF8300;Alto;;0,72;High
3543402;Ribeirão Preto/SP;0,78;#FF8300;Alto;0,58;#FFCD00;Médio;;0,6799999999999999;High
3154705;Ribeirão Vermelho/MG;0,41;#FFCD00;Médio;0,44;#FFCD00;Médio;;0,425;Medium
5107198;Ribeirãozinho/MT;0,22;#A9DE00;Baixo;0,27;#A9DE00;Baixo;;0,245;Low
3542800;Ribeira/SP;0,34;#A9DE00;Baixo;0,3;#A9DE00;Baixo;;0,32;Low
2208908;Ribeiro Gonçalves/PI;0,34;#A9DE00;Baixo;0,43;#FFCD00;Médio;;0,385;Low
2806008;Ribeirópolis/SE;0,38;#A9DE00;Baixo;0,44;#FFCD00;Médio;;0,41000000000000003;Medium
3543600;Rifaina/SP;0,06;#02C650;Muito baixo;0,17;#02C650;Muito baixo;;0,115;Very low
3543709;Rincão/SP;0,4;#FFCD00;Médio;0,57;#FFCD00;Médio;;0,485;Medium
3543808;Rinópolis/SP;0,37;#A9DE00;Baixo;0,52;#FFCD00;Médio;;0,445;Medium
3154804;Rio Acima/MG;0,55;#FFCD00;Médio;0,47;#FFCD00;Médio;;0,51;Medium
4122008;Rio Azul/PR;0,44;#FFCD00;Médio;0,5;#FFCD00;Médio;;0,47;Medium
3204351;Rio Bananal/ES;0,24;#A9DE00;Baixo;0,3;#A9DE00;Baixo;;0,27;Low
4122107;Rio Bom/PR;0,29;#A9DE00;Baixo;0,31;#A9DE00;Baixo;;0,3;Low
4122156;Rio Bonito do Iguaçu/PR;0,29;#A9DE00;Baixo;0,35;#A9DE00;Baixo;;0,31999999999999995;Low
3304300;Rio Bonito/RJ;0,61;#FF8300;Alto;0,57;#FFCD00;Médio;;0,59;Medium
1200401;Rio Branco/AC;0,25;#A9DE00;Baixo;0,52;#FFCD00;Médio;;0,385;Low
4122172;Rio Branco do Ivaí/PR;0,3;#A9DE00;Baixo;0,32;#A9DE00;Baixo;;0,31;Low
4122206;Rio Branco do Sul/PR;0,5;#FFCD00;Médio;0,57;#FFCD00;Médio;;0,5349999999999999;Medium
5107206;Rio Branco/MT;0,34;#A9DE00;Baixo;0,43;#FFCD00;Médio;;0,385;Low
5007208;Rio Brilhante/MS;0,37;#A9DE00;Baixo;0,48;#FFCD00;Médio;;0,425;Medium
3154903;Rio Casca/MG;0,39;#A9DE00;Baixo;0,47;#FFCD00;Médio;;0,43;Medium
3304409;Rio Claro/RJ;0,46;#FFCD00;Médio;0,56;#FFCD00;Médio;;0,51;Medium
3543907;Rio Claro/SP;0,3;#A9DE00;Baixo;0,36;#A9DE00;Baixo;;0,32999999999999996;Low
1100262;Rio Crespo/RO;0,26;#A9DE00;Baixo;0,35;#A9DE00;Baixo;;0,305;Low
1718659;Rio da Conceição/TO;0,28;#A9DE00;Baixo;0,33;#A9DE00;Baixo;;0,30500000000000005;Low
4214409;Rio das Antas/SC;0,29;#A9DE00;Baixo;0,3;#A9DE00;Baixo;;0,295;Low
3304508;Rio das Flores/RJ;0,3;#A9DE00;Baixo;0,31;#A9DE00;Baixo;;0,305;Low
3304524;Rio das Ostras/RJ;0,64;#FF8300;Alto;0,67;#FF8300;Alto;;0,655;High
3544004;Rio das Pedras/SP;0,45;#FFCD00;Médio;0,64;#FF8300;Alto;;0,545;Medium
2926707;Rio de Contas/BA;0,35;#A9DE00;Baixo;0,39;#A9DE00;Baixo;;0,37;Low
3304557;Rio de Janeiro/RJ;0,62;#FF8300;Alto;0,67;#FF8300;Alto;4116150,0;0,645;High
2926806;Rio do Antônio/BA;0,24;#A9DE00;Baixo;0,33;#A9DE00;Baixo;;0,28500000000000003;Low
4214508;Rio do Campo/SC;0,34;#A9DE00;Baixo;0,43;#FFCD00;Médio;;0,385;Low
3155009;Rio Doce/MG;0,38;#A9DE00;Baixo;0,4;#FFCD00;Médio;;0,39;Low
2408953;Rio do Fogo/RN;0,16;#02C650;Muito baixo;0,21;#A9DE00;Baixo;;0,185;Very low
4214607;Rio do Oeste/SC;0,24;#A9DE00;Baixo;0,3;#A9DE00;Baixo;;0,27;Low
2926905;Rio do Pires/BA;0,34;#A9DE00;Baixo;0,39;#A9DE00;Baixo;;0,365;Low
3155108;Rio do Prado/MG;0,37;#A9DE00;Baixo;0,45;#FFCD00;Médio;;0,41000000000000003;Medium
1718709;Rio dos Bois/TO;0,28;#A9DE00;Baixo;0,33;#A9DE00;Baixo;;0,30500000000000005;Low
4214706;Rio dos Cedros/SC;0,1;#02C650;Muito baixo;0,06;#02C650;Muito baixo;;0,08;Very low
4315552;Rio dos Índios/RS;0,59;#FFCD00;Médio;0,64;#FF8300;Alto;;0,615;High
4214805;Rio do Sul/SC;0,0;#02C650;Muito baixo;0,0;#02C650;Muito baixo;;0,0;Very low
3155207;Rio Espera/MG;0,59;#FFCD00;Médio;0,62;#FF8300;Alto;;0,605;High
2611903;Rio Formoso/PE;0,99;#F40000;Muito alto;0,74;#FF8300;Alto;;0,865;Very high
4214904;Rio Fortuna/SC;0,52;#FFCD00;Médio;0,49;#FFCD00;Médio;;0,505;Medium
3544103;Rio Grande da Serra/SP;0,67;#FF8300;Alto;0,67;#FF8300;Alto;;0,67;High
2209005;Rio Grande do Piauí/PI;0,31;#A9DE00;Baixo;0,37;#A9DE00;Baixo;;0,33999999999999997;Low
4315602;Rio Grande/RS;0,61;#FF8300;Alto;0,44;#FFCD00;Médio;;0,525;Medium
3544202;Riolândia/SP;0,45;#FFCD00;Médio;0,52;#FFCD00;Médio;;0,485;Medium
2707701;Rio Largo/AL;0,79;#FF8300;Alto;0,74;#FF8300;Alto;;0,765;High
3155306;Rio Manso/MG;0,26;#A9DE00;Baixo;0,27;#A9DE00;Baixo;;0,265;Low
1506161;Rio Maria/PA;0,54;#FFCD00;Médio;0,71;#FF8300;Alto;;0,625;High
4215000;Rio Negrinho/SC;0,56;#FFCD00;Médio;0,58;#FFCD00;Médio;;0,5700000000000001;Medium
5007307;Rio Negro/MS;0,31;#A9DE00;Baixo;0,37;#A9DE00;Baixo;;0,33999999999999997;Low
4122305;Rio Negro/PR;0,13;#02C650;Muito baixo;0,27;#A9DE00;Baixo;;0,2;Low
3204401;Rio Novo do Sul/ES;0,55;#FFCD00;Médio;0,47;#FFCD00;Médio;;0,51;Medium
3155405;Rio Novo/MG;0,4;#FFCD00;Médio;0,6;#FF8300;Alto;;0,5;Medium
3155504;Rio Paranaíba/MG;0,51;#FFCD00;Médio;0,38;#A9DE00;Baixo;;0,445;Medium
3155603;Rio Pardo de Minas/MG;0,51;#FFCD00;Médio;0,62;#FF8300;Alto;;0,565;Medium
4315701;Rio Pardo/RS;0,39;#A9DE00;Baixo;0,48;#FFCD00;Médio;;0,435;Medium
3155702;Rio Piracicaba/MG;0,53;#FFCD00;Médio;0,51;#FFCD00;Médio;;0,52;Medium
3155801;Rio Pomba/MG;0,72;#FF8300;Alto;0,71;#FF8300;Alto;;0,715;High
1303569;Rio Preto da Eva/AM;0,7;#FF8300;Alto;0,73;#FF8300;Alto;;0,715;High
3155900;Rio Preto/MG;0,6;#FF8300;Alto;0,55;#FFCD00;Médio;;0,575;Medium
5218789;Rio Quente/GO;0,12;#02C650;Muito baixo;0,13;#02C650;Muito baixo;;0,125;Very low
2927002;Rio Real/BA;0,5;#FFCD00;Médio;0,68;#FF8300;Alto;;0,5900000000000001;High
4215059;Rio Rufino/SC;0,19;#02C650;Muito baixo;0,25;#A9DE00;Baixo;;0,22;Low
1718758;Rio Sono/TO;0,33;#A9DE00;Baixo;0,45;#FFCD00;Médio;;0,39;Low
2512903;Rio Tinto/PB;0,76;#FF8300;Alto;0,71;#FF8300;Alto;;0,735;High
5007406;Rio Verde de Mato Grosso/MS;0,6;#FF8300;Alto;0,72;#FF8300;Alto;;0,6599999999999999;High
5218805;Rio Verde/GO;0,61;#FF8300;Alto;0,6;#FF8300;Alto;;0,605;High
3156007;Rio Vermelho/MG;0,41;#FFCD00;Médio;0,5;#FFCD00;Médio;;0,45499999999999996;Medium
4315750;Riozinho/RS;0,45;#FFCD00;Médio;0,37;#A9DE00;Baixo;;0,41000000000000003;Medium
4215075;Riqueza/SC;0,28;#A9DE00;Baixo;0,29;#A9DE00;Baixo;;0,28500000000000003;Low
3156106;Ritápolis/MG;0,34;#A9DE00;Baixo;0,43;#FFCD00;Médio;;0,385;Low
3543501;Riversul/SP;0,43;#FFCD00;Médio;0,43;#FFCD00;Médio;;0,43;Medium
4315800;Roca Sales/RS;0,64;#FF8300;Alto;0,58;#FFCD00;Médio;;0,61;High
3156205;Rochedo de Minas/MG;0,34;#A9DE00;Baixo;0,4;#FFCD00;Médio;;0,37;Low
5007505;Rochedo/MS;0,27;#A9DE00;Baixo;0,33;#A9DE00;Baixo;;0,30000000000000004;Low
4315909;Rodeio Bonito/RS;0,35;#A9DE00;Baixo;0,42;#FFCD00;Médio;;0,385;Low
4215109;Rodeio/SC;0,4;#FFCD00;Médio;0,35;#A9DE00;Baixo;;0,375;Low
3156304;Rodeiro/MG;0,45;#FFCD00;Médio;0,51;#FFCD00;Médio;;0,48;Medium
2927101;Rodelas/BA;0,64;#FF8300;Alto;0,68;#FF8300;Alto;;0,66;High
2411007;Rodolfo Fernandes/RN;0,63;#FF8300;Alto;0,69;#FF8300;Alto;;0,6599999999999999;High
1200427;Rodrigues Alves/AC;0,27;#A9DE00;Baixo;0,42;#FFCD00;Médio;;0,345;Low
4315958;Rolador/RS;0,02;#02C650;Muito baixo;0,06;#02C650;Muito baixo;;0,04;Very low
4122404;Rolândia/PR;0,18;#02C650;Muito baixo;0,48;#FFCD00;Médio;;0,32999999999999996;Low
4316006;Rolante/RS;0,29;#A9DE00;Baixo;0,38;#A9DE00;Baixo;;0,33499999999999996;Low
1100288;Rolim de Moura/RO;0,32;#A9DE00;Baixo;0,42;#FFCD00;Médio;;0,37;Low
3156403;Romaria/MG;0,44;#FFCD00;Médio;0,52;#FFCD00;Médio;;0,48;Medium
4215208;Romelândia/SC;0,26;#A9DE00;Baixo;0,33;#A9DE00;Baixo;;0,29500000000000004;Low
4122503;Roncador/PR;0,4;#FFCD00;Médio;0,47;#FFCD00;Médio;;0,435;Medium
4316105;Ronda Alta/RS;0,34;#A9DE00;Baixo;0,44;#FFCD00;Médio;;0,39;Low
4316204;Rondinha/RS;0,28;#A9DE00;Baixo;0,36;#A9DE00;Baixo;;0,32;Low
5107578;Rondolândia/MT;0,23;#A9DE00;Baixo;0,28;#A9DE00;Baixo;;0,255;Low
1506187;Rondon do Pará/PA;0,67;#FF8300;Alto;0,7;#FF8300;Alto;;0,685;High
5107602;Rondonópolis/MT;0,41;#FFCD00;Médio;0,39;#A9DE00;Baixo;;0,4;Medium
4122602;Rondon/PR;0,16;#02C650;Muito baixo;0,33;#A9DE00;Baixo;;0,245;Low
4316303;Roque Gonzales/RS;0,27;#A9DE00;Baixo;0,38;#A9DE00;Baixo;;0,325;Low
1400472;Rorainópolis/RR;0,25;#A9DE00;Baixo;0,33;#A9DE00;Baixo;;0,29000000000000004;Low
3544251;Rosana/SP;0,44;#FFCD00;Médio;0,58;#FFCD00;Médio;;0,51;Medium
3156452;Rosário da Limeira/MG;0,48;#FFCD00;Médio;0,47;#FFCD00;Médio;;0,475;Medium
2806107;Rosário do Catete/SE;0,6;#FF8300;Alto;0,67;#FF8300;Alto;;0,635;High
4122651;Rosário do Ivaí/PR;0,21;#A9DE00;Baixo;0,31;#A9DE00;Baixo;;0,26;Low
4316402;Rosário do Sul/RS;0,51;#FFCD00;Médio;0,71;#FF8300;Alto;;0,61;High
2109601;Rosário/MA;0,77;#FF8300;Alto;0,77;#FF8300;Alto;;0,77;High
5107701;Rosário Oeste/MT;0,56;#FFCD00;Médio;0,63;#FF8300;Alto;;0,595;High
3544301;Roseira/SP;0,74;#FF8300;Alto;0,63;#FF8300;Alto;;0,685;High
2707800;Roteiro/AL;0,59;#FFCD00;Médio;0,66;#FF8300;Alto;;0,625;High
3156502;Rubelita/MG;0,54;#FFCD00;Médio;0,57;#FFCD00;Médio;;0,5549999999999999;Medium
3544400;Rubiácea/SP;0,39;#A9DE00;Baixo;0,49;#FFCD00;Médio;;0,44;Medium
5218904;Rubiataba/GO;0,62;#FF8300;Alto;0,66;#FF8300;Alto;;0,64;High
3156601;Rubim/MG;0,69;#FF8300;Alto;0,68;#FF8300;Alto;;0,685;High
3544509;Rubinéia/SP;0,27;#A9DE00;Baixo;0,45;#FFCD00;Médio;;0,36;Low
1506195;Rurópolis/PA;0,59;#FFCD00;Médio;0,77;#FF8300;Alto;;0,6799999999999999;High
2311801;Russas/CE;0,44;#FFCD00;Médio;0,56;#FFCD00;Médio;250000,0;0,5;Medium
2927200;Ruy Barbosa/BA;0,55;#FFCD00;Médio;0,57;#FFCD00;Médio;;0,56;Medium
2411106;Ruy Barbosa/RN;0,57;#FFCD00;Médio;0,63;#FF8300;Alto;;0,6;High
3156700;Sabará/MG;0,84;#F40000;Muito alto;0,79;#FF8300;Alto;;0,815;Very high
4122701;Sabáudia/PR;0,11;#02C650;Muito baixo;0,13;#02C650;Muito baixo;;0,12;Very low
3156809;Sabinópolis/MG;0,7;#FF8300;Alto;0,64;#FF8300;Alto;;0,6699999999999999;High
3544608;Sabino/SP;0,2;#A9DE00;Baixo;0,24;#A9DE00;Baixo;;0,22;Low
2311900;Saboeiro/CE;0,69;#FF8300;Alto;0,71;#FF8300;Alto;;0,7;High
3156908;Sacramento/MG;0,55;#FFCD00;Médio;0,64;#FF8300;Alto;;0,595;High
4316428;Sagrada Família/RS;0,13;#02C650;Muito baixo;0,21;#A9DE00;Baixo;;0,16999999999999998;Very low
3544707;Sagres/SP;0,34;#A9DE00;Baixo;0,42;#FFCD00;Médio;;0,38;Low
2612000;Sairé/PE;0,55;#FFCD00;Médio;0,68;#FF8300;Alto;;0,615;High
4316436;Saldanha Marinho/RS;0,21;#A9DE00;Baixo;0,27;#A9DE00;Baixo;;0,24;Low
3544905;Sales Oliveira/SP;0,47;#FFCD00;Médio;0,57;#FFCD00;Médio;;0,52;Medium
3545001;Salesópolis/SP;0,2;#A9DE00;Baixo;0,26;#A9DE00;Baixo;;0,23;Low
3544806;Sales/SP;0,18;#02C650;Muito baixo;0,32;#A9DE00;Baixo;;0,25;Low
4215307;Salete/SC;0,37;#A9DE00;Baixo;0,36;#A9DE00;Baixo;;0,365;Low
2513000;Salgadinho/PB;0,39;#A9DE00;Baixo;0,45;#FFCD00;Médio;;0,42000000000000004;Medium
2612109;Salgadinho/PE;0,57;#FFCD00;Médio;0,6;#FF8300;Alto;;0,585;Medium
2513109;Salgado de São Félix/PB;0,32;#A9DE00;Baixo;0,39;#A9DE00;Baixo;;0,355;Low
4122800;Salgado Filho/PR;0,17;#02C650;Muito baixo;0,27;#A9DE00;Baixo;;0,22000000000000003;Low
2806206;Salgado/SE;0,23;#A9DE00;Baixo;0,31;#A9DE00;Baixo;;0,27;Low
2612208;Salgueiro/PE;0,59;#FFCD00;Médio;0,78;#FF8300;Alto;;0,685;High
2927309;Salinas da Margarida/BA;0,23;#A9DE00;Baixo;0,33;#A9DE00;Baixo;;0,28;Low
3157005;Salinas/MG;0,42;#FFCD00;Médio;0,65;#FF8300;Alto;;0,535;Medium
1506203;Salinópolis/PA;0,52;#FFCD00;Médio;0,6;#FF8300;Alto;;0,56;Medium
2311959;Salitre/CE;0,54;#FFCD00;Médio;0,65;#FF8300;Alto;;0,595;High
3545100;Salmourão/SP;0,54;#FFCD00;Médio;0,63;#FF8300;Alto;;0,585;Medium
2612307;Saloá/PE;0,52;#FFCD00;Médio;0,57;#FFCD00;Médio;;0,5449999999999999;Medium
4215356;Saltinho/SC;0,11;#02C650;Muito baixo;0,16;#02C650;Muito baixo;;0,135;Very low
3545159;Saltinho/SP;0,27;#A9DE00;Baixo;0,41;#FFCD00;Médio;;0,33999999999999997;Low
3157104;Salto da Divisa/MG;0,48;#FFCD00;Médio;0,53;#FFCD00;Médio;;0,505;Medium
3545308;Salto de Pirapora/SP;0,3;#A9DE00;Baixo;0,44;#FFCD00;Médio;;0,37;Low
5107750;Salto do Céu/MT;0,41;#FFCD00;Médio;0,42;#FFCD00;Médio;;0,415;Medium
4122909;Salto do Itararé/PR;0,59;#FFCD00;Médio;0,68;#FF8300;Alto;;0,635;High
4316451;Salto do Jacuí/RS;0,41;#FFCD00;Médio;0,51;#FFCD00;Médio;;0,45999999999999996;Medium
4123006;Salto do Lontra/PR;0,44;#FFCD00;Médio;0,57;#FFCD00;Médio;;0,505;Medium
3545407;Salto Grande/SP;0,36;#A9DE00;Baixo;0,51;#FFCD00;Médio;;0,435;Medium
3545209;Salto/SP;0,0;#02C650;Muito baixo;0,0;#02C650;Muito baixo;;0,0;Very low
4215406;Salto Veloso/SC;0,23;#A9DE00;Baixo;0,29;#A9DE00;Baixo;;0,26;Low
2927408;Salvador/BA;0,83;#F40000;Muito alto;0,73;#FF8300;Alto;1000000,0;0,78;High
4316477;Salvador das Missões/RS;0,06;#02C650;Muito baixo;0,1;#02C650;Muito baixo;;0,08;Very low
4316501;Salvador do Sul/RS;0,34;#A9DE00;Baixo;0,34;#A9DE00;Baixo;;0,34;Low
1506302;Salvaterra/PA;0,38;#A9DE00;Baixo;0,46;#FFCD00;Médio;;0,42000000000000004;Medium
2109700;Sambaíba/MA;0,4;#FFCD00;Médio;0,54;#FFCD00;Médio;;0,47000000000000003;Medium
1718808;Sampaio/TO;0,47;#FFCD00;Médio;0,53;#FFCD00;Médio;;0,5;Medium
4316600;Sananduva/RS;0,35;#A9DE00;Baixo;0,43;#FFCD00;Médio;;0,39;Low
5219001;Sanclerlândia/GO;0,55;#FFCD00;Médio;0,55;#FFCD00;Médio;;0,55;Medium
1718840;Sandolândia/TO;0,3;#A9DE00;Baixo;0,36;#A9DE00;Baixo;;0,32999999999999996;Low
3545506;Sandovalina/SP;0,35;#A9DE00;Baixo;0,42;#FFCD00;Médio;;0,385;Low
4215455;Sangão/SC;0,11;#02C650;Muito baixo;0,21;#A9DE00;Baixo;;0,16;Very low
2612406;Sanharó/PE;0,28;#A9DE00;Baixo;0,39;#A9DE00;Baixo;;0,335;Low
3545605;Santa Adélia/SP;0,29;#A9DE00;Baixo;0,43;#FFCD00;Médio;;0,36;Low
3545704;Santa Albertina/SP;0,4;#FFCD00;Médio;0,46;#FFCD00;Médio;;0,43000000000000005;Medium
4123105;Santa Amélia/PR;0,37;#A9DE00;Baixo;0,44;#FFCD00;Médio;;0,405;Medium
2927507;Santa Bárbara/BA;0,45;#FFCD00;Médio;0,48;#FFCD00;Médio;;0,46499999999999997;Medium
5219100;Santa Bárbara de Goiás/GO;0,37;#A9DE00;Baixo;0,45;#FFCD00;Médio;;0,41000000000000003;Medium
3545803;Santa Bárbara d'Oeste/SP;0,42;#FFCD00;Médio;0,51;#FFCD00;Médio;;0,46499999999999997;Medium
3157252;Santa Bárbara do Leste/MG;0,57;#FFCD00;Médio;0,65;#FF8300;Alto;;0,61;High
3157278;Santa Bárbara do Monte Verde/MG;0,57;#FFCD00;Médio;0,57;#FFCD00;Médio;;0,57;Medium
1506351;Santa Bárbara do Pará/PA;0,34;#A9DE00;Baixo;0,47;#FFCD00;Médio;;0,405;Medium
4316709;Santa Bárbara do Sul/RS;0,36;#A9DE00;Baixo;0,42;#FFCD00;Médio;;0,39;Low
3157302;Santa Bárbara do Tugúrio/MG;0,29;#A9DE00;Baixo;0,35;#A9DE00;Baixo;;0,31999999999999995;Low
3157203;Santa Bárbara/MG;0,69;#FF8300;Alto;0,64;#FF8300;Alto;;0,665;High
3546009;Santa Branca/SP;0,34;#A9DE00;Baixo;0,5;#FFCD00;Médio;;0,42000000000000004;Medium
2927606;Santa Brígida/BA;0,39;#A9DE00;Baixo;0,44;#FFCD00;Médio;;0,41500000000000004;Medium
5107248;Santa Carmem/MT;0,28;#A9DE00;Baixo;0,35;#A9DE00;Baixo;;0,315;Low
4123204;Santa Cecília do Pavão/PR;0,18;#02C650;Muito baixo;0,25;#A9DE00;Baixo;;0,215;Low
4316733;Santa Cecília do Sul/RS;0,1;#02C650;Muito baixo;0,23;#A9DE00;Baixo;;0,165;Very low
2513158;Santa Cecília/PB;0,38;#A9DE00;Baixo;0,44;#FFCD00;Médio;;0,41000000000000003;Medium
4215505;Santa Cecília/SC;0,56;#FFCD00;Médio;0,6;#FF8300;Alto;;0,5800000000000001;Medium
3546108;Santa Clara d'Oeste/SP;0,0;#02C650;Muito baixo;0,17;#02C650;Muito baixo;;0,085;Very low
4316758;Santa Clara do Sul/RS;0,0;#02C650;Muito baixo;0,0;#02C650;Muito baixo;;0,0;Very low
2927705;Santa Cruz Cabrália/BA;0,48;#FFCD00;Médio;0,44;#FFCD00;Médio;;0,45999999999999996;Medium
2612471;Santa Cruz da Baixa Verde/PE;0,37;#A9DE00;Baixo;0,42;#FFCD00;Médio;;0,395;Medium
3546207;Santa Cruz da Conceição/SP;0,11;#02C650;Muito baixo;0,28;#A9DE00;Baixo;;0,195;Low
3546256;Santa Cruz da Esperança/SP;0,33;#A9DE00;Baixo;0,27;#A9DE00;Baixo;;0,30000000000000004;Low
3546306;Santa Cruz das Palmeiras/SP;0,78;#FF8300;Alto;0,8;#F40000;Muito alto;;0,79;High
2927804;Santa Cruz da Vitória/BA;0,6;#FF8300;Alto;0,59;#FFCD00;Médio;;0,595;High
5219209;Santa Cruz de Goiás/GO;0,28;#A9DE00;Baixo;0,32;#A9DE00;Baixo;;0,30000000000000004;Low
3157336;Santa Cruz de Minas/MG;1,0;#F40000;Muito alto;0,94;#F40000;Muito alto;;0,97;Very high
4123303;Santa Cruz de Monte Castelo/PR;0,22;#A9DE00;Baixo;0,4;#FFCD00;Médio;;0,31;Low
3157377;Santa Cruz de Salinas/MG;0,3;#A9DE00;Baixo;0,43;#FFCD00;Médio;;0,365;Low
1506401;Santa Cruz do Arari/PA;0,54;#FFCD00;Médio;0,59;#FFCD00;Médio;;0,565;Medium
2612505;Santa Cruz do Capibaribe/PE;1,0;#F40000;Muito alto;0,96;#F40000;Muito alto;;0,98;Very high
3157401;Santa Cruz do Escalvado/MG;0,47;#FFCD00;Médio;0,46;#FFCD00;Médio;;0,46499999999999997;Medium
2209104;Santa Cruz do Piauí/PI;0,5;#FFCD00;Médio;0,57;#FFCD00;Médio;;0,5349999999999999;Medium
3546405;Santa Cruz do Rio Pardo/SP;0,37;#A9DE00;Baixo;0,45;#FFCD00;Médio;;0,41000000000000003;Medium
2209153;Santa Cruz dos Milagres/PI;0,35;#A9DE00;Baixo;0,4;#FFCD00;Médio;;0,375;Low
4316808;Santa Cruz do Sul/RS;0,54;#FFCD00;Médio;0,29;#A9DE00;Baixo;;0,41500000000000004;Medium
5107743;Santa Cruz do Xingu/MT;0,1;#02C650;Muito baixo;0,13;#02C650;Muito baixo;;0,115;Very low
2513208;Santa Cruz/PB;0,31;#A9DE00;Baixo;0,37;#A9DE00;Baixo;;0,33999999999999997;Low
2612455;Santa Cruz/PE;0,43;#FFCD00;Médio;0,51;#FFCD00;Médio;;0,47;Medium
2411205;Santa Cruz/RN;0,7;#FF8300;Alto;0,93;#F40000;Muito alto;;0,815;Very high
3157500;Santa Efigênia de Minas/MG;0,4;#FFCD00;Médio;0,45;#FFCD00;Médio;;0,42500000000000004;Medium
3546504;Santa Ernestina/SP;0,36;#A9DE00;Baixo;0,42;#FFCD00;Médio;;0,39;Low
5219258;Santa Fé de Goiás/GO;0,58;#FFCD00;Médio;0,57;#FFCD00;Médio;;0,575;Medium
3157609;Santa Fé de Minas/MG;0,39;#A9DE00;Baixo;0,45;#FFCD00;Médio;;0,42000000000000004;Medium
1718865;Santa Fé do Araguaia/TO;0,4;#FFCD00;Médio;0,55;#FFCD00;Médio;;0,47500000000000003;Medium
3546603;Santa Fé do Sul/SP;0,18;#02C650;Muito baixo;0,38;#A9DE00;Baixo;;0,28;Low
4123402;Santa Fé/PR;0,19;#02C650;Muito baixo;0,36;#A9DE00;Baixo;;0,275;Low
2109759;Santa Filomena do Maranhão/MA;0,49;#FFCD00;Médio;0,54;#FFCD00;Médio;;0,515;Medium
2612554;Santa Filomena/PE;0,32;#A9DE00;Baixo;0,37;#A9DE00;Baixo;;0,345;Low
2209203;Santa Filomena/PI;0,38;#A9DE00;Baixo;0,49;#FFCD00;Médio;;0,435;Medium
3546702;Santa Gertrudes/SP;0,68;#FF8300;Alto;0,73;#FF8300;Alto;;0,7050000000000001;High
5219308;Santa Helena de Goiás/GO;0,39;#A9DE00;Baixo;0,4;#FFCD00;Médio;;0,395;Medium
3157658;Santa Helena de Minas/MG;0,57;#FFCD00;Médio;0,67;#FF8300;Alto;;0,62;High
2109809;Santa Helena/MA;0,7;#FF8300;Alto;0,92;#F40000;Muito alto;;0,81;Very high
2513307;Santa Helena/PB;0,44;#FFCD00;Médio;0,47;#FFCD00;Médio;;0,45499999999999996;Medium
4123501;Santa Helena/PR;0,04;#02C650;Muito baixo;0,31;#A9DE00;Baixo;;0,175;Very low
4215554;Santa Helena/SC;0,2;#A9DE00;Baixo;0,25;#A9DE00;Baixo;;0,225;Low
2927903;Santa Inês/BA;0,57;#FFCD00;Médio;0,66;#FF8300;Alto;;0,615;High
2109908;Santa Inês/MA;0,66;#FF8300;Alto;0,86;#F40000;Muito alto;;0,76;High
2513356;Santa Inês/PB;0,58;#FFCD00;Médio;0,63;#FF8300;Alto;;0,605;High
4123600;Santa Inês/PR;0,27;#A9DE00;Baixo;0,3;#A9DE00;Baixo;;0,28500000000000003;Low
4123709;Santa Isabel do Ivaí/PR;0,29;#A9DE00;Baixo;0,38;#A9DE00;Baixo;;0,33499999999999996;Low
1303601;Santa Isabel do Rio Negro/AM;0,49;#FFCD00;Médio;0,66;#FF8300;Alto;;0,575;Medium
5219357;Santa Isabel/GO;0,25;#A9DE00;Baixo;0,3;#A9DE00;Baixo;;0,275;Low
3546801;Santa Isabel/SP;0,68;#FF8300;Alto;0,64;#FF8300;Alto;;0,66;High
4123808;Santa Izabel do Oeste/PR;0,35;#A9DE00;Baixo;0,53;#FFCD00;Médio;;0,44;Medium
1506500;Santa Izabel do Pará/PA;0,49;#FFCD00;Médio;0,74;#FF8300;Alto;;0,615;High
3157708;Santa Juliana/MG;0,48;#FFCD00;Médio;0,57;#FFCD00;Médio;;0,5249999999999999;Medium
3204500;Santa Leopoldina/ES;0,85;#F40000;Muito alto;0,76;#FF8300;Alto;;0,8049999999999999;Very high
4123824;Santa Lúcia/PR;0,09;#02C650;Muito baixo;0,07;#02C650;Muito baixo;;0,08;Very low
3546900;Santa Lúcia/SP;0,46;#FFCD00;Médio;0,6;#FF8300;Alto;;0,53;Medium
2928000;Santaluz/BA;0,67;#FF8300;Alto;0,6;#FF8300;Alto;;0,635;High
2928059;Santa Luzia/BA;0,52;#FFCD00;Médio;0,58;#FFCD00;Médio;;0,55;Medium
1100296;Santa Luzia D'Oeste/RO;0,41;#FFCD00;Médio;0,47;#FFCD00;Médio;;0,43999999999999995;Medium
2806305;Santa Luzia do Itanhy/SE;0,23;#A9DE00;Baixo;0,34;#A9DE00;Baixo;;0,28500000000000003;Low
2707909;Santa Luzia do Norte/AL;0,73;#FF8300;Alto;0,76;#FF8300;Alto;;0,745;High
1506559;Santa Luzia do Pará/PA;0,65;#FF8300;Alto;0,66;#FF8300;Alto;;0,655;High
2110039;Santa Luzia do Paruá/MA;0,42;#FFCD00;Médio;0,56;#FFCD00;Médio;;0,49;Medium
2110005;Santa Luzia/MA;0,49;#FFCD00;Médio;0,65;#FF8300;Alto;;0,5700000000000001;Medium
3157807;Santa Luzia/MG;0,88;#F40000;Muito alto;0,71;#FF8300;Alto;;0,7949999999999999;Very high
2513406;Santa Luzia/PB;0,62;#FF8300;Alto;0,72;#FF8300;Alto;;0,6699999999999999;High
2209302;Santa Luz/PI;0,45;#FFCD00;Médio;0,55;#FFCD00;Médio;;0,5;Medium
4316972;Santa Margarida do Sul/RS;0,22;#A9DE00;Baixo;0,31;#A9DE00;Baixo;;0,265;Low
3157906;Santa Margarida/MG;0,71;#FF8300;Alto;0,66;#FF8300;Alto;;0,685;High
2612604;Santa Maria da Boa Vista/PE;0,41;#FFCD00;Médio;0,35;#A9DE00;Baixo;;0,38;Low
1506583;Santa Maria das Barreiras/PA;0,28;#A9DE00;Baixo;0,39;#A9DE00;Baixo;;0,335;Low
3547007;Santa Maria da Serra/SP;0,25;#A9DE00;Baixo;0,31;#A9DE00;Baixo;;0,28;Low
2928109;Santa Maria da Vitória/BA;0,52;#FFCD00;Médio;0,6;#FF8300;Alto;;0,56;Medium
3158003;Santa Maria de Itabira/MG;0,69;#FF8300;Alto;0,7;#FF8300;Alto;;0,695;High
3204559;Santa Maria de Jetibá/ES;0,46;#FFCD00;Médio;0,39;#A9DE00;Baixo;;0,42500000000000004;Medium
2612703;Santa Maria do Cambucá/PE;0,18;#02C650;Muito baixo;0,22;#A9DE00;Baixo;;0,2;Low
4316956;Santa Maria do Herval/RS;0,31;#A9DE00;Baixo;0,32;#A9DE00;Baixo;;0,315;Low
4123857;Santa Maria do Oeste/PR;0,42;#FFCD00;Médio;0,46;#FFCD00;Médio;;0,44;Medium
1506609;Santa Maria do Pará/PA;0,46;#FFCD00;Médio;0,53;#FFCD00;Médio;;0,495;Medium
3158102;Santa Maria do Salto/MG;0,57;#FFCD00;Médio;0,62;#FF8300;Alto;;0,595;High
3158201;Santa Maria do Suaçuí/MG;0,49;#FFCD00;Médio;0,58;#FFCD00;Médio;;0,5349999999999999;Medium
1718881;Santa Maria do Tocantins/TO;0,37;#A9DE00;Baixo;0,42;#FFCD00;Médio;;0,395;Medium
3304607;Santa Maria Madalena/RJ;0,3;#A9DE00;Baixo;0,41;#FFCD00;Médio;;0,355;Low
4123907;Santa Mariana/PR;0,38;#A9DE00;Baixo;0,5;#FFCD00;Médio;;0,44;Medium
2409332;Santa Maria/RN;0,37;#A9DE00;Baixo;0,43;#FFCD00;Médio;;0,4;Medium
4316907;Santa Maria/RS;0,67;#FF8300;Alto;0,63;#FF8300;Alto;;0,65;High
3547106;Santa Mercedes/SP;0,16;#02C650;Muito baixo;0,29;#A9DE00;Baixo;;0,22499999999999998;Low
4123956;Santa Mônica/PR;0,16;#02C650;Muito baixo;0,17;#02C650;Muito baixo;;0,165;Very low
1600600;Santana/AP;0,76;#FF8300;Alto;0,95;#F40000;Muito alto;;0,855;Very high
2928208;Santana/BA;0,41;#FFCD00;Médio;0,5;#FFCD00;Médio;;0,45499999999999996;Medium
4317004;Santana da Boa Vista/RS;0,36;#A9DE00;Baixo;0,43;#FFCD00;Médio;;0,395;Medium
3547205;Santana da Ponte Pensa/SP;0,33;#A9DE00;Baixo;0,45;#FFCD00;Médio;;0,39;Low
3158300;Santana da Vargem/MG;0,47;#FFCD00;Médio;0,51;#FFCD00;Médio;;0,49;Medium
3158409;Santana de Cataguases/MG;0,53;#FFCD00;Médio;0,62;#FF8300;Alto;;0,575;Medium
2513505;Santana de Mangueira/PB;0,52;#FFCD00;Médio;0,57;#FFCD00;Médio;;0,5449999999999999;Medium
3547304;Santana de Parnaíba/SP;0,37;#A9DE00;Baixo;0,25;#A9DE00;Baixo;;0,31;Low
3158508;Santana de Pirapama/MG;0,34;#A9DE00;Baixo;0,44;#FFCD00;Médio;;0,39;Low
2312007;Santana do Acaraú/CE;0,68;#FF8300;Alto;0,73;#FF8300;Alto;;0,7050000000000001;High
1506708;Santana do Araguaia/PA;0,48;#FFCD00;Médio;0,69;#FF8300;Alto;;0,585;Medium
2312106;Santana do Cariri/CE;0,66;#FF8300;Alto;0,75;#FF8300;Alto;;0,7050000000000001;High
3158607;Santana do Deserto/MG;0,35;#A9DE00;Baixo;0,39;#A9DE00;Baixo;;0,37;Low
3158706;Santana do Garambéu/MG;0,38;#A9DE00;Baixo;0,44;#FFCD00;Médio;;0,41000000000000003;Medium
2708006;Santana do Ipanema/AL;0,93;#F40000;Muito alto;0,9;#F40000;Muito alto;;0,915;Very high
4124004;Santana do Itararé/PR;0,19;#02C650;Muito baixo;0,33;#A9DE00;Baixo;;0,26;Low
3158805;Santana do Jacaré/MG;0,56;#FFCD00;Médio;0,61;#FF8300;Alto;;0,585;Medium
4317103;Sant'Ana do Livramento/RS;0,54;#FFCD00;Médio;0,69;#FF8300;Alto;;0,615;High
3158904;Santana do Manhuaçu/MG;0,56;#FFCD00;Médio;0,66;#FF8300;Alto;;0,6100000000000001;High
2110237;Santana do Maranhão/MA;0,32;#A9DE00;Baixo;0,39;#A9DE00;Baixo;;0,355;Low
2411403;Santana do Matos/RN;0,61;#FF8300;Alto;0,63;#FF8300;Alto;;0,62;High
2708105;Santana do Mundaú/AL;0,55;#FFCD00;Médio;0,6;#FF8300;Alto;;0,575;Medium
3158953;Santana do Paraíso/MG;0,71;#FF8300;Alto;0,67;#FF8300;Alto;;0,69;High
2209351;Santana do Piauí/PI;0,39;#A9DE00;Baixo;0,37;#A9DE00;Baixo;;0,38;Low
3159001;Santana do Riacho/MG;0,08;#02C650;Muito baixo;0,15;#02C650;Muito baixo;;0,11499999999999999;Very low
2806404;Santana do São Francisco/SE;0,49;#FFCD00;Médio;0,53;#FFCD00;Médio;;0,51;Medium
2411429;Santana do Seridó/RN;0,31;#A9DE00;Baixo;0,37;#A9DE00;Baixo;;0,33999999999999997;Low
2513604;Santana dos Garrotes/PB;0,55;#FFCD00;Médio;0,64;#FF8300;Alto;;0,595;High
3159100;Santana dos Montes/MG;0,45;#FFCD00;Médio;0,51;#FFCD00;Médio;;0,48;Medium
2928307;Santanópolis/BA;0,16;#02C650;Muito baixo;0,2;#A9DE00;Baixo;;0,18;Very low
2312205;Santa Quitéria/CE;0,58;#FFCD00;Médio;0,72;#FF8300;Alto;;0,6499999999999999;High
2110104;Santa Quitéria do Maranhão/MA;0,72;#FF8300;Alto;0,73;#FF8300;Alto;;0,725;High
1506906;Santarém Novo/PA;0,11;#02C650;Muito baixo;0,14;#02C650;Muito baixo;;0,125;Very low
1506807;Santarém/PA;0,66;#FF8300;Alto;0,65;#FF8300;Alto;;0,655;High
3159209;Santa Rita de Caldas/MG;0,59;#FFCD00;Médio;0,65;#FF8300;Alto;;0,62;High
2928406;Santa Rita de Cássia/BA;0,38;#A9DE00;Baixo;0,55;#FFCD00;Médio;;0,465;Medium
3159407;Santa Rita de Ibitipoca/MG;0,39;#A9DE00;Baixo;0,51;#FFCD00;Médio;;0,45;Medium
3159308;Santa Rita de Jacutinga/MG;0,5;#FFCD00;Médio;0,55;#FFCD00;Médio;;0,525;Medium
3159357;Santa Rita de Minas/MG;0,77;#FF8300;Alto;0,69;#FF8300;Alto;;0,73;High
5219407;Santa Rita do Araguaia/GO;0,53;#FFCD00;Médio;0,53;#FFCD00;Médio;;0,53;Medium
3547403;Santa Rita d'Oeste/SP;0,34;#A9DE00;Baixo;0,35;#A9DE00;Baixo;;0,345;Low
3159506;Santa Rita do Itueto/MG;0,46;#FFCD00;Médio;0,52;#FFCD00;Médio;;0,49;Medium
5219456;Santa Rita do Novo Destino/GO;0,24;#A9DE00;Baixo;0,29;#A9DE00;Baixo;;0,265;Low
5007554;Santa Rita do Pardo/MS;0,4;#FFCD00;Médio;0,53;#FFCD00;Médio;;0,465;Medium
3547502;Santa Rita do Passa Quatro/SP;0,45;#FFCD00;Médio;0,46;#FFCD00;Médio;;0,455;Medium
3159605;Santa Rita do Sapucaí/MG;0,71;#FF8300;Alto;0,68;#FF8300;Alto;;0,6950000000000001;High
1718899;Santa Rita do Tocantins/TO;0,21;#A9DE00;Baixo;0,36;#A9DE00;Baixo;;0,285;Low
5107768;Santa Rita do Trivelato/MT;0,21;#A9DE00;Baixo;0,28;#A9DE00;Baixo;;0,245;Low
2110203;Santa Rita/MA;0,35;#A9DE00;Baixo;0,52;#FFCD00;Médio;;0,435;Medium
2513703;Santa Rita/PB;0,91;#F40000;Muito alto;0,85;#F40000;Muito alto;;0,88;Very high
3159704;Santa Rosa da Serra/MG;0,42;#FFCD00;Médio;0,43;#FFCD00;Médio;;0,425;Medium
5219506;Santa Rosa de Goiás/GO;0,31;#A9DE00;Baixo;0,36;#A9DE00;Baixo;;0,33499999999999996;Low
4215604;Santa Rosa de Lima/SC;0,12;#02C650;Muito baixo;0,17;#02C650;Muito baixo;;0,14500000000000002;Very low
2806503;Santa Rosa de Lima/SE;0,39;#A9DE00;Baixo;0,45;#FFCD00;Médio;;0,42000000000000004;Medium
3547601;Santa Rosa de Viterbo/SP;0,56;#FFCD00;Médio;0,63;#FF8300;Alto;;0,595;High
2209377;Santa Rosa do Piauí/PI;0,32;#A9DE00;Baixo;0,37;#A9DE00;Baixo;;0,345;Low
1200435;Santa Rosa do Purus/AC;0,2;#A9DE00;Baixo;0,24;#A9DE00;Baixo;;0,22;Low
4215653;Santa Rosa do Sul/SC;0,35;#A9DE00;Baixo;0,33;#A9DE00;Baixo;;0,33999999999999997;Low
1718907;Santa Rosa do Tocantins/TO;0,21;#A9DE00;Baixo;0,27;#A9DE00;Baixo;;0,24;Low
4317202;Santa Rosa/RS;0,3;#A9DE00;Baixo;0,0;#02C650;Muito baixo;;0,15;Very low
3547650;Santa Salete/SP;0,25;#A9DE00;Baixo;0,34;#A9DE00;Baixo;;0,29500000000000004;Low
3204609;Santa Teresa/ES;0,5;#FFCD00;Médio;0,36;#A9DE00;Baixo;;0,43;Medium
2513802;Santa Teresinha/PB;0,36;#A9DE00;Baixo;0,42;#FFCD00;Médio;;0,39;Low
5219605;Santa Tereza de Goiás/GO;0,51;#FFCD00;Médio;0,57;#FFCD00;Médio;;0,54;Medium
4124020;Santa Tereza do Oeste/PR;0,37;#A9DE00;Baixo;0,51;#FFCD00;Médio;;0,44;Medium
1719004;Santa Tereza do Tocantins/TO;0,34;#A9DE00;Baixo;0,4;#FFCD00;Médio;;0,37;Low
4317251;Santa Tereza/RS;0,19;#02C650;Muito baixo;0,2;#A9DE00;Baixo;;0,195;Low
2928505;Santa Terezinha/BA;0,23;#A9DE00;Baixo;0,27;#A9DE00;Baixo;;0,25;Low
5219704;Santa Terezinha de Goiás/GO;0,35;#A9DE00;Baixo;0,42;#FFCD00;Médio;;0,385;Low
4124053;Santa Terezinha de Itaipu/PR;0,3;#A9DE00;Baixo;0,52;#FFCD00;Médio;;0,41000000000000003;Medium
4215687;Santa Terezinha do Progresso/SC;0,23;#A9DE00;Baixo;0,18;#02C650;Muito baixo;;0,20500000000000002;Low
1720002;Santa Terezinha do Tocantins/TO;0,29;#A9DE00;Baixo;0,34;#A9DE00;Baixo;;0,315;Low
5107776;Santa Terezinha/MT;0,4;#FFCD00;Médio;0,5;#FFCD00;Médio;;0,45;Medium
2612802;Santa Terezinha/PE;0,82;#F40000;Muito alto;0,86;#F40000;Muito alto;;0,84;Very high
4215679;Santa Terezinha/SC;0,19;#02C650;Muito baixo;0,24;#A9DE00;Baixo;;0,215;Low
4317301;Santa Vitória do Palmar/RS;0,48;#FFCD00;Médio;0,57;#FFCD00;Médio;;0,5249999999999999;Medium
3159803;Santa Vitória/MG;0,26;#A9DE00;Baixo;0,41;#FFCD00;Médio;;0,33499999999999996;Low
4215695;Santiago do Sul/SC;0,21;#A9DE00;Baixo;0,26;#A9DE00;Baixo;;0,235;Low
4317400;Santiago/RS;0,35;#A9DE00;Baixo;0,44;#FFCD00;Médio;;0,395;Medium
5107263;Santo Afonso/MT;0,27;#A9DE00;Baixo;0,36;#A9DE00;Baixo;;0,315;Low
2928604;Santo Amaro/BA;0,64;#FF8300;Alto;0,73;#FF8300;Alto;;0,685;High
4215703;Santo Amaro da Imperatriz/SC;0,33;#A9DE00;Baixo;0,55;#FFCD00;Médio;;0,44000000000000006;Medium
2806602;Santo Amaro das Brotas/SE;0,94;#F40000;Muito alto;0,87;#F40000;Muito alto;;0,905;Very high
2110278;Santo Amaro do Maranhão/MA;0,56;#FFCD00;Médio;0,6;#FF8300;Alto;;0,5800000000000001;Medium
3547700;Santo Anastácio/SP;0,52;#FFCD00;Médio;0,69;#FF8300;Alto;;0,605;High
2513851;Santo André/PB;0,27;#A9DE00;Baixo;0,32;#A9DE00;Baixo;;0,29500000000000004;Low
3547809;Santo André/SP;0,62;#FF8300;Alto;0,0;#02C650;Muito baixo;;0,31;Low
4317509;Santo Ângelo/RS;0,31;#A9DE00;Baixo;0,39;#A9DE00;Baixo;;0,35;Low
3547908;Santo Antônio da Alegria/SP;0,56;#FFCD00;Médio;0,48;#FFCD00;Médio;;0,52;Medium
5219712;Santo Antônio da Barra/GO;0,42;#FFCD00;Médio;0,47;#FFCD00;Médio;;0,44499999999999995;Medium
4317608;Santo Antônio da Patrulha/RS;0,41;#FFCD00;Médio;0,36;#A9DE00;Baixo;;0,385;Low
4124103;Santo Antônio da Platina/PR;0,77;#FF8300;Alto;0,57;#FFCD00;Médio;;0,6699999999999999;High
4317707;Santo Antônio das Missões/RS;0,23;#A9DE00;Baixo;0,36;#A9DE00;Baixo;;0,295;Low
5219738;Santo Antônio de Goiás/GO;0,32;#A9DE00;Baixo;0,38;#A9DE00;Baixo;;0,35;Low
2928703;Santo Antônio de Jesus/BA;0,58;#FFCD00;Médio;0,71;#FF8300;Alto;;0,645;High
2209401;Santo Antônio de Lisboa/PI;0,44;#FFCD00;Médio;0,47;#FFCD00;Médio;;0,45499999999999996;Medium
3304706;Santo Antônio de Pádua/RJ;0,54;#FFCD00;Médio;0,62;#FF8300;Alto;;0,5800000000000001;Medium
3548005;Santo Antônio de Posse/SP;0,41;#FFCD00;Médio;0,58;#FFCD00;Médio;;0,495;Medium
3159902;Santo Antônio do Amparo/MG;0,58;#FFCD00;Médio;0,62;#FF8300;Alto;;0,6;High
3548054;Santo Antônio do Aracanguá/SP;0,23;#A9DE00;Baixo;0,33;#A9DE00;Baixo;;0,28;Low
3160009;Santo Antônio do Aventureiro/MG;0,34;#A9DE00;Baixo;0,41;#FFCD00;Médio;;0,375;Low
4124202;Santo Antônio do Caiuá/PR;0,38;#A9DE00;Baixo;0,43;#FFCD00;Médio;;0,405;Medium
5219753;Santo Antônio do Descoberto/GO;0,84;#F40000;Muito alto;0,8;#F40000;Muito alto;;0,8200000000000001;Very high
3160108;Santo Antônio do Grama/MG;0,82;#F40000;Muito alto;0,75;#FF8300;Alto;;0,7849999999999999;High
1303700;Santo Antônio do Içá/AM;0,58;#FFCD00;Médio;0,71;#FF8300;Alto;;0,645;High
3160207;Santo Antônio do Itambé/MG;0,39;#A9DE00;Baixo;0,44;#FFCD00;Médio;;0,41500000000000004;Medium
3160306;Santo Antônio do Jacinto/MG;0,77;#FF8300;Alto;0,66;#FF8300;Alto;;0,7150000000000001;High
3548104;Santo Antônio do Jardim/SP;0,35;#A9DE00;Baixo;0,48;#FFCD00;Médio;;0,415;Medium
5107792;Santo Antônio do Leste/MT;0,36;#A9DE00;Baixo;0,42;#FFCD00;Médio;;0,39;Low
5107800;Santo Antônio do Leverger/MT;0,41;#FFCD00;Médio;0,52;#FFCD00;Médio;;0,46499999999999997;Medium
3160405;Santo Antônio do Monte/MG;0,65;#FF8300;Alto;0,73;#FF8300;Alto;;0,69;High
4317558;Santo Antônio do Palma/RS;0,13;#02C650;Muito baixo;0,18;#02C650;Muito baixo;;0,155;Very low
4124301;Santo Antônio do Paraíso/PR;0,37;#A9DE00;Baixo;0,42;#FFCD00;Médio;;0,395;Medium
3548203;Santo Antônio do Pinhal/SP;0,07;#02C650;Muito baixo;0,12;#02C650;Muito baixo;;0,095;Very low
4317756;Santo Antônio do Planalto/RS;0,02;#02C650;Muito baixo;0,13;#02C650;Muito baixo;;0,075;Very low
3160454;Santo Antônio do Retiro/MG;0,22;#A9DE00;Baixo;0,27;#A9DE00;Baixo;;0,245;Low
3160504;Santo Antônio do Rio Abaixo/MG;0,25;#A9DE00;Baixo;0,3;#A9DE00;Baixo;;0,275;Low
2110302;Santo Antônio dos Lopes/MA;0,35;#A9DE00;Baixo;0,42;#FFCD00;Médio;;0,385;Low
2209450;Santo Antônio dos Milagres/PI;0,25;#A9DE00;Baixo;0,33;#A9DE00;Baixo;;0,29000000000000004;Low
4124400;Santo Antônio do Sudoeste/PR;0,29;#A9DE00;Baixo;0,52;#FFCD00;Médio;;0,405;Medium
1507003;Santo Antônio do Tauá/PA;0,3;#A9DE00;Baixo;0,49;#FFCD00;Médio;;0,395;Medium
2411502;Santo Antônio/RN;0,81;#F40000;Muito alto;0,86;#F40000;Muito alto;;0,835;Very high
4317806;Santo Augusto/RS;0,45;#FFCD00;Médio;0,57;#FFCD00;Médio;;0,51;Medium
4317905;Santo Cristo/RS;0,32;#A9DE00;Baixo;0,4;#FFCD00;Médio;;0,36;Low
2928802;Santo Estêvão/BA;0,46;#FFCD00;Médio;0,46;#FFCD00;Médio;;0,46;Medium
4317954;Santo Expedito do Sul/RS;0,21;#A9DE00;Baixo;0,27;#A9DE00;Baixo;;0,24;Low
3548302;Santo Expedito/SP;0,32;#A9DE00;Baixo;0,41;#FFCD00;Médio;;0,365;Low
3160603;Santo Hipólito/MG;0,35;#A9DE00;Baixo;0,41;#FFCD00;Médio;;0,38;Low
2209500;Santo Inácio do Piauí/PI;0,36;#A9DE00;Baixo;0,42;#FFCD00;Médio;;0,39;Low
4124509;Santo Inácio/PR;0,23;#A9DE00;Baixo;0,26;#A9DE00;Baixo;;0,245;Low
3548401;Santópolis do Aguapeí/SP;0,54;#FFCD00;Médio;0,64;#FF8300;Alto;;0,5900000000000001;High
3160702;Santos Dumont/MG;0,83;#F40000;Muito alto;0,78;#FF8300;Alto;;0,8049999999999999;Very high
3548500;Santos/SP;0,0;#02C650;Muito baixo;0,0;#02C650;Muito baixo;;0,0;Very low
2312304;São Benedito/CE;0,62;#FF8300;Alto;0,66;#FF8300;Alto;;0,64;High
2110401;São Benedito do Rio Preto/MA;0,59;#FFCD00;Médio;0,72;#FF8300;Alto;;0,655;High
2612901;São Benedito do Sul/PE;0,54;#FFCD00;Médio;0,6;#FF8300;Alto;;0,5700000000000001;Medium
2513927;São Bentinho/PB;0,53;#FFCD00;Médio;0,46;#FFCD00;Médio;;0,495;Medium
3160801;São Bento Abade/MG;0,54;#FFCD00;Médio;0,54;#FFCD00;Médio;;0,54;Medium
2411601;São Bento do Norte/RN;0,14;#02C650;Muito baixo;0,18;#02C650;Muito baixo;;0,16;Very low
3548609;São Bento do Sapucaí/SP;0,61;#FF8300;Alto;0,47;#FFCD00;Médio;;0,54;Medium
4215802;São Bento do Sul/SC;0,0;#02C650;Muito baixo;0,0;#02C650;Muito baixo;;0,0;Very low
1720101;São Bento do Tocantins/TO;0,32;#A9DE00;Baixo;0,4;#FFCD00;Médio;;0,36;Low
2411700;São Bento do Trairí/RN;0,53;#FFCD00;Médio;0,58;#FFCD00;Médio;;0,5549999999999999;Medium
2613008;São Bento do Una/PE;0,38;#A9DE00;Baixo;0,44;#FFCD00;Médio;;0,41000000000000003;Medium
2110500;São Bento/MA;0,7;#FF8300;Alto;0,82;#F40000;Muito alto;;0,76;High
2513901;São Bento/PB;0,55;#FFCD00;Médio;0,7;#FF8300;Alto;;0,625;High
4215752;São Bernardino/SC;0,21;#A9DE00;Baixo;0,22;#A9DE00;Baixo;;0,215;Low
3548708;São Bernardo do Campo/SP;0,46;#FFCD00;Médio;0,4;#FFCD00;Médio;;0,43000000000000005;Medium
2110609;São Bernardo/MA;0,54;#FFCD00;Médio;0,69;#FF8300;Alto;;0,615;High
4215901;São Bonifácio/SC;0,12;#02C650;Muito baixo;0,18;#02C650;Muito baixo;;0,15;Very low
4318002;São Borja/RS;0,51;#FFCD00;Médio;0,66;#FF8300;Alto;;0,585;Medium
2708204;São Brás/AL;0,46;#FFCD00;Médio;0,51;#FFCD00;Médio;;0,485;Medium
3160900;São Brás do Suaçuí/MG;0,19;#02C650;Muito baixo;0,23;#A9DE00;Baixo;;0,21000000000000002;Low
2209559;São Braz do Piauí/PI;0,2;#A9DE00;Baixo;0,24;#A9DE00;Baixo;;0,22;Low
1507102;São Caetano de Odivelas/PA;0,52;#FFCD00;Médio;0,64;#FF8300;Alto;;0,5800000000000001;Medium
3548807;São Caetano do Sul/SP;0,82;#F40000;Muito alto;0,62;#FF8300;Alto;;0,72;High
2613107;São Caitano/PE;0,55;#FFCD00;Médio;0,63;#FF8300;Alto;;0,5900000000000001;High
4124608;São Carlos do Ivaí/PR;0,21;#A9DE00;Baixo;0,35;#A9DE00;Baixo;;0,27999999999999997;Low
4216008;São Carlos/SC;0,33;#A9DE00;Baixo;0,33;#A9DE00;Baixo;;0,33;Low
3548906;São Carlos/SP;0,44;#FFCD00;Médio;0,4;#FFCD00;Médio;;0,42000000000000004;Medium
4216057;São Cristóvão do Sul/SC;0,34;#A9DE00;Baixo;0,41;#FFCD00;Médio;;0,375;Low
2806701;São Cristóvão/SE;0,74;#FF8300;Alto;0,59;#FFCD00;Médio;;0,665;High
2928901;São Desidério/BA;0,16;#02C650;Muito baixo;0,3;#A9DE00;Baixo;;0,22999999999999998;Low
2928950;São Domingos/BA;0,39;#A9DE00;Baixo;0,44;#FFCD00;Médio;;0,41500000000000004;Medium
3160959;São Domingos das Dores/MG;0,63;#FF8300;Alto;0,5;#FFCD00;Médio;;0,565;Medium
1507151;São Domingos do Araguaia/PA;0,51;#FFCD00;Médio;0,67;#FF8300;Alto;;0,5900000000000001;High
2110658;São Domingos do Azeitão/MA;0,47;#FFCD00;Médio;0,54;#FFCD00;Médio;;0,505;Medium
1507201;São Domingos do Capim/PA;0,37;#A9DE00;Baixo;0,57;#FFCD00;Médio;;0,47;Medium
2513943;São Domingos do Cariri/PB;0,37;#A9DE00;Baixo;0,43;#FFCD00;Médio;;0,4;Medium
2110708;São Domingos do Maranhão/MA;0,5;#FFCD00;Médio;0,58;#FFCD00;Médio;;0,54;Medium
3204658;São Domingos do Norte/ES;0,47;#FFCD00;Médio;0,49;#FFCD00;Médio;;0,48;Medium
3161007;São Domingos do Prata/MG;0,65;#FF8300;Alto;0,66;#FF8300;Alto;;0,655;High
4318051;São Domingos do Sul/RS;0,12;#02C650;Muito baixo;0,24;#A9DE00;Baixo;;0,18;Very low
5219803;São Domingos/GO;0,43;#FFCD00;Médio;0,56;#FFCD00;Médio;;0,495;Medium
2513968;São Domingos/PB;0,37;#A9DE00;Baixo;0,42;#FFCD00;Médio;;0,395;Medium
4216107;São Domingos/SC;0,26;#A9DE00;Baixo;0,45;#FFCD00;Médio;;0,355;Low
2806800;São Domingos/SE;0,24;#A9DE00;Baixo;0,3;#A9DE00;Baixo;;0,27;Low
2929107;São Felipe/BA;0,5;#FFCD00;Médio;0,56;#FFCD00;Médio;;0,53;Medium
1101484;São Felipe D'Oeste/RO;0,23;#A9DE00;Baixo;0,3;#A9DE00;Baixo;;0,265;Low
2929008;São Félix/BA;0,74;#FF8300;Alto;0,7;#FF8300;Alto;;0,72;High
2110807;São Félix de Balsas/MA;0,3;#A9DE00;Baixo;0,37;#A9DE00;Baixo;;0,33499999999999996;Low
3161056;São Félix de Minas/MG;0,37;#A9DE00;Baixo;0,48;#FFCD00;Médio;;0,425;Medium
5107859;São Félix do Araguaia/MT;0,22;#A9DE00;Baixo;0,31;#A9DE00;Baixo;;0,265;Low
2929057;São Félix do Coribe/BA;0,47;#FFCD00;Médio;0,6;#FF8300;Alto;;0,5349999999999999;Medium
2209609;São Félix do Piauí/PI;0,36;#A9DE00;Baixo;0,42;#FFCD00;Médio;;0,39;Low
1720150;São Félix do Tocantins/TO;0,24;#A9DE00;Baixo;0,29;#A9DE00;Baixo;;0,265;Low
1507300;São Félix do Xingu/PA;0,65;#FF8300;Alto;0,73;#FF8300;Alto;;0,69;High
2411809;São Fernando/RN;0,5;#FFCD00;Médio;0,65;#FF8300;Alto;;0,575;Medium
3304805;São Fidélis/RJ;0,9;#F40000;Muito alto;0,83;#F40000;Muito alto;;0,865;Very high
2209658;São Francisco de Assis do Piauí/PI;0,28;#A9DE00;Baixo;0,35;#A9DE00;Baixo;;0,315;Low
4318101;São Francisco de Assis/RS;0,51;#FFCD00;Médio;0,56;#FFCD00;Médio;;0,535;Medium
5219902;São Francisco de Goiás/GO;0,37;#A9DE00;Baixo;0,42;#FFCD00;Médio;;0,395;Medium
3304755;São Francisco de Itabapoana/RJ;0,28;#A9DE00;Baixo;0,39;#A9DE00;Baixo;;0,335;Low
3161205;São Francisco de Paula/MG;0,44;#FFCD00;Médio;0,51;#FFCD00;Médio;;0,475;Medium
4318200;São Francisco de Paula/RS;0,43;#FFCD00;Médio;0,34;#A9DE00;Baixo;;0,385;Low
3161304;São Francisco de Sales/MG;0,34;#A9DE00;Baixo;0,4;#FFCD00;Médio;;0,37;Low
2110856;São Francisco do Brejão/MA;0,34;#A9DE00;Baixo;0,42;#FFCD00;Médio;;0,38;Low
2929206;São Francisco do Conde/BA;0,81;#F40000;Muito alto;0,69;#FF8300;Alto;;0,75;High
3161403;São Francisco do Glória/MG;0,35;#A9DE00;Baixo;0,41;#FFCD00;Médio;;0,38;Low
1101492;São Francisco do Guaporé/RO;0,34;#A9DE00;Baixo;0,49;#FFCD00;Médio;;0,41500000000000004;Medium
2110906;São Francisco do Maranhão/MA;0,48;#FFCD00;Médio;0,56;#FFCD00;Médio;;0,52;Medium
2411908;São Francisco do Oeste/RN;0,46;#FFCD00;Médio;0,53;#FFCD00;Médio;;0,495;Medium
1507409;São Francisco do Pará/PA;0,25;#A9DE00;Baixo;0,41;#FFCD00;Médio;;0,32999999999999996;Low
2209708;São Francisco do Piauí/PI;0,17;#02C650;Muito baixo;0,21;#A9DE00;Baixo;;0,19;Very low
4216206;São Francisco do Sul/SC;0,34;#A9DE00;Baixo;0,41;#FFCD00;Médio;;0,375;Low
3161106;São Francisco/MG;0,27;#A9DE00;Baixo;0,39;#A9DE00;Baixo;;0,33;Low
2513984;São Francisco/PB;0,21;#A9DE00;Baixo;0,29;#A9DE00;Baixo;;0,25;Low
2806909;São Francisco/SE;0,38;#A9DE00;Baixo;0,44;#FFCD00;Médio;;0,41000000000000003;Medium
3549003;São Francisco/SP;0,26;#A9DE00;Baixo;0,4;#FFCD00;Médio;;0,33;Low
2929255;São Gabriel/BA;0,26;#A9DE00;Baixo;0,32;#A9DE00;Baixo;;0,29000000000000004;Low
1303809;São Gabriel da Cachoeira/AM;0,44;#FFCD00;Médio;0,61;#FF8300;Alto;;0,525;Medium
3204708;São Gabriel da Palha/ES;0,53;#FFCD00;Médio;0,63;#FF8300;Alto;;0,5800000000000001;Medium
5007695;São Gabriel do Oeste/MS;0,24;#A9DE00;Baixo;0,41;#FFCD00;Médio;;0,32499999999999996;Low
4318309;São Gabriel/RS;0,48;#FFCD00;Médio;0,64;#FF8300;Alto;;0,56;Medium
3161601;São Geraldo da Piedade/MG;0,11;#02C650;Muito baixo;0,16;#02C650;Muito baixo;;0,135;Very low
1507458;São Geraldo do Araguaia/PA;0,44;#FFCD00;Médio;0,62;#FF8300;Alto;;0,53;Medium
3161650;São Geraldo do Baixio/MG;0,41;#FFCD00;Médio;0,38;#A9DE00;Baixo;;0,395;Medium
3161502;São Geraldo/MG;0,64;#FF8300;Alto;0,63;#FF8300;Alto;;0,635;High
3161700;São Gonçalo do Abaeté/MG;0,54;#FFCD00;Médio;0,48;#FFCD00;Médio;;0,51;Medium
2312403;São Gonçalo do Amarante/CE;0,19;#02C650;Muito baixo;0,28;#A9DE00;Baixo;;0,23500000000000001;Low
2412005;São Gonçalo do Amarante/RN;0,71;#FF8300;Alto;0,67;#FF8300;Alto;;0,69;High
2209757;São Gonçalo do Gurguéia/PI;0,44;#FFCD00;Médio;0,47;#FFCD00;Médio;;0,45499999999999996;Medium
3161809;São Gonçalo do Pará/MG;0,51;#FFCD00;Médio;0,5;#FFCD00;Médio;;0,505;Medium
2209807;São Gonçalo do Piauí/PI;0,32;#A9DE00;Baixo;0,45;#FFCD00;Médio;;0,385;Low
3161908;São Gonçalo do Rio Abaixo/MG;0,32;#A9DE00;Baixo;0,3;#A9DE00;Baixo;;0,31;Low
3125507;São Gonçalo do Rio Preto/MG;0,39;#A9DE00;Baixo;0,43;#FFCD00;Médio;;0,41000000000000003;Medium
3162005;São Gonçalo do Sapucaí/MG;0,63;#FF8300;Alto;0,64;#FF8300;Alto;;0,635;High
2929305;São Gonçalo dos Campos/BA;0,52;#FFCD00;Médio;0,55;#FFCD00;Médio;;0,535;Medium
3304904;São Gonçalo/RJ;0,8;#F40000;Muito alto;0,57;#FFCD00;Médio;12219069,0;0,685;High
3162104;São Gotardo/MG;0,89;#F40000;Muito alto;0,78;#FF8300;Alto;;0,835;Very high
4124707;São Jerônimo da Serra/PR;0,18;#02C650;Muito baixo;0,26;#A9DE00;Baixo;;0,22;Low
4318408;São Jerônimo/RS;0,53;#FFCD00;Médio;0,69;#FF8300;Alto;;0,61;High
3162203;São João Batista do Glória/MG;0,38;#A9DE00;Baixo;0,42;#FFCD00;Médio;;0,4;Medium
2111003;São João Batista/MA;0,5;#FFCD00;Médio;0,63;#FF8300;Alto;;0,565;Medium
4216305;São João Batista/SC;0,58;#FFCD00;Médio;0,75;#FF8300;Alto;;0,665;High
1400506;São João da Baliza/RR;0,44;#FFCD00;Médio;0,51;#FFCD00;Médio;;0,475;Medium
3305000;São João da Barra/RJ;0,26;#A9DE00;Baixo;0,27;#A9DE00;Baixo;;0,265;Low
3549102;São João da Boa Vista/SP;0,27;#A9DE00;Baixo;0,31;#A9DE00;Baixo;;0,29000000000000004;Low
2209856;São João da Canabrava/PI;0,27;#A9DE00;Baixo;0,32;#A9DE00;Baixo;;0,29500000000000004;Low
2209872;São João da Fronteira/PI;0,27;#A9DE00;Baixo;0,34;#A9DE00;Baixo;;0,30500000000000005;Low
3162252;São João da Lagoa/MG;0,47;#FFCD00;Médio;0,56;#FFCD00;Médio;;0,515;Medium
5220009;São João d'Aliança/GO;0,39;#A9DE00;Baixo;0,44;#FFCD00;Médio;;0,41500000000000004;Medium
3162302;São João da Mata/MG;0,28;#A9DE00;Baixo;0,37;#A9DE00;Baixo;;0,325;Low
5220058;São João da Paraúna/GO;0,19;#02C650;Muito baixo;0,26;#A9DE00;Baixo;;0,225;Low
1507466;São João da Ponta/PA;0,07;#02C650;Muito baixo;0,1;#02C650;Muito baixo;;0,085;Very low
3162401;São João da Ponte/MG;0,34;#A9DE00;Baixo;0,4;#FFCD00;Médio;;0,37;Low
3549201;São João das Duas Pontes/SP;0,38;#A9DE00;Baixo;0,44;#FFCD00;Médio;;0,41000000000000003;Medium
2209906;São João da Serra/PI;0,56;#FFCD00;Médio;0,64;#FF8300;Alto;;0,6000000000000001;High
3162450;São João das Missões/MG;0,27;#A9DE00;Baixo;0,36;#A9DE00;Baixo;;0,315;Low
4318424;São João da Urtiga/RS;0,24;#A9DE00;Baixo;0,37;#A9DE00;Baixo;;0,305;Low
2209955;São João da Varjota/PI;0,12;#02C650;Muito baixo;0,2;#A9DE00;Baixo;;0,16;Very low
3549250;São João de Iracema/SP;0,18;#02C650;Muito baixo;0,24;#A9DE00;Baixo;;0,21;Low
3162500;São João del Rei/MG;0,36;#A9DE00;Baixo;0,29;#A9DE00;Baixo;;0,32499999999999996;Low
3305109;São João de Meriti/RJ;0,84;#F40000;Muito alto;0,83;#F40000;Muito alto;;0,835;Very high
1507474;São João de Pirabas/PA;0,57;#FFCD00;Médio;0,62;#FF8300;Alto;;0,595;High
1507508;São João do Araguaia/PA;0,44;#FFCD00;Médio;0,58;#FFCD00;Médio;;0,51;Medium
2209971;São João do Arraial/PI;0,28;#A9DE00;Baixo;0,4;#FFCD00;Médio;;0,34;Low
4124905;São João do Caiuá/PR;0,31;#A9DE00;Baixo;0,45;#FFCD00;Médio;;0,38;Low
2514008;São João do Cariri/PB;0,51;#FFCD00;Médio;0,6;#FF8300;Alto;;0,5549999999999999;Medium
2111029;São João do Carú/MA;0,42;#FFCD00;Médio;0,47;#FFCD00;Médio;;0,44499999999999995;Medium
4216354;São João do Itaperiú/SC;0,09;#02C650;Muito baixo;0,18;#02C650;Muito baixo;;0,135;Very low
4125001;São João do Ivaí/PR;0,36;#A9DE00;Baixo;0,47;#FFCD00;Médio;;0,415;Medium
2312502;São João do Jaguaribe/CE;0,32;#A9DE00;Baixo;0,35;#A9DE00;Baixo;;0,33499999999999996;Low
3162559;São João do Manhuaçu/MG;0,42;#FFCD00;Médio;0,47;#FFCD00;Médio;;0,44499999999999995;Medium
3162575;São João do Manteninha/MG;0,31;#A9DE00;Baixo;0,39;#A9DE00;Baixo;;0,35;Low
4216255;São João do Oeste/SC;0,22;#A9DE00;Baixo;0,22;#A9DE00;Baixo;;0,22;Low
3162609;São João do Oriente/MG;0,9;#F40000;Muito alto;0,69;#FF8300;Alto;;0,7949999999999999;Very high
3162658;São João do Pacuí/MG;0,37;#A9DE00;Baixo;0,48;#FFCD00;Médio;;0,425;Medium
2111052;São João do Paraíso/MA;0,35;#A9DE00;Baixo;0,45;#FFCD00;Médio;;0,4;Medium
3162708;São João do Paraíso/MG;0,54;#FFCD00;Médio;0,59;#FFCD00;Médio;;0,565;Medium
3549300;São João do Pau d'Alho/SP;0,35;#A9DE00;Baixo;0,41;#FFCD00;Médio;;0,38;Low
2210003;São João do Piauí/PI;0,33;#A9DE00;Baixo;0,43;#FFCD00;Médio;;0,38;Low
4318432;São João do Polêsine/RS;0,01;#02C650;Muito baixo;0,11;#02C650;Muito baixo;;0,06;Very low
2500700;São João do Rio do Peixe/PB;0,62;#FF8300;Alto;0,73;#FF8300;Alto;;0,675;High
2412104;São João do Sabugi/RN;0,45;#FFCD00;Médio;0,6;#FF8300;Alto;;0,525;Medium
2111078;São João do Soter/MA;0,3;#A9DE00;Baixo;0,5;#FFCD00;Médio;;0,4;Medium
2111102;São João dos Patos/MA;0,7;#FF8300;Alto;0,6;#FF8300;Alto;;0,6499999999999999;High
4216404;São João do Sul/SC;0,16;#02C650;Muito baixo;0,2;#A9DE00;Baixo;;0,18;Very low
2514107;São João do Tigre/PB;0,37;#A9DE00;Baixo;0,45;#FFCD00;Médio;;0,41000000000000003;Medium
4125100;São João do Triunfo/PR;0,42;#FFCD00;Médio;0,52;#FFCD00;Médio;;0,47;Medium
3162807;São João Evangelista/MG;0,41;#FFCD00;Médio;0,44;#FFCD00;Médio;;0,425;Medium
3162906;São João Nepomuceno/MG;0,59;#FFCD00;Médio;0,71;#FF8300;Alto;;0,6499999999999999;High
2613206;São João/PE;0,64;#FF8300;Alto;0,65;#FF8300;Alto;;0,645;High
4124806;São João/PR;0,24;#A9DE00;Baixo;0,33;#A9DE00;Baixo;;0,28500000000000003;Low
3549409;São Joaquim da Barra/SP;0,62;#FF8300;Alto;0,69;#FF8300;Alto;;0,655;High
3162922;São Joaquim de Bicas/MG;0,32;#A9DE00;Baixo;0,46;#FFCD00;Médio;;0,39;Low
2613305;São Joaquim do Monte/PE;0,98;#F40000;Muito alto;0,79;#FF8300;Alto;;0,885;Very high
4216503;São Joaquim/SC;0,39;#A9DE00;Baixo;0,41;#FFCD00;Médio;;0,4;Medium
4125209;São Jorge d'Oeste/PR;0,24;#A9DE00;Baixo;0,37;#A9DE00;Baixo;;0,305;Low
4125308;São Jorge do Ivaí/PR;0,0;#02C650;Muito baixo;0,34;#A9DE00;Baixo;;0,17;Very low
4125357;São Jorge do Patrocínio/PR;0,21;#A9DE00;Baixo;0,3;#A9DE00;Baixo;;0,255;Low
4318440;São Jorge/RS;0,21;#A9DE00;Baixo;0,29;#A9DE00;Baixo;;0,25;Low
3162948;São José da Barra/MG;0,15;#02C650;Muito baixo;0,19;#02C650;Muito baixo;;0,16999999999999998;Very low
3549508;São José da Bela Vista/SP;0,51;#FFCD00;Médio;0,59;#FFCD00;Médio;;0,55;Medium
4125407;São José da Boa Vista/PR;0,44;#FFCD00;Médio;0,58;#FFCD00;Médio;;0,51;Medium
2613404;São José da Coroa Grande/PE;0,26;#A9DE00;Baixo;0,3;#A9DE00;Baixo;;0,28;Low
2514206;São José da Lagoa Tapada/PB;0,64;#FF8300;Alto;0,67;#FF8300;Alto;;0,655;High
2708303;São José da Laje/AL;0,45;#FFCD00;Médio;0,48;#FFCD00;Médio;;0,46499999999999997;Medium
3162955;São José da Lapa/MG;0,35;#A9DE00;Baixo;0,34;#A9DE00;Baixo;;0,345;Low
3163003;São José da Safira/MG;0,43;#FFCD00;Médio;0,49;#FFCD00;Médio;;0,45999999999999996;Medium
4318457;São José das Missões/RS;0,27;#A9DE00;Baixo;0,31;#A9DE00;Baixo;;0,29000000000000004;Low
4125456;São José das Palmeiras/PR;0,36;#A9DE00;Baixo;0,47;#FFCD00;Médio;;0,415;Medium
2708402;São José da Tapera/AL;0,38;#A9DE00;Baixo;0,41;#FFCD00;Médio;;0,395;Medium
3163102;São José da Varginha/MG;0,27;#A9DE00;Baixo;0,34;#A9DE00;Baixo;;0,30500000000000005;Low
2929354;São José da Vitória/BA;0,78;#FF8300;Alto;0,82;#F40000;Muito alto;;0,8;Very high
2514305;São José de Caiana/PB;0,63;#FF8300;Alto;0,71;#FF8300;Alto;;0,6699999999999999;High
2514404;São José de Espinharas/PB;0,47;#FFCD00;Médio;0,57;#FFCD00;Médio;;0,52;Medium
2412203;São José de Mipibu/RN;0,57;#FFCD00;Médio;0,47;#FFCD00;Médio;;0,52;Medium
2514503;São José de Piranhas/PB;0,6;#FF8300;Alto;0,82;#F40000;Muito alto;;0,71;High
2514552;São José de Princesa/PB;0,34;#A9DE00;Baixo;0,42;#FFCD00;Médio;;0,38;Low
2111201;São José de Ribamar/MA;0,48;#FFCD00;Médio;0,3;#A9DE00;Baixo;;0,39;Low
3305133;São José de Ubá/RJ;0,29;#A9DE00;Baixo;0,35;#A9DE00;Baixo;;0,31999999999999995;Low
3163201;São José do Alegre/MG;0,35;#A9DE00;Baixo;0,38;#A9DE00;Baixo;;0,365;Low
3549607;São José do Barreiro/SP;0,62;#FF8300;Alto;0,65;#FF8300;Alto;;0,635;High
2613503;São José do Belmonte/PE;0,37;#A9DE00;Baixo;0,59;#FFCD00;Médio;;0,48;Medium
2514602;São José do Bonfim/PB;0,38;#A9DE00;Baixo;0,44;#FFCD00;Médio;;0,41000000000000003;Medium
2514651;São José do Brejo do Cruz/PB;0,33;#A9DE00;Baixo;0,41;#FFCD00;Médio;;0,37;Low
3204807;São José do Calçado/ES;0,45;#FFCD00;Médio;0,56;#FFCD00;Médio;;0,505;Medium
2412302;São José do Campestre/RN;0,55;#FFCD00;Médio;0,8;#F40000;Muito alto;;0,675;High
4216701;São José do Cedro/SC;0,29;#A9DE00;Baixo;0,31;#A9DE00;Baixo;;0,3;Low
4216800;São José do Cerrito/SC;0,21;#A9DE00;Baixo;0,34;#A9DE00;Baixo;;0,275;Low
3163300;São José do Divino/MG;0,42;#FFCD00;Médio;0,49;#FFCD00;Médio;;0,45499999999999996;Medium
2210052;São José do Divino/PI;0,34;#A9DE00;Baixo;0,39;#A9DE00;Baixo;;0,365;Low
2613602;São José do Egito/PE;0,59;#FFCD00;Médio;0,77;#FF8300;Alto;;0,6799999999999999;High
3163409;São José do Goiabal/MG;0,45;#FFCD00;Médio;0,54;#FFCD00;Médio;;0,495;Medium
4318465;São José do Herval/RS;0,15;#02C650;Muito baixo;0,21;#A9DE00;Baixo;;0,18;Very low
4318481;São José do Hortêncio/RS;0,15;#02C650;Muito baixo;0,18;#02C650;Muito baixo;;0,16499999999999998;Very low
4318499;São José do Inhacorá/RS;0,14;#02C650;Muito baixo;0,09;#02C650;Muito baixo;;0,115;Very low
2929370;São José do Jacuípe/BA;0,57;#FFCD00;Médio;0,67;#FF8300;Alto;;0,62;High
3163508;São José do Jacuri/MG;0,34;#A9DE00;Baixo;0,41;#FFCD00;Médio;;0,375;Low
3163607;São José do Mantimento/MG;0,31;#A9DE00;Baixo;0,37;#A9DE00;Baixo;;0,33999999999999997;Low
4318507;São José do Norte/RS;0,63;#FF8300;Alto;0,75;#FF8300;Alto;;0,69;High
4318606;São José do Ouro/RS;0,3;#A9DE00;Baixo;0,38;#A9DE00;Baixo;;0,33999999999999997;Low
2210102;São José do Peixe/PI;0,21;#A9DE00;Baixo;0,26;#A9DE00;Baixo;;0,235;Low
2210201;São José do Piauí/PI;0,16;#02C650;Muito baixo;0,22;#A9DE00;Baixo;;0,19;Very low
5107297;São José do Povo/MT;0,29;#A9DE00;Baixo;0,36;#A9DE00;Baixo;;0,32499999999999996;Low
5107305;São José do Rio Claro/MT;0,48;#FFCD00;Médio;0,56;#FFCD00;Médio;;0,52;Medium
3549706;São José do Rio Pardo/SP;0,53;#FFCD00;Médio;0,51;#FFCD00;Médio;;0,52;Medium
3549805;São José do Rio Preto/SP;0,53;#FFCD00;Médio;0,49;#FFCD00;Médio;;0,51;Medium
2514701;São José do Sabugi/PB;0,55;#FFCD00;Médio;0,58;#FFCD00;Médio;;0,565;Medium
4318622;São José dos Ausentes/RS;0,27;#A9DE00;Baixo;0,3;#A9DE00;Baixo;;0,28500000000000003;Low
2111250;São José dos Basílios/MA;0,4;#FFCD00;Médio;0,49;#FFCD00;Médio;;0,445;Medium
3549904;São José dos Campos/SP;0,62;#FF8300;Alto;0,0;#02C650;Muito baixo;;0,31;Low
2514800;São José dos Cordeiros/PB;0,59;#FFCD00;Médio;0,65;#FF8300;Alto;;0,62;High
2412401;São José do Seridó/RN;0,32;#A9DE00;Baixo;0,38;#A9DE00;Baixo;;0,35;Low
4125506;São José dos Pinhais/PR;0,34;#A9DE00;Baixo;0,27;#A9DE00;Baixo;;0,30500000000000005;Low
5107107;São José dos Quatro Marcos/MT;0,45;#FFCD00;Médio;0,49;#FFCD00;Médio;;0,47;Medium
2514453;São José dos Ramos/PB;0,42;#FFCD00;Médio;0,45;#FFCD00;Médio;;0,435;Medium
4318614;São José do Sul/RS;0,08;#02C650;Muito baixo;0,11;#02C650;Muito baixo;;0,095;Very low
3305158;São José do Vale do Rio Preto/RJ;0,38;#A9DE00;Baixo;0,35;#A9DE00;Baixo;;0,365;Low
5107354;São José do Xingu/MT;0,31;#A9DE00;Baixo;0,39;#A9DE00;Baixo;;0,35;Low
4216602;São José/SC;0,75;#FF8300;Alto;0,65;#FF8300;Alto;;0,7;High
2210300;São Julião/PI;0,28;#A9DE00;Baixo;0,35;#A9DE00;Baixo;;0,315;Low
4318705;São Leopoldo/RS;0,68;#FF8300;Alto;0,67;#FF8300;Alto;;0,675;High
2613701;São Lourenço da Mata/PE;0,92;#F40000;Muito alto;0,82;#F40000;Muito alto;;0,87;Very high
3549953;São Lourenço da Serra/SP;0,4;#FFCD00;Médio;0,53;#FFCD00;Médio;;0,465;Medium
4216909;São Lourenço do Oeste/SC;0,21;#A9DE00;Baixo;0,23;#A9DE00;Baixo;;0,22;Low
2210359;São Lourenço do Piauí/PI;0,26;#A9DE00;Baixo;0,32;#A9DE00;Baixo;;0,29000000000000004;Low
4318804;São Lourenço do Sul/RS;0,65;#FF8300;Alto;0,7;#FF8300;Alto;;0,675;High
3163706;São Lourenço/MG;0,79;#FF8300;Alto;0,68;#FF8300;Alto;;0,7350000000000001;High
4217006;São Ludgero/SC;0,18;#02C650;Muito baixo;0,3;#A9DE00;Baixo;;0,24;Low
5220108;São Luís de Montes Belos/GO;0,6;#FF8300;Alto;0,55;#FFCD00;Médio;;0,575;Medium
2312601;São Luís do Curu/CE;0,42;#FFCD00;Médio;0,48;#FFCD00;Médio;;0,44999999999999996;Medium
2210375;São Luis do Piauí/PI;0,27;#A9DE00;Baixo;0,34;#A9DE00;Baixo;;0,30500000000000005;Low
2708501;São Luís do Quitunde/AL;0,92;#F40000;Muito alto;0,87;#F40000;Muito alto;;0,895;Very high
2111409;São Luís Gonzaga do Maranhão/MA;0,46;#FFCD00;Médio;0,59;#FFCD00;Médio;;0,525;Medium
2111300;São Luís/MA;0,63;#FF8300;Alto;0,63;#FF8300;Alto;;0,63;High
5220157;São Luiz do Norte/GO;0,31;#A9DE00;Baixo;0,4;#FFCD00;Médio;;0,355;Low
3550001;São Luiz do Paraitinga/SP;0,31;#A9DE00;Baixo;0,29;#A9DE00;Baixo;;0,3;Low
4318903;São Luiz Gonzaga/RS;0,45;#FFCD00;Médio;0,48;#FFCD00;Médio;;0,46499999999999997;Medium
1400605;São Luiz/RR;0,29;#A9DE00;Baixo;0,43;#FFCD00;Médio;;0,36;Low
2514909;São Mamede/PB;0,39;#A9DE00;Baixo;0,48;#FFCD00;Médio;;0,435;Medium
4125555;São Manoel do Paraná/PR;0,06;#02C650;Muito baixo;0,21;#A9DE00;Baixo;;0,135;Very low
3550100;São Manuel/SP;0,25;#A9DE00;Baixo;0,36;#A9DE00;Baixo;;0,305;Low
4319000;São Marcos/RS;0,36;#A9DE00;Baixo;0,4;#FFCD00;Médio;;0,38;Low
4319125;São Martinho da Serra/RS;0,14;#02C650;Muito baixo;0,17;#02C650;Muito baixo;;0,15500000000000003;Very low
4319109;São Martinho/RS;0,28;#A9DE00;Baixo;0,33;#A9DE00;Baixo;;0,30500000000000005;Low
4217105;São Martinho/SC;0,04;#02C650;Muito baixo;0,09;#02C650;Muito baixo;;0,065;Very low
2111508;São Mateus do Maranhão/MA;0,78;#FF8300;Alto;0,89;#F40000;Muito alto;;0,835;Very high
4125605;São Mateus do Sul/PR;0,22;#A9DE00;Baixo;0,31;#A9DE00;Baixo;;0,265;Low
3204906;São Mateus/ES;0,49;#FFCD00;Médio;0,45;#FFCD00;Médio;;0,47;Medium
3550209;São Miguel Arcanjo/SP;0,46;#FFCD00;Médio;0,57;#FFCD00;Médio;;0,515;Medium
2210383;São Miguel da Baixa Grande/PI;0,44;#FFCD00;Médio;0,52;#FFCD00;Médio;;0,48;Medium
4217154;São Miguel da Boa Vista/SC;0,18;#02C650;Muito baixo;0,21;#A9DE00;Baixo;;0,195;Low
2929404;São Miguel das Matas/BA;0,73;#FF8300;Alto;0,91;#F40000;Muito alto;;0,8200000000000001;Very high
4319158;São Miguel das Missões/RS;0,27;#A9DE00;Baixo;0,33;#A9DE00;Baixo;;0,30000000000000004;Low
2515005;São Miguel de Taipu/PB;0,48;#FFCD00;Médio;0,56;#FFCD00;Médio;;0,52;Medium
2807006;São Miguel do Aleixo/SE;0,33;#A9DE00;Baixo;0,39;#A9DE00;Baixo;;0,36;Low
3163805;São Miguel do Anta/MG;0,49;#FFCD00;Médio;0,52;#FFCD00;Médio;;0,505;Medium
5220207;São Miguel do Araguaia/GO;0,51;#FFCD00;Médio;0,51;#FFCD00;Médio;;0,51;Medium
2210391;São Miguel do Fidalgo/PI;0,23;#A9DE00;Baixo;0,3;#A9DE00;Baixo;;0,265;Low
2412559;São Miguel do Gostoso/RN;0,29;#A9DE00;Baixo;0,28;#A9DE00;Baixo;;0,28500000000000003;Low
1507607;São Miguel do Guamá/PA;0,63;#FF8300;Alto;0,79;#FF8300;Alto;;0,71;High
1100320;São Miguel do Guaporé/RO;0,35;#A9DE00;Baixo;0,49;#FFCD00;Médio;;0,42;Medium
4125704;São Miguel do Iguaçu/PR;0,45;#FFCD00;Médio;0,39;#A9DE00;Baixo;;0,42000000000000004;Medium
4217204;São Miguel do Oeste/SC;0,11;#02C650;Muito baixo;0,0;#02C650;Muito baixo;;0,055;Very low
5220264;São Miguel do Passa Quatro/GO;0,29;#A9DE00;Baixo;0,33;#A9DE00;Baixo;;0,31;Low
2708600;São Miguel dos Campos/AL;0,68;#FF8300;Alto;0,64;#FF8300;Alto;;0,66;High
2708709;São Miguel dos Milagres/AL;0,26;#A9DE00;Baixo;0,41;#FFCD00;Médio;;0,33499999999999996;Low
2210409;São Miguel do Tapuio/PI;0,42;#FFCD00;Médio;0,51;#FFCD00;Médio;;0,46499999999999997;Medium
1720200;São Miguel do Tocantins/TO;0,16;#02C650;Muito baixo;0,43;#FFCD00;Médio;;0,295;Low
2412500;São Miguel/RN;0,48;#FFCD00;Médio;0,58;#FFCD00;Médio;;0,53;Medium
4319208;São Nicolau/RS;0,21;#A9DE00;Baixo;0,33;#A9DE00;Baixo;;0,27;Low
5220280;São Patrício/GO;0,36;#A9DE00;Baixo;0,42;#FFCD00;Médio;;0,39;Low
4319307;São Paulo das Missões/RS;0,18;#02C650;Muito baixo;0,22;#A9DE00;Baixo;;0,2;Low
1303908;São Paulo de Olivença/AM;0,67;#FF8300;Alto;0,75;#FF8300;Alto;;0,71;High
2412609;São Paulo do Potengi/RN;0,59;#FFCD00;Médio;0,6;#FF8300;Alto;;0,595;High
3550308;São Paulo/SP;0,55;#FFCD00;Médio;0,3;#A9DE00;Baixo;;0,42500000000000004;Medium
2111532;São Pedro da Água Branca/MA;0,65;#FF8300;Alto;0,78;#FF8300;Alto;;0,7150000000000001;High
3305208;São Pedro da Aldeia/RJ;0,64;#FF8300;Alto;0,71;#FF8300;Alto;;0,675;High
5107404;São Pedro da Cipa/MT;0,47;#FFCD00;Médio;0,52;#FFCD00;Médio;;0,495;Medium
4319356;São Pedro da Serra/RS;0,06;#02C650;Muito baixo;0,13;#02C650;Muito baixo;;0,095;Very low
4319364;São Pedro das Missões/RS;0,12;#02C650;Muito baixo;0,17;#02C650;Muito baixo;;0,14500000000000002;Very low
3163904;São Pedro da União/MG;0,5;#FFCD00;Médio;0,48;#FFCD00;Médio;;0,49;Medium
4217253;São Pedro de Alcântara/SC;0,36;#A9DE00;Baixo;0,42;#FFCD00;Médio;;0,39;Low
4319372;São Pedro do Butiá/RS;0,12;#02C650;Muito baixo;0,19;#02C650;Muito baixo;;0,155;Very low
4125753;São Pedro do Iguaçu/PR;0,23;#A9DE00;Baixo;0,33;#A9DE00;Baixo;;0,28;Low
4125803;São Pedro do Ivaí/PR;0,23;#A9DE00;Baixo;0,38;#A9DE00;Baixo;;0,305;Low
4125902;São Pedro do Paraná/PR;0,17;#02C650;Muito baixo;0,2;#A9DE00;Baixo;;0,185;Very low
2210508;São Pedro do Piauí/PI;0,26;#A9DE00;Baixo;0,37;#A9DE00;Baixo;;0,315;Low
2111573;São Pedro dos Crentes/MA;0,4;#FFCD00;Médio;0,45;#FFCD00;Médio;;0,42500000000000004;Medium
3164001;São Pedro dos Ferros/MG;0,72;#FF8300;Alto;0,72;#FF8300;Alto;;0,72;High
3164100;São Pedro do Suaçuí/MG;0,28;#A9DE00;Baixo;0,3;#A9DE00;Baixo;;0,29000000000000004;Low
4319406;São Pedro do Sul/RS;0,37;#A9DE00;Baixo;0,58;#FFCD00;Médio;;0,475;Medium
3550506;São Pedro do Turvo/SP;0,31;#A9DE00;Baixo;0,41;#FFCD00;Médio;;0,36;Low
2412708;São Pedro/RN;0,51;#FFCD00;Médio;0,61;#FF8300;Alto;;0,56;Medium
3550407;São Pedro/SP;0,39;#A9DE00;Baixo;0,57;#FFCD00;Médio;;0,48;Medium
2412807;São Rafael/RN;0,41;#FFCD00;Médio;0,46;#FFCD00;Médio;;0,435;Medium
2111607;São Raimundo das Mangabeiras/MA;0,4;#FFCD00;Médio;0,54;#FFCD00;Médio;;0,47000000000000003;Medium
2111631;São Raimundo do Doca Bezerra/MA;0,26;#A9DE00;Baixo;0,3;#A9DE00;Baixo;;0,28;Low
2210607;São Raimundo Nonato/PI;0,32;#A9DE00;Baixo;0,51;#FFCD00;Médio;;0,41500000000000004;Medium
2111672;São Roberto/MA;0,34;#A9DE00;Baixo;0,39;#A9DE00;Baixo;;0,365;Low
3164209;São Romão/MG;0,35;#A9DE00;Baixo;0,49;#FFCD00;Médio;;0,42;Medium
3164308;São Roque de Minas/MG;0,48;#FFCD00;Médio;0,53;#FFCD00;Médio;;0,505;Medium
3204955;São Roque do Canaã/ES;0,3;#A9DE00;Baixo;0,31;#A9DE00;Baixo;;0,305;Low
3550605;São Roque/SP;0,43;#FFCD00;Médio;0,42;#FFCD00;Médio;;0,425;Medium
1720259;São Salvador do Tocantins/TO;0,27;#A9DE00;Baixo;0,32;#A9DE00;Baixo;;0,29500000000000004;Low
2708808;São Sebastião/AL;0,24;#A9DE00;Baixo;0,29;#A9DE00;Baixo;;0,265;Low
4126009;São Sebastião da Amoreira/PR;0,41;#FFCD00;Médio;0,47;#FFCD00;Médio;;0,43999999999999995;Medium
3164407;São Sebastião da Bela Vista/MG;0,25;#A9DE00;Baixo;0,38;#A9DE00;Baixo;;0,315;Low
1507706;São Sebastião da Boa Vista/PA;0,71;#FF8300;Alto;0,97;#F40000;Muito alto;;0,84;Very high
3550803;São Sebastião da Grama/SP;0,6;#FF8300;Alto;0,47;#FFCD00;Médio;;0,5349999999999999;Medium
3164431;São Sebastião da Vargem Alegre/MG;0,44;#FFCD00;Médio;0,5;#FFCD00;Médio;;0,47;Medium
2515104;São Sebastião de Lagoa de Roça/PB;0,59;#FFCD00;Médio;0,68;#FF8300;Alto;;0,635;High
3305307;São Sebastião do Alto/RJ;0,5;#FFCD00;Médio;0,49;#FFCD00;Médio;;0,495;Medium
3164472;São Sebastião do Anta/MG;0,51;#FFCD00;Médio;0,56;#FFCD00;Médio;;0,535;Medium
4319505;São Sebastião do Caí/RS;0,53;#FFCD00;Médio;0,53;#FFCD00;Médio;;0,53;Medium
3164506;São Sebastião do Maranhão/MG;0,4;#FFCD00;Médio;0,49;#FFCD00;Médio;;0,445;Medium
3164605;São Sebastião do Oeste/MG;0,44;#FFCD00;Médio;0,45;#FFCD00;Médio;;0,445;Medium
3164704;São Sebastião do Paraíso/MG;0,66;#FF8300;Alto;0,53;#FFCD00;Médio;;0,595;High
2929503;São Sebastião do Passé/BA;0,91;#F40000;Muito alto;0,86;#F40000;Muito alto;;0,885;Very high
3164803;São Sebastião do Rio Preto/MG;0,3;#A9DE00;Baixo;0,32;#A9DE00;Baixo;;0,31;Low
3164902;São Sebastião do Rio Verde/MG;0,28;#A9DE00;Baixo;0,34;#A9DE00;Baixo;;0,31000000000000005;Low
1720309;São Sebastião do Tocantins/TO;0,53;#FFCD00;Médio;0,68;#FF8300;Alto;;0,605;High
1303957;São Sebastião do Uatumã/AM;0,64;#FF8300;Alto;0,64;#FF8300;Alto;;0,64;High
2515203;São Sebastião do Umbuzeiro/PB;0,38;#A9DE00;Baixo;0,44;#FFCD00;Médio;;0,41000000000000003;Medium
3550704;São Sebastião/SP;0,44;#FFCD00;Médio;0,49;#FFCD00;Médio;;0,46499999999999997;Medium
4319604;São Sepé/RS;0,45;#FFCD00;Médio;0,6;#FF8300;Alto;;0,525;Medium
5220405;São Simão/GO;0,29;#A9DE00;Baixo;0,41;#FFCD00;Médio;;0,35;Low
3550902;São Simão/SP;0,67;#FF8300;Alto;0,63;#FF8300;Alto;;0,65;High
3165008;São Tiago/MG;0,59;#FFCD00;Médio;0,67;#FF8300;Alto;;0,63;High
3165107;São Tomás de Aquino/MG;0,52;#FFCD00;Médio;0,57;#FFCD00;Médio;;0,5449999999999999;Medium
3165206;São Tomé das Letras/MG;0,8;#F40000;Muito alto;0,59;#FFCD00;Médio;;0,6950000000000001;High
4126108;São Tomé/PR;0,36;#A9DE00;Baixo;0,5;#FFCD00;Médio;;0,43;Medium
2412906;São Tomé/RN;0,53;#FFCD00;Médio;0,58;#FFCD00;Médio;;0,5549999999999999;Medium
4319711;São Valentim do Sul/RS;0,01;#02C650;Muito baixo;0,0;#02C650;Muito baixo;;0,005;Very low
4319703;São Valentim/RS;0,28;#A9DE00;Baixo;0,34;#A9DE00;Baixo;;0,31000000000000005;Low
4319737;São Valério do Sul/RS;0,05;#02C650;Muito baixo;0,08;#02C650;Muito baixo;;0,065;Very low
1720499;São Valério/TO;0,32;#A9DE00;Baixo;0,39;#A9DE00;Baixo;;0,355;Low
4319752;São Vendelino/RS;0,03;#02C650;Muito baixo;0,05;#02C650;Muito baixo;;0,04;Very low
3165305;São Vicente de Minas/MG;0,44;#FFCD00;Médio;0,49;#FFCD00;Médio;;0,46499999999999997;Medium
2515401;São Vicente do Seridó/PB;0,41;#FFCD00;Médio;0,47;#FFCD00;Médio;;0,43999999999999995;Medium
4319802;São Vicente do Sul/RS;0,35;#A9DE00;Baixo;0,4;#FFCD00;Médio;;0,375;Low
2111706;São Vicente Ferrer/MA;0,36;#A9DE00;Baixo;0,42;#FFCD00;Médio;;0,39;Low
2613800;São Vicente Férrer/PE;0,69;#FF8300;Alto;0,79;#FF8300;Alto;;0,74;High
2413003;São Vicente/RN;0,54;#FFCD00;Médio;0,59;#FFCD00;Médio;;0,565;Medium
3551009;São Vicente/SP;0,82;#F40000;Muito alto;0,6;#FF8300;Alto;;0,71;High
2929602;Sapeaçu/BA;0,43;#FFCD00;Médio;0,59;#FFCD00;Médio;;0,51;Medium
2515302;Sapé/PB;0,98;#F40000;Muito alto;0,92;#F40000;Muito alto;;0,95;Very high
5107875;Sapezal/MT;0,27;#A9DE00;Baixo;0,43;#FFCD00;Médio;;0,35;Low
4319901;Sapiranga/RS;0,54;#FFCD00;Médio;0,6;#FF8300;Alto;;0,5700000000000001;Medium
4126207;Sapopema/PR;0,15;#02C650;Muito baixo;0,22;#A9DE00;Baixo;;0,185;Very low
4320008;Sapucaia do Sul/RS;0,79;#FF8300;Alto;0,71;#FF8300;Alto;;0,75;High
1507755;Sapucaia/PA;0,45;#FFCD00;Médio;0,5;#FFCD00;Médio;;0,475;Medium
3305406;Sapucaia/RJ;0,64;#FF8300;Alto;0,67;#FF8300;Alto;;0,655;High
3165404;Sapucaí-Mirim/MG;0,28;#A9DE00;Baixo;0,33;#A9DE00;Baixo;;0,30500000000000005;Low
3305505;Saquarema/RJ;0,3;#A9DE00;Baixo;0,42;#FFCD00;Médio;;0,36;Low
4126256;Sarandi/PR;0,61;#FF8300;Alto;0,7;#FF8300;Alto;;0,655;High
4320107;Sarandi/RS;0,48;#FFCD00;Médio;0,6;#FF8300;Alto;;0,54;Medium
3551108;Sarapuí/SP;0,11;#02C650;Muito baixo;0,23;#A9DE00;Baixo;;0,17;Very low
3165503;Sardoá/MG;0,43;#FFCD00;Médio;0,45;#FFCD00;Médio;;0,44;Medium
3551207;Sarutaiá/SP;0,38;#A9DE00;Baixo;0,53;#FFCD00;Médio;;0,455;Medium
3165537;Sarzedo/MG;0,78;#FF8300;Alto;0,59;#FFCD00;Médio;;0,685;High
2929701;Sátiro Dias/BA;0,24;#A9DE00;Baixo;0,31;#A9DE00;Baixo;;0,275;Low
2708907;Satuba/AL;0,84;#F40000;Muito alto;0,75;#FF8300;Alto;;0,7949999999999999;Very high
2111722;Satubinha/MA;0,51;#FFCD00;Médio;0,73;#FF8300;Alto;;0,62;High
2929750;Saubara/BA;0,42;#FFCD00;Médio;0,42;#FFCD00;Médio;;0,42;Medium
4126272;Saudade do Iguaçu/PR;0,13;#02C650;Muito baixo;0,19;#02C650;Muito baixo;;0,16;Very low
4217303;Saudades/SC;0,47;#FFCD00;Médio;0,32;#A9DE00;Baixo;;0,395;Medium
2929800;Saúde/BA;0,49;#FFCD00;Médio;0,55;#FFCD00;Médio;;0,52;Medium
4217402;Schroeder/SC;0,27;#A9DE00;Baixo;0,35;#A9DE00;Baixo;;0,31;Low
2929909;Seabra/BA;0,42;#FFCD00;Médio;0,59;#FFCD00;Médio;;0,505;Medium
4217501;Seara/SC;0,24;#A9DE00;Baixo;0,27;#A9DE00;Baixo;;0,255;Low
3551306;Sebastianópolis do Sul/SP;0,19;#02C650;Muito baixo;0,26;#A9DE00;Baixo;;0,225;Low
2210623;Sebastião Barros/PI;0,33;#A9DE00;Baixo;0,38;#A9DE00;Baixo;;0,355;Low
2930006;Sebastião Laranjeiras/BA;0,26;#A9DE00;Baixo;0,31;#A9DE00;Baixo;;0,28500000000000003;Low
2210631;Sebastião Leal/PI;0,28;#A9DE00;Baixo;0,37;#A9DE00;Baixo;;0,325;Low
4320206;Seberi/RS;0,34;#A9DE00;Baixo;0,4;#FFCD00;Médio;;0,37;Low
4320230;Sede Nova/RS;0,24;#A9DE00;Baixo;0,33;#A9DE00;Baixo;;0,28500000000000003;Low
4320263;Segredo/RS;0,23;#A9DE00;Baixo;0,28;#A9DE00;Baixo;;0,255;Low
4320305;Selbach/RS;0,19;#02C650;Muito baixo;0,26;#A9DE00;Baixo;;0,225;Low
5007802;Selvíria/MS;0,26;#A9DE00;Baixo;0,36;#A9DE00;Baixo;;0,31;Low
3165560;Sem-Peixe/MG;0,45;#FFCD00;Médio;0,45;#FFCD00;Médio;;0,45;Medium
2111748;Senador Alexandre Costa/MA;0,41;#FFCD00;Médio;0,47;#FFCD00;Médio;;0,43999999999999995;Medium
3165578;Senador Amaral/MG;0,36;#A9DE00;Baixo;0,42;#FFCD00;Médio;;0,39;Low
5220454;Senador Canedo/GO;0,6;#FF8300;Alto;0,56;#FFCD00;Médio;;0,5800000000000001;Medium
3165602;Senador Cortes/MG;0,49;#FFCD00;Médio;0,56;#FFCD00;Médio;;0,525;Medium
2413102;Senador Elói de Souza/RN;0,5;#FFCD00;Médio;0,57;#FFCD00;Médio;;0,5349999999999999;Medium
3165701;Senador Firmino/MG;0,27;#A9DE00;Baixo;0,33;#A9DE00;Baixo;;0,30000000000000004;Low
2413201;Senador Georgino Avelino/RN;0,48;#FFCD00;Médio;0,53;#FFCD00;Médio;;0,505;Medium
1200450;Senador Guiomard/AC;0,45;#FFCD00;Médio;0,74;#FF8300;Alto;;0,595;High
3165800;Senador José Bento/MG;0,4;#FFCD00;Médio;0,47;#FFCD00;Médio;;0,435;Medium
1507805;Senador José Porfírio/PA;0,66;#FF8300;Alto;0,74;#FF8300;Alto;;0,7;High
2111763;Senador La Rocque/MA;0,36;#A9DE00;Baixo;0,56;#FFCD00;Médio;;0,46;Medium
3165909;Senador Modestino Gonçalves/MG;0,42;#FFCD00;Médio;0,51;#FFCD00;Médio;;0,46499999999999997;Medium
2312700;Senador Pompeu/CE;0,84;#F40000;Muito alto;0,96;#F40000;Muito alto;;0,8999999999999999;Very high
2708956;Senador Rui Palmeira/AL;0,4;#FFCD00;Médio;0,46;#FFCD00;Médio;;0,43000000000000005;Medium
2312809;Senador Sá/CE;0,55;#FFCD00;Médio;0,62;#FF8300;Alto;;0,585;Medium
4320321;Senador Salgado Filho/RS;0,09;#02C650;Muito baixo;0,14;#02C650;Muito baixo;;0,115;Very low
1200500;Sena Madureira/AC;0,46;#FFCD00;Médio;0,73;#FF8300;Alto;;0,595;High
4126306;Sengés/PR;0,59;#FFCD00;Médio;0,59;#FFCD00;Médio;;0,59;Medium
3166006;Senhora de Oliveira/MG;0,52;#FFCD00;Médio;0,32;#A9DE00;Baixo;;0,42000000000000004;Medium
3166105;Senhora do Porto/MG;0,4;#FFCD00;Médio;0,48;#FFCD00;Médio;;0,44;Medium
3166204;Senhora dos Remédios/MG;0,22;#A9DE00;Baixo;0,28;#A9DE00;Baixo;;0,25;Low
2930105;Senhor do Bonfim/BA;0,78;#FF8300;Alto;0,74;#FF8300;Alto;;0,76;High
4320354;Sentinela do Sul/RS;0,22;#A9DE00;Baixo;0,28;#A9DE00;Baixo;;0,25;Low
2930204;Sento Sé/BA;0,54;#FFCD00;Médio;0,7;#FF8300;Alto;;0,62;High
4320404;Serafina Corrêa/RS;0,32;#A9DE00;Baixo;0,42;#FFCD00;Médio;;0,37;Low
3166303;Sericita/MG;0,67;#FF8300;Alto;0,73;#FF8300;Alto;;0,7;High
1101500;Seringueiras/RO;0,33;#A9DE00;Baixo;0,48;#FFCD00;Médio;;0,405;Medium
4320453;Sério/RS;0,07;#02C650;Muito baixo;0,08;#02C650;Muito baixo;;0,07500000000000001;Very low
3166402;Seritinga/MG;0,46;#FFCD00;Médio;0,48;#FFCD00;Médio;;0,47;Medium
3305554;Seropédica/RJ;0,65;#FF8300;Alto;0,66;#FF8300;Alto;;0,655;High
4217550;Serra Alta/SC;0,12;#02C650;Muito baixo;0,12;#02C650;Muito baixo;;0,12;Very low
3166501;Serra Azul de Minas/MG;0,53;#FFCD00;Médio;0,59;#FFCD00;Médio;;0,56;Medium
3551405;Serra Azul/SP;0,52;#FFCD00;Médio;0,64;#FF8300;Alto;;0,5800000000000001;Medium
2515500;Serra Branca/PB;0,61;#FF8300;Alto;0,57;#FFCD00;Médio;;0,59;Medium
2410306;Serra Caiada/RN;0,35;#A9DE00;Baixo;0,41;#FFCD00;Médio;;0,38;Low
2515609;Serra da Raiz/PB;0,45;#FFCD00;Médio;0,5;#FFCD00;Médio;;0,475;Medium
3166600;Serra da Saudade/MG;0,38;#A9DE00;Baixo;0,44;#FFCD00;Médio;;0,41000000000000003;Medium
2413300;Serra de São Bento/RN;0,5;#FFCD00;Médio;0,54;#FFCD00;Médio;;0,52;Medium
2413359;Serra do Mel/RN;0,03;#02C650;Muito baixo;0,04;#02C650;Muito baixo;;0,035;Very low
1600055;Serra do Navio/AP;0,41;#FFCD00;Médio;0,38;#A9DE00;Baixo;;0,395;Medium
2930154;Serra do Ramalho/BA;0,05;#02C650;Muito baixo;0,13;#02C650;Muito baixo;;0,09;Very low
3166709;Serra dos Aimorés/MG;0,65;#FF8300;Alto;0,88;#F40000;Muito alto;;0,765;High
3166808;Serra do Salitre/MG;0,36;#A9DE00;Baixo;0,37;#A9DE00;Baixo;;0,365;Low
2930303;Serra Dourada/BA;0,48;#FFCD00;Médio;0,57;#FFCD00;Médio;;0,5249999999999999;Medium
3205002;Serra/ES;0,67;#FF8300;Alto;0,59;#FFCD00;Médio;;0,63;High
2515708;Serra Grande/PB;0,58;#FFCD00;Médio;0,63;#FF8300;Alto;;0,605;High
3551504;Serrana/SP;0,77;#FF8300;Alto;0,82;#F40000;Muito alto;;0,7949999999999999;Very high
2413409;Serra Negra do Norte/RN;0,71;#FF8300;Alto;0,9;#F40000;Muito alto;;0,8049999999999999;Very high
3551603;Serra Negra/SP;0,4;#FFCD00;Médio;0,47;#FFCD00;Médio;;0,435;Medium
3166907;Serrania/MG;0,33;#A9DE00;Baixo;0,42;#FFCD00;Médio;;0,375;Low
2111789;Serrano do Maranhão/MA;0,59;#FFCD00;Médio;0,67;#FF8300;Alto;;0,63;High
3166956;Serranópolis de Minas/MG;0,42;#FFCD00;Médio;0,48;#FFCD00;Médio;;0,44999999999999996;Medium
4126355;Serranópolis do Iguaçu/PR;0,11;#02C650;Muito baixo;0,21;#A9DE00;Baixo;;0,16;Very low
5220504;Serranópolis/GO;0,69;#FF8300;Alto;0,72;#FF8300;Alto;;0,705;High
3167004;Serranos/MG;0,62;#FF8300;Alto;0,64;#FF8300;Alto;;0,63;High
5107883;Serra Nova Dourada/MT;0,21;#A9DE00;Baixo;0,25;#A9DE00;Baixo;;0,22999999999999998;Low
2930402;Serra Preta/BA;0,57;#FFCD00;Médio;0,58;#FFCD00;Médio;;0,575;Medium
2515807;Serra Redonda/PB;0,55;#FFCD00;Médio;0,6;#FF8300;Alto;;0,575;Medium
2515906;Serraria/PB;0,79;#FF8300;Alto;0,74;#FF8300;Alto;;0,765;High
2613909;Serra Talhada/PE;0,83;#F40000;Muito alto;0,73;#FF8300;Alto;;0,78;High
2930501;Serrinha/BA;0,55;#FFCD00;Médio;0,63;#FF8300;Alto;;0,5900000000000001;High
2413557;Serrinha dos Pintos/RN;0,4;#FFCD00;Médio;0,44;#FFCD00;Médio;;0,42000000000000004;Medium
2413508;Serrinha/RN;0,69;#FF8300;Alto;0,73;#FF8300;Alto;;0,71;High
2614006;Serrita/PE;0,63;#FF8300;Alto;0,75;#FF8300;Alto;;0,69;High
2930600;Serrolândia/BA;0,31;#A9DE00;Baixo;0,37;#A9DE00;Baixo;;0,33999999999999997;Low
3167103;Serro/MG;0,38;#A9DE00;Baixo;0,5;#FFCD00;Médio;;0,44;Medium
4126405;Sertaneja/PR;0,18;#02C650;Muito baixo;0,21;#A9DE00;Baixo;;0,195;Low
2614105;Sertânia/PE;0,89;#F40000;Muito alto;0,81;#F40000;Muito alto;;0,8500000000000001;Very high
4126504;Sertanópolis/PR;0,27;#A9DE00;Baixo;0,28;#A9DE00;Baixo;;0,275;Low
4320503;Sertão/RS;0,3;#A9DE00;Baixo;0,4;#FFCD00;Médio;;0,35;Low
4320552;Sertão Santana/RS;0,04;#02C650;Muito baixo;0,08;#02C650;Muito baixo;;0,06;Very low
2515930;Sertãozinho/PB;0,44;#FFCD00;Médio;0,5;#FFCD00;Médio;;0,47;Medium
3551702;Sertãozinho/SP;0,57;#FFCD00;Médio;0,63;#FF8300;Alto;;0,6;High
3551801;Sete Barras/SP;0,49;#FFCD00;Médio;0,58;#FFCD00;Médio;;0,5349999999999999;Medium
4320578;Sete de Setembro/RS;0,1;#02C650;Muito baixo;0,18;#02C650;Muito baixo;;0,14;Very low
3167202;Sete Lagoas/MG;0,66;#FF8300;Alto;0,62;#FF8300;Alto;;0,64;High
5007703;Sete Quedas/MS;0,47;#FFCD00;Médio;0,55;#FFCD00;Médio;;0,51;Medium
3165552;Setubinha/MG;0,29;#A9DE00;Baixo;0,4;#FFCD00;Médio;;0,345;Low
4320602;Severiano de Almeida/RS;0,32;#A9DE00;Baixo;0,32;#A9DE00;Baixo;;0,32;Low
2413607;Severiano Melo/RN;0,29;#A9DE00;Baixo;0,44;#FFCD00;Médio;;0,365;Low
3551900;Severínia/SP;0,53;#FFCD00;Médio;0,64;#FF8300;Alto;;0,585;Medium
4217600;Siderópolis/SC;0,48;#FFCD00;Médio;0,41;#FFCD00;Médio;;0,44499999999999995;Medium
5007901;Sidrolândia/MS;0,34;#A9DE00;Baixo;0,51;#FFCD00;Médio;;0,42500000000000004;Medium
2210656;Sigefredo Pacheco/PI;0,17;#02C650;Muito baixo;0,26;#A9DE00;Baixo;;0,21500000000000002;Low
3305604;Silva Jardim/RJ;0,61;#FF8300;Alto;0,57;#FFCD00;Médio;;0,59;Medium
5220603;Silvânia/GO;0,54;#FFCD00;Médio;0,52;#FFCD00;Médio;;0,53;Medium
1720655;Silvanópolis/TO;0,29;#A9DE00;Baixo;0,39;#A9DE00;Baixo;;0,33999999999999997;Low
4320651;Silveira Martins/RS;0,09;#02C650;Muito baixo;0,14;#02C650;Muito baixo;;0,115;Very low
3167301;Silveirânia/MG;0,39;#A9DE00;Baixo;0,41;#FFCD00;Médio;;0,4;Medium
3552007;Silveiras/SP;0,18;#02C650;Muito baixo;0,24;#A9DE00;Baixo;;0,21;Low
1304005;Silves/AM;0,59;#FFCD00;Médio;0,78;#FF8300;Alto;;0,685;High
3167400;Silvianópolis/MG;0,5;#FFCD00;Médio;0,64;#FF8300;Alto;;0,5700000000000001;Medium
2807105;Simão Dias/SE;0,53;#FFCD00;Médio;0,51;#FFCD00;Médio;;0,52;Medium
3167509;Simão Pereira/MG;0,17;#02C650;Muito baixo;0,2;#A9DE00;Baixo;;0,185;Very low
2930709;Simões Filho/BA;0,78;#FF8300;Alto;0,69;#FF8300;Alto;;0,735;High
2210706;Simões/PI;0,52;#FFCD00;Médio;0,58;#FFCD00;Médio;;0,55;Medium
5220686;Simolândia/GO;0,41;#FFCD00;Médio;0,48;#FFCD00;Médio;;0,44499999999999995;Medium
3167608;Simonésia/MG;0,51;#FFCD00;Médio;0,61;#FF8300;Alto;;0,56;Medium
2210805;Simplício Mendes/PI;0,51;#FFCD00;Médio;0,64;#FF8300;Alto;;0,575;Medium
4320677;Sinimbu/RS;0,04;#02C650;Muito baixo;0,06;#02C650;Muito baixo;;0,05;Very low
5107909;Sinop/MT;0,13;#02C650;Muito baixo;0,26;#A9DE00;Baixo;;0,195;Low
4126603;Siqueira Campos/PR;0,33;#A9DE00;Baixo;0,5;#FFCD00;Médio;;0,41500000000000004;Medium
2614204;Sirinhaém/PE;0,89;#F40000;Muito alto;0,62;#FF8300;Alto;;0,755;High
2807204;Siriri/SE;0,32;#A9DE00;Baixo;0,5;#FFCD00;Médio;;0,41000000000000003;Medium
5220702;Sítio d'Abadia/GO;0,24;#A9DE00;Baixo;0,31;#A9DE00;Baixo;;0,275;Low
2930758;Sítio do Mato/BA;0,31;#A9DE00;Baixo;0,37;#A9DE00;Baixo;;0,33999999999999997;Low
2930766;Sítio do Quinto/BA;0,31;#A9DE00;Baixo;0,37;#A9DE00;Baixo;;0,33999999999999997;Low
1720804;Sítio Novo do Tocantins/TO;0,27;#A9DE00;Baixo;0,39;#A9DE00;Baixo;;0,33;Low
2111805;Sítio Novo/MA;0,35;#A9DE00;Baixo;0,4;#FFCD00;Médio;;0,375;Low
2413706;Sítio Novo/RN;0,43;#FFCD00;Médio;0,53;#FFCD00;Médio;;0,48;Medium
2930774;Sobradinho/BA;0,64;#FF8300;Alto;0,83;#F40000;Muito alto;;0,735;High
4320701;Sobradinho/RS;0,52;#FFCD00;Médio;0,52;#FFCD00;Médio;;0,52;Medium
2515971;Sobrado/PB;0,4;#FFCD00;Médio;0,45;#FFCD00;Médio;;0,42500000000000004;Medium
2312908;Sobral/CE;0,54;#FFCD00;Médio;0,53;#FFCD00;Médio;;0,535;Medium
3167707;Sobrália/MG;0,56;#FFCD00;Médio;0,66;#FF8300;Alto;;0,6100000000000001;High
2210904;Socorro do Piauí/PI;0,35;#A9DE00;Baixo;0,43;#FFCD00;Médio;;0,39;Low
3552106;Socorro/SP;0,3;#A9DE00;Baixo;0,35;#A9DE00;Baixo;;0,32499999999999996;Low
2516003;Solânea/PB;0,72;#FF8300;Alto;0,82;#F40000;Muito alto;;0,77;High
3167806;Soledade de Minas/MG;0,7;#FF8300;Alto;0,58;#FFCD00;Médio;;0,6399999999999999;High
2516102;Soledade/PB;0,65;#FF8300;Alto;0,74;#FF8300;Alto;;0,6950000000000001;High
4320800;Soledade/RS;0,37;#A9DE00;Baixo;0,44;#FFCD00;Médio;;0,405;Medium
2614402;Solidão/PE;0,49;#FFCD00;Médio;0,62;#FF8300;Alto;;0,5549999999999999;Medium
2313005;Solonópole/CE;0,64;#FF8300;Alto;0,74;#FF8300;Alto;;0,69;High
4217709;Sombrio/SC;0,44;#FFCD00;Médio;0,34;#A9DE00;Baixo;;0,39;Low
5007935;Sonora/MS;0,53;#FFCD00;Médio;0,65;#FF8300;Alto;;0,5900000000000001;High
3205010;Sooretama/ES;0,88;#F40000;Muito alto;0,68;#FF8300;Alto;;0,78;High
3552205;Sorocaba/SP;0,61;#FF8300;Alto;0,24;#A9DE00;Baixo;;0,425;Medium
5107925;Sorriso/MT;0,19;#02C650;Muito baixo;0,25;#A9DE00;Baixo;;0,22;Low
2516151;Sossêgo/PB;0,35;#A9DE00;Baixo;0,41;#FFCD00;Médio;;0,38;Low
1507904;Soure/PA;0,57;#FFCD00;Médio;0,67;#FF8300;Alto;;0,62;High
2516201;Sousa/PB;0,65;#FF8300;Alto;0,74;#FF8300;Alto;;0,6950000000000001;High
2930808;Souto Soares/BA;0,16;#02C650;Muito baixo;0,21;#A9DE00;Baixo;;0,185;Very low
2111904;Sucupira do Norte/MA;0,4;#FFCD00;Médio;0,47;#FFCD00;Médio;;0,435;Medium
2111953;Sucupira do Riachão/MA;0,35;#A9DE00;Baixo;0,44;#FFCD00;Médio;;0,395;Medium
1720853;Sucupira/TO;0,3;#A9DE00;Baixo;0,36;#A9DE00;Baixo;;0,32999999999999996;Low
3552304;Sud Mennucci/SP;0,31;#A9DE00;Baixo;0,44;#FFCD00;Médio;;0,375;Low
4217758;Sul Brasil/SC;0,22;#A9DE00;Baixo;0,27;#A9DE00;Baixo;;0,245;Low
4126652;Sulina/PR;0,12;#02C650;Muito baixo;0,28;#A9DE00;Baixo;;0,2;Low
3552403;Sumaré/SP;0,51;#FFCD00;Médio;0,67;#FF8300;Alto;;0,5900000000000001;High
2516300;Sumé/PB;0,7;#FF8300;Alto;0,67;#FF8300;Alto;;0,685;High
3305703;Sumidouro/RJ;0,38;#A9DE00;Baixo;0,39;#A9DE00;Baixo;;0,385;Low
2614501;Surubim/PE;0,63;#FF8300;Alto;0,72;#FF8300;Alto;;0,675;High
2210938;Sussuapara/PI;0,34;#A9DE00;Baixo;0,44;#FFCD00;Médio;;0,39;Low
3552551;Suzanápolis/SP;0,29;#A9DE00;Baixo;0,39;#A9DE00;Baixo;;0,33999999999999997;Low
3552502;Suzano/SP;0,67;#FF8300;Alto;0,5;#FFCD00;Médio;;0,585;Medium
4320859;Tabaí/RS;0,06;#02C650;Muito baixo;0,09;#02C650;Muito baixo;;0,075;Very low
5107941;Tabaporã/MT;0,16;#02C650;Muito baixo;0,2;#A9DE00;Baixo;;0,18;Very low
3552601;Tabapuã/SP;0,3;#A9DE00;Baixo;0,46;#FFCD00;Médio;;0,38;Low
1304062;Tabatinga/AM;0,69;#FF8300;Alto;0,79;#FF8300;Alto;;0,74;High
3552700;Tabatinga/SP;0,41;#FFCD00;Médio;0,51;#FFCD00;Médio;;0,45999999999999996;Medium
2614600;Tabira/PE;0,71;#FF8300;Alto;0,84;#F40000;Muito alto;;0,7749999999999999;High
3552809;Taboão da Serra/SP;0,68;#FF8300;Alto;0,45;#FFCD00;Médio;;0,5650000000000001;Medium
1708254;Tabocão/TO;0,25;#A9DE00;Baixo;0,3;#A9DE00;Baixo;;0,275;Low
2930907;Tabocas do Brejo Velho/BA;0,35;#A9DE00;Baixo;0,48;#FFCD00;Médio;;0,415;Medium
2413805;Taboleiro Grande/RN;0,44;#FFCD00;Médio;0,49;#FFCD00;Médio;;0,46499999999999997;Medium
2313104;Tabuleiro do Norte/CE;0,57;#FFCD00;Médio;0,75;#FF8300;Alto;;0,6599999999999999;High
3167905;Tabuleiro/MG;0,37;#A9DE00;Baixo;0,4;#FFCD00;Médio;;0,385;Low
2614709;Tacaimbó/PE;0,33;#A9DE00;Baixo;0,38;#A9DE00;Baixo;;0,355;Low
2614808;Tacaratu/PE;0,6;#FF8300;Alto;0,55;#FFCD00;Médio;;0,575;Medium
3552908;Taciba/SP;0,38;#A9DE00;Baixo;0,44;#FFCD00;Médio;;0,41000000000000003;Medium
2516409;Tacima/PB;0,79;#FF8300;Alto;0,89;#F40000;Muito alto;;0,8400000000000001;Very high
5007950;Tacuru/MS;0,39;#A9DE00;Baixo;0,49;#FFCD00;Médio;;0,44;Medium
3553005;Taguaí/SP;0,56;#FFCD00;Médio;0,67;#FF8300;Alto;;0,615;High
1720903;Taguatinga/TO;0,43;#FFCD00;Médio;0,48;#FFCD00;Médio;;0,45499999999999996;Medium
3553104;Taiaçu/SP;0,48;#FFCD00;Médio;0,6;#FF8300;Alto;;0,54;Medium
1507953;Tailândia/PA;0,58;#FFCD00;Médio;0,86;#F40000;Muito alto;;0,72;High
3168002;Taiobeiras/MG;0,49;#FFCD00;Médio;0,63;#FF8300;Alto;;0,56;Medium
4217808;Taió/SC;0,61;#FF8300;Alto;0,54;#FFCD00;Médio;;0,575;Medium
1720937;Taipas do Tocantins/TO;0,38;#A9DE00;Baixo;0,43;#FFCD00;Médio;;0,405;Medium
2413904;Taipu/RN;0,59;#FFCD00;Médio;0,47;#FFCD00;Médio;;0,53;Medium
3553203;Taiúva/SP;0,39;#A9DE00;Baixo;0,46;#FFCD00;Médio;;0,42500000000000004;Medium
1720978;Talismã/TO;0,36;#A9DE00;Baixo;0,46;#FFCD00;Médio;;0,41000000000000003;Medium
2614857;Tamandaré/PE;0,58;#FFCD00;Médio;0,46;#FFCD00;Médio;;0,52;Medium
4126678;Tamarana/PR;0,32;#A9DE00;Baixo;0,39;#A9DE00;Baixo;;0,355;Low
3553302;Tambaú/SP;0,4;#FFCD00;Médio;0,55;#FFCD00;Médio;;0,47500000000000003;Medium
4126702;Tamboara/PR;0,25;#A9DE00;Baixo;0,32;#A9DE00;Baixo;;0,28500000000000003;Low
2313203;Tamboril/CE;0,61;#FF8300;Alto;0,73;#FF8300;Alto;;0,6699999999999999;High
2210953;Tamboril do Piauí/PI;0,36;#A9DE00;Baixo;0,42;#FFCD00;Médio;;0,39;Low
3553401;Tanabi/SP;0,42;#FFCD00;Médio;0,53;#FFCD00;Médio;;0,475;Medium
5107958;Tangará da Serra/MT;0,28;#A9DE00;Baixo;0,19;#02C650;Muito baixo;;0,23500000000000001;Low
2414001;Tangará/RN;0,52;#FFCD00;Médio;0,69;#FF8300;Alto;;0,605;High
4217907;Tangará/SC;0,24;#A9DE00;Baixo;0,32;#A9DE00;Baixo;;0,28;Low
3305752;Tanguá/RJ;0,58;#FFCD00;Médio;0,54;#FFCD00;Médio;;0,56;Medium
2931004;Tanhaçu/BA;0,45;#FFCD00;Médio;0,49;#FFCD00;Médio;;0,47;Medium
2709004;Tanque d'Arca/AL;0,32;#A9DE00;Baixo;0,37;#A9DE00;Baixo;;0,345;Low
2210979;Tanque do Piauí/PI;0,22;#A9DE00;Baixo;0,29;#A9DE00;Baixo;;0,255;Low
2931053;Tanque Novo/BA;0,24;#A9DE00;Baixo;0,3;#A9DE00;Baixo;;0,27;Low
2931103;Tanquinho/BA;0,47;#FFCD00;Médio;0,56;#FFCD00;Médio;;0,515;Medium
3168051;Taparuba/MG;0,28;#A9DE00;Baixo;0,31;#A9DE00;Baixo;;0,29500000000000004;Low
1304104;Tapauá/AM;0,92;#F40000;Muito alto;0,95;#F40000;Muito alto;;0,935;Very high
4126801;Tapejara/PR;0,33;#A9DE00;Baixo;0,46;#FFCD00;Médio;;0,395;Medium
4320909;Tapejara/RS;0,42;#FFCD00;Médio;0,41;#FFCD00;Médio;;0,415;Medium
4321006;Tapera/RS;0,42;#FFCD00;Médio;0,55;#FFCD00;Médio;;0,485;Medium
2931202;Taperoá/BA;0,54;#FFCD00;Médio;0,6;#FF8300;Alto;;0,5700000000000001;Medium
2516508;Taperoá/PB;0,54;#FFCD00;Médio;0,7;#FF8300;Alto;;0,62;High
4321105;Tapes/RS;0,45;#FFCD00;Médio;0,5;#FFCD00;Médio;;0,475;Medium
3168200;Tapiraí/MG;0,58;#FFCD00;Médio;0,63;#FF8300;Alto;;0,605;High
3553500;Tapiraí/SP;0,25;#A9DE00;Baixo;0,32;#A9DE00;Baixo;;0,28500000000000003;Low
3168101;Tapira/MG;0,38;#A9DE00;Baixo;0,44;#FFCD00;Médio;;0,41000000000000003;Medium
2931301;Tapiramutá/BA;0,53;#FFCD00;Médio;0,59;#FFCD00;Médio;;0,56;Medium
4126900;Tapira/PR;0,27;#A9DE00;Baixo;0,36;#A9DE00;Baixo;;0,315;Low
3553609;Tapiratiba/SP;0,68;#FF8300;Alto;0,7;#FF8300;Alto;;0,69;High
5108006;Tapurah/MT;0,13;#02C650;Muito baixo;0,15;#02C650;Muito baixo;;0,14;Very low
3168309;Taquaraçu de Minas/MG;0,13;#02C650;Muito baixo;0,2;#A9DE00;Baixo;;0,165;Very low
5221007;Taquaral de Goiás/GO;0,33;#A9DE00;Baixo;0,39;#A9DE00;Baixo;;0,36;Low
3553658;Taquaral/SP;0,38;#A9DE00;Baixo;0,44;#FFCD00;Médio;;0,41000000000000003;Medium
2709103;Taquarana/AL;0,26;#A9DE00;Baixo;0,31;#A9DE00;Baixo;;0,28500000000000003;Low
4321204;Taquara/RS;0,62;#FF8300;Alto;0,55;#FFCD00;Médio;;0,585;Medium
4321303;Taquari/RS;0,39;#A9DE00;Baixo;0,46;#FFCD00;Médio;;0,42500000000000004;Medium
2615003;Taquaritinga do Norte/PE;0,82;#F40000;Muito alto;0,81;#F40000;Muito alto;;0,815;Very high
3553708;Taquaritinga/SP;0,39;#A9DE00;Baixo;0,61;#FF8300;Alto;;0,5;Medium
3553807;Taquarituba/SP;0,41;#FFCD00;Médio;0,54;#FFCD00;Médio;;0,475;Medium
3553856;Taquarivaí/SP;0,2;#A9DE00;Baixo;0,24;#A9DE00;Baixo;;0,22;Low
4321329;Taquaruçu do Sul/RS;0,15;#02C650;Muito baixo;0,24;#A9DE00;Baixo;;0,195;Low
5007976;Taquarussu/MS;0,38;#A9DE00;Baixo;0,46;#FFCD00;Médio;;0,42000000000000004;Medium
3553906;Tarabai/SP;0,45;#FFCD00;Médio;0,52;#FFCD00;Médio;;0,485;Medium
1200609;Tarauacá/AC;0,6;#FF8300;Alto;0,85;#F40000;Muito alto;;0,725;High
2313252;Tarrafas/CE;0,32;#A9DE00;Baixo;0,38;#A9DE00;Baixo;;0,35;Low
1600709;Tartarugalzinho/AP;0,42;#FFCD00;Médio;0,59;#FFCD00;Médio;;0,505;Medium
3553955;Tarumã/SP;0,18;#02C650;Muito baixo;0,4;#FFCD00;Médio;;0,29000000000000004;Low
3168408;Tarumirim/MG;0,55;#FFCD00;Médio;0,57;#FFCD00;Médio;;0,56;Medium
2112001;Tasso Fragoso/MA;0,32;#A9DE00;Baixo;0,37;#A9DE00;Baixo;;0,345;Low
3554003;Tatuí/SP;0,28;#A9DE00;Baixo;0,32;#A9DE00;Baixo;;0,30000000000000004;Low
2313302;Tauá/CE;0,57;#FFCD00;Médio;0,66;#FF8300;Alto;;0,615;High
3554102;Taubaté/SP;0,57;#FFCD00;Médio;0,35;#A9DE00;Baixo;;0,45999999999999996;Medium
2516607;Tavares/PB;0,5;#FFCD00;Médio;0,64;#FF8300;Alto;;0,5700000000000001;Medium
4321352;Tavares/RS;0,33;#A9DE00;Baixo;0,43;#FFCD00;Médio;;0,38;Low
1304203;Tefé/AM;0,79;#FF8300;Alto;0,85;#F40000;Muito alto;;0,8200000000000001;Very high
2931350;Teixeira de Freitas/BA;0,82;#F40000;Muito alto;0,69;#FF8300;Alto;;0,7549999999999999;High
2516706;Teixeira/PB;0,76;#FF8300;Alto;0,67;#FF8300;Alto;;0,7150000000000001;High
3168507;Teixeiras/MG;0,43;#FFCD00;Médio;0,48;#FFCD00;Médio;;0,45499999999999996;Medium
4127007;Teixeira Soares/PR;0,32;#A9DE00;Baixo;0,33;#A9DE00;Baixo;;0,325;Low
1101559;Teixeirópolis/RO;0,38;#A9DE00;Baixo;0,44;#FFCD00;Médio;;0,41000000000000003;Medium
2313351;Tejuçuoca/CE;0,29;#A9DE00;Baixo;0,39;#A9DE00;Baixo;;0,33999999999999997;Low
3554201;Tejupá/SP;0,46;#FFCD00;Médio;0,54;#FFCD00;Médio;;0,5;Medium
4127106;Telêmaco Borba/PR;0,51;#FFCD00;Médio;0,58;#FFCD00;Médio;;0,5449999999999999;Medium
2807303;Telha/SE;0,24;#A9DE00;Baixo;0,29;#A9DE00;Baixo;;0,265;Low
2414100;Tenente Ananias/RN;0,43;#FFCD00;Médio;0,51;#FFCD00;Médio;;0,47;Medium
2414159;Tenente Laurentino Cruz/RN;0,26;#A9DE00;Baixo;0,31;#A9DE00;Baixo;;0,28500000000000003;Low
4321402;Tenente Portela/RS;0,33;#A9DE00;Baixo;0,41;#FFCD00;Médio;;0,37;Low
2516755;Tenório/PB;0,56;#FFCD00;Médio;0,61;#FF8300;Alto;;0,585;Medium
2931400;Teodoro Sampaio/BA;0,42;#FFCD00;Médio;0,48;#FFCD00;Médio;;0,44999999999999996;Medium
3554300;Teodoro Sampaio/SP;0,4;#FFCD00;Médio;0,59;#FFCD00;Médio;;0,495;Medium
2931509;Teofilândia/BA;0,13;#02C650;Muito baixo;0,24;#A9DE00;Baixo;;0,185;Very low
3168606;Teófilo Otoni/MG;0,72;#FF8300;Alto;0,6;#FF8300;Alto;;0,6599999999999999;High
2931608;Teolândia/BA;0,52;#FFCD00;Médio;0,57;#FFCD00;Médio;;0,5449999999999999;Medium
2709152;Teotônio Vilela/AL;0,7;#FF8300;Alto;0,82;#F40000;Muito alto;;0,76;High
5008008;Terenos/MS;0,22;#A9DE00;Baixo;0,32;#A9DE00;Baixo;;0,27;Low
5221080;Teresina de Goiás/GO;0,36;#A9DE00;Baixo;0,42;#FFCD00;Médio;;0,39;Low
2211001;Teresina/PI;0,7;#FF8300;Alto;0,64;#FF8300;Alto;;0,6699999999999999;High
3305802;Teresópolis/RJ;0,65;#FF8300;Alto;0,66;#FF8300;Alto;1000000,0;0,655;High
2615102;Terezinha/PE;0,56;#FFCD00;Médio;0,61;#FF8300;Alto;;0,585;Medium
5221197;Terezópolis de Goiás/GO;0,48;#FFCD00;Médio;0,46;#FFCD00;Médio;;0,47;Medium
1507961;Terra Alta/PA;0,29;#A9DE00;Baixo;0,39;#A9DE00;Baixo;;0,33999999999999997;Low
4127205;Terra Boa/PR;0,28;#A9DE00;Baixo;0,31;#A9DE00;Baixo;;0,29500000000000004;Low
4321436;Terra de Areia/RS;0,0;#02C650;Muito baixo;0,04;#02C650;Muito baixo;;0,02;Very low
2931707;Terra Nova/BA;0,59;#FFCD00;Médio;0,64;#FF8300;Alto;;0,615;High
5108055;Terra Nova do Norte/MT;0,33;#A9DE00;Baixo;0,38;#A9DE00;Baixo;;0,355;Low
2615201;Terra Nova/PE;0,4;#FFCD00;Médio;0,46;#FFCD00;Médio;;0,43000000000000005;Medium
4127304;Terra Rica/PR;0,27;#A9DE00;Baixo;0,28;#A9DE00;Baixo;;0,275;Low
4127403;Terra Roxa/PR;0,29;#A9DE00;Baixo;0,44;#FFCD00;Médio;;0,365;Low
3554409;Terra Roxa/SP;0,46;#FFCD00;Médio;0,53;#FFCD00;Médio;;0,495;Medium
1507979;Terra Santa/PA;0,57;#FFCD00;Médio;0,65;#FF8300;Alto;;0,61;High
5108105;Tesouro/MT;0,34;#A9DE00;Baixo;0,39;#A9DE00;Baixo;;0,365;Low
4321451;Teutônia/RS;0,44;#FFCD00;Médio;0,43;#FFCD00;Médio;;0,435;Medium
1101609;Theobroma/RO;0,28;#A9DE00;Baixo;0,38;#A9DE00;Baixo;;0,33;Low
2313401;Tianguá/CE;0,41;#FFCD00;Médio;0,57;#FFCD00;Médio;;0,49;Medium
4127502;Tibagi/PR;0,5;#FFCD00;Médio;0,47;#FFCD00;Médio;;0,485;Medium
2414209;Tibau do Sul/RN;0,09;#02C650;Muito baixo;0,1;#02C650;Muito baixo;;0,095;Very low
2411056;Tibau/RN;0,12;#02C650;Muito baixo;0,16;#02C650;Muito baixo;;0,14;Very low
3554508;Tietê/SP;0,47;#FFCD00;Médio;0,53;#FFCD00;Médio;;0,5;Medium
4217956;Tigrinhos/SC;0,0;#02C650;Muito baixo;0,0;#02C650;Muito baixo;;0,0;Very low
4127601;Tijucas do Sul/PR;0,01;#02C650;Muito baixo;0,0;#02C650;Muito baixo;;0,005;Very low
4218004;Tijucas/SC;0,44;#FFCD00;Médio;0,36;#A9DE00;Baixo;;0,4;Medium
2414308;Timbaúba dos Batistas/RN;0,37;#A9DE00;Baixo;0,47;#FFCD00;Médio;;0,42;Medium
2615300;Timbaúba/PE;0,95;#F40000;Muito alto;1,0;#F40000;Muito alto;;0,975;Very high
4218103;Timbé do Sul/SC;0,25;#A9DE00;Baixo;0,31;#A9DE00;Baixo;;0,28;Low
2112100;Timbiras/MA;0,54;#FFCD00;Médio;0,66;#FF8300;Alto;;0,6000000000000001;High
4218251;Timbó Grande/SC;0,28;#A9DE00;Baixo;0,31;#A9DE00;Baixo;;0,29500000000000004;Low
4218202;Timbó/SC;0,48;#FFCD00;Médio;0,37;#A9DE00;Baixo;;0,425;Medium
3554607;Timburi/SP;0,32;#A9DE00;Baixo;0,4;#FFCD00;Médio;;0,36;Low
2112209;Timon/MA;0,43;#FFCD00;Médio;0,7;#FF8300;Alto;;0,565;Medium
3168705;Timóteo/MG;0,62;#FF8300;Alto;0,65;#FF8300;Alto;;0,635;High
4321469;Tio Hugo/RS;0,07;#02C650;Muito baixo;0,15;#02C650;Muito baixo;;0,11;Very low
4321477;Tiradentes do Sul/RS;0,26;#A9DE00;Baixo;0,28;#A9DE00;Baixo;;0,27;Low
3168804;Tiradentes/MG;0,55;#FFCD00;Médio;0,43;#FFCD00;Médio;;0,49;Medium
3168903;Tiros/MG;0,37;#A9DE00;Baixo;0,46;#FFCD00;Médio;;0,41500000000000004;Medium
2807402;Tobias Barreto/SE;0,5;#FFCD00;Médio;0,69;#FF8300;Alto;;0,595;High
1721109;Tocantínia/TO;0,41;#FFCD00;Médio;0,43;#FFCD00;Médio;;0,42;Medium
1721208;Tocantinópolis/TO;0,39;#A9DE00;Baixo;0,59;#FFCD00;Médio;;0,49;Medium
3169000;Tocantins/MG;0,84;#F40000;Muito alto;0,88;#F40000;Muito alto;;0,86;Very high
3169059;Tocos do Moji/MG;0,24;#A9DE00;Baixo;0,29;#A9DE00;Baixo;;0,265;Low
3169109;Toledo/MG;0,3;#A9DE00;Baixo;0,32;#A9DE00;Baixo;;0,31;Low
4127700;Toledo/PR;0,53;#FFCD00;Médio;0,56;#FFCD00;Médio;;0,545;Medium
2807501;Tomar do Geru/SE;0,5;#FFCD00;Médio;0,63;#FF8300;Alto;;0,565;Medium
4127809;Tomazina/PR;0,61;#FF8300;Alto;0,69;#FF8300;Alto;;0,6499999999999999;High
3169208;Tombos/MG;0,85;#F40000;Muito alto;0,86;#F40000;Muito alto;;0,855;Very high
1508001;Tomé-Açu/PA;0,55;#FFCD00;Médio;0,73;#FF8300;Alto;;0,64;High
1304237;Tonantins/AM;0,49;#FFCD00;Médio;0,65;#FF8300;Alto;;0,5700000000000001;Medium
2615409;Toritama/PE;0,7;#FF8300;Alto;0,96;#F40000;Muito alto;;0,83;Very high
5108204;Torixoréu/MT;0,43;#FFCD00;Médio;0,48;#FFCD00;Médio;;0,45499999999999996;Medium
4321493;Toropi/RS;0,0;#02C650;Muito baixo;0,02;#02C650;Muito baixo;;0,01;Very low
3554656;Torre de Pedra/SP;0,23;#A9DE00;Baixo;0,29;#A9DE00;Baixo;;0,26;Low
4321501;Torres/RS;0,31;#A9DE00;Baixo;0,46;#FFCD00;Médio;;0,385;Low
3554706;Torrinha/SP;0,35;#A9DE00;Baixo;0,46;#FFCD00;Médio;;0,405;Medium
2414407;Touros/RN;0,18;#02C650;Muito baixo;0,17;#02C650;Muito baixo;;0,175;Very low
3554755;Trabiju/SP;0,32;#A9DE00;Baixo;0,39;#A9DE00;Baixo;;0,355;Low
1508035;Tracuateua/PA;0,47;#FFCD00;Médio;0,6;#FF8300;Alto;;0,5349999999999999;Medium
2615508;Tracunhaém/PE;0,91;#F40000;Muito alto;0,93;#F40000;Muito alto;;0,92;Very high
2709202;Traipu/AL;0,31;#A9DE00;Baixo;0,46;#FFCD00;Médio;;0,385;Low
1508050;Trairão/PA;0,45;#FFCD00;Médio;0,59;#FFCD00;Médio;;0,52;Medium
2313500;Trairi/CE;0,11;#02C650;Muito baixo;0,21;#A9DE00;Baixo;;0,16;Very low
3305901;Trajano de Moraes/RJ;0,24;#A9DE00;Baixo;0,27;#A9DE00;Baixo;;0,255;Low
4321600;Tramandaí/RS;0,28;#A9DE00;Baixo;0,53;#FFCD00;Médio;;0,405;Medium
4321626;Travesseiro/RS;0,0;#02C650;Muito baixo;0,0;#02C650;Muito baixo;;0,0;Very low
2931806;Tremedal/BA;0,48;#FFCD00;Médio;0,42;#FFCD00;Médio;;0,44999999999999996;Medium
3554805;Tremembé/SP;0,46;#FFCD00;Médio;0,48;#FFCD00;Médio;;0,47;Medium
4321634;Três Arroios/RS;0,29;#A9DE00;Baixo;0,29;#A9DE00;Baixo;;0,29;Low
4127858;Três Barras do Paraná/PR;0,28;#A9DE00;Baixo;0,37;#A9DE00;Baixo;;0,325;Low
4218301;Três Barras/SC;0,62;#FF8300;Alto;0,68;#FF8300;Alto;;0,65;High
4321667;Três Cachoeiras/RS;0,36;#A9DE00;Baixo;0,41;#FFCD00;Médio;;0,385;Low
3169307;Três Corações/MG;0,67;#FF8300;Alto;0,67;#FF8300;Alto;;0,67;High
4321709;Três Coroas/RS;0,73;#FF8300;Alto;0,46;#FFCD00;Médio;;0,595;High
4321808;Três de Maio/RS;0,35;#A9DE00;Baixo;0,4;#FFCD00;Médio;;0,375;Low
4321832;Três Forquilhas/RS;0,0;#02C650;Muito baixo;0,0;#02C650;Muito baixo;;0,0;Very low
3554904;Três Fronteiras/SP;0,43;#FFCD00;Médio;0,65;#FF8300;Alto;;0,54;Medium
5008305;Três Lagoas/MS;0,23;#A9DE00;Baixo;0,09;#02C650;Muito baixo;;0,16;Very low
3169356;Três Marias/MG;0,43;#FFCD00;Médio;0,38;#A9DE00;Baixo;;0,405;Medium
4321857;Três Palmeiras/RS;0,24;#A9DE00;Baixo;0,3;#A9DE00;Baixo;;0,27;Low
4321907;Três Passos/RS;0,44;#FFCD00;Médio;0,45;#FFCD00;Médio;;0,445;Medium
3169406;Três Pontas/MG;0,73;#FF8300;Alto;0,73;#FF8300;Alto;;0,73;High
5221304;Três Ranchos/GO;0,21;#A9DE00;Baixo;0,24;#A9DE00;Baixo;;0,22499999999999998;Low
3306008;Três Rios/RJ;0,73;#FF8300;Alto;0,47;#FFCD00;Médio;1629209,0;0,6;High
4218350;Treviso/SC;0,18;#02C650;Muito baixo;0,11;#02C650;Muito baixo;;0,145;Very low
4218400;Treze de Maio/SC;0,21;#A9DE00;Baixo;0,3;#A9DE00;Baixo;;0,255;Low
4218509;Treze Tílias/SC;0,03;#02C650;Muito baixo;0,15;#02C650;Muito baixo;;0,09;Very low
4321956;Trindade do Sul/RS;0,21;#A9DE00;Baixo;0,22;#A9DE00;Baixo;;0,215;Low
5221403;Trindade/GO;0,67;#FF8300;Alto;0,64;#FF8300;Alto;;0,655;High
2615607;Trindade/PE;0,69;#FF8300;Alto;0,79;#FF8300;Alto;;0,74;High
2516805;Triunfo/PB;0,53;#FFCD00;Médio;0,62;#FF8300;Alto;;0,575;Medium
2615706;Triunfo/PE;0,26;#A9DE00;Baixo;0,32;#A9DE00;Baixo;;0,29000000000000004;Low
2414456;Triunfo Potiguar/RN;0,51;#FFCD00;Médio;0,57;#FFCD00;Médio;;0,54;Medium
4322004;Triunfo/RS;0,35;#A9DE00;Baixo;0,34;#A9DE00;Baixo;;0,345;Low
2112233;Trizidela do Vale/MA;0,92;#F40000;Muito alto;0,89;#F40000;Muito alto;;0,905;Very high
5221452;Trombas/GO;0,34;#A9DE00;Baixo;0,41;#FFCD00;Médio;;0,375;Low
4218608;Trombudo Central/SC;0,12;#02C650;Muito baixo;0,16;#02C650;Muito baixo;;0,14;Very low
4218707;Tubarão/SC;0,64;#FF8300;Alto;0,4;#FFCD00;Médio;;0,52;Medium
2931905;Tucano/BA;0,28;#A9DE00;Baixo;0,34;#A9DE00;Baixo;;0,31000000000000005;Low
1508084;Tucumã/PA;0,6;#FF8300;Alto;0,59;#FFCD00;Médio;;0,595;High
4322103;Tucunduva/RS;0,41;#FFCD00;Médio;0,49;#FFCD00;Médio;;0,44999999999999996;Medium
1508100;Tucuruí/PA;0,73;#FF8300;Alto;0,8;#F40000;Muito alto;;0,765;High
2112274;Tufilândia/MA;0,33;#A9DE00;Baixo;0,38;#A9DE00;Baixo;;0,355;Low
3554953;Tuiuti/SP;0,2;#A9DE00;Baixo;0,29;#A9DE00;Baixo;;0,245;Low
3169505;Tumiritinga/MG;0,54;#FFCD00;Médio;0,49;#FFCD00;Médio;;0,515;Medium
4218756;Tunápolis/SC;0,07;#02C650;Muito baixo;0,07;#02C650;Muito baixo;;0,07;Very low
4127882;Tunas do Paraná/PR;0,37;#A9DE00;Baixo;0,38;#A9DE00;Baixo;;0,375;Low
4322152;Tunas/RS;0,19;#02C650;Muito baixo;0,3;#A9DE00;Baixo;;0,245;Low
4127908;Tuneiras do Oeste/PR;0,23;#A9DE00;Baixo;0,34;#A9DE00;Baixo;;0,28500000000000003;Low
2112308;Tuntum/MA;0,66;#FF8300;Alto;0,83;#F40000;Muito alto;;0,745;High
3169604;Tupaciguara/MG;0,4;#FFCD00;Médio;0,44;#FFCD00;Médio;;0,42000000000000004;Medium
2615805;Tupanatinga/PE;0,42;#FFCD00;Médio;0,47;#FFCD00;Médio;;0,44499999999999995;Medium
4322186;Tupanci do Sul/RS;0,35;#A9DE00;Baixo;0,37;#A9DE00;Baixo;;0,36;Low
4322202;Tupanciretã/RS;0,47;#FFCD00;Médio;0,48;#FFCD00;Médio;;0,475;Medium
4322251;Tupandi/RS;0,0;#02C650;Muito baixo;0,0;#02C650;Muito baixo;;0,0;Very low
4322301;Tuparendi/RS;0,31;#A9DE00;Baixo;0,43;#FFCD00;Médio;;0,37;Low
2615904;Tuparetama/PE;0,55;#FFCD00;Médio;0,73;#FF8300;Alto;;0,64;High
3555000;Tupã/SP;0,36;#A9DE00;Baixo;0,49;#FFCD00;Médio;;0,425;Medium
4127957;Tupãssi/PR;0,14;#02C650;Muito baixo;0,28;#A9DE00;Baixo;;0,21000000000000002;Low
3555109;Tupi Paulista/SP;0,34;#A9DE00;Baixo;0,45;#FFCD00;Médio;;0,395;Medium
1721257;Tupirama/TO;0,32;#A9DE00;Baixo;0,56;#FFCD00;Médio;;0,44000000000000006;Medium
1721307;Tupiratins/TO;0,36;#A9DE00;Baixo;0,41;#FFCD00;Médio;;0,385;Low
2112407;Turiaçu/MA;0,47;#FFCD00;Médio;0,57;#FFCD00;Médio;;0,52;Medium
2112456;Turilândia/MA;0,68;#FF8300;Alto;0,89;#F40000;Muito alto;;0,785;High
3555208;Turiúba/SP;0,17;#02C650;Muito baixo;0,23;#A9DE00;Baixo;;0,2;Low
3169703;Turmalina/MG;0,41;#FFCD00;Médio;0,6;#FF8300;Alto;;0,505;Medium
3555307;Turmalina/SP;0,19;#02C650;Muito baixo;0,3;#A9DE00;Baixo;;0,245;Low
4322327;Turuçu/RS;0,21;#A9DE00;Baixo;0,3;#A9DE00;Baixo;;0,255;Low
2313559;Tururu/CE;0,38;#A9DE00;Baixo;0,42;#FFCD00;Médio;;0,4;Medium
5221502;Turvânia/GO;0,42;#FFCD00;Médio;0,47;#FFCD00;Médio;;0,44499999999999995;Medium
5221551;Turvelândia/GO;0,34;#A9DE00;Baixo;0,42;#FFCD00;Médio;;0,38;Low
3169802;Turvolândia/MG;0,49;#FFCD00;Médio;0,46;#FFCD00;Médio;;0,475;Medium
4127965;Turvo/PR;0,37;#A9DE00;Baixo;0,42;#FFCD00;Médio;;0,395;Medium
4218806;Turvo/SC;0,19;#02C650;Muito baixo;0,29;#A9DE00;Baixo;;0,24;Low
2112506;Tutóia/MA;0,32;#A9DE00;Baixo;0,43;#FFCD00;Médio;;0,375;Low
1304260;Uarini/AM;0,47;#FFCD00;Médio;0,54;#FFCD00;Médio;;0,505;Medium
2932002;Uauá/BA;0,33;#A9DE00;Baixo;0,42;#FFCD00;Médio;;0,375;Low
3170008;Ubaí/MG;0,36;#A9DE00;Baixo;0,48;#FFCD00;Médio;;0,42;Medium
2932101;Ubaíra/BA;0,58;#FFCD00;Médio;0,66;#FF8300;Alto;;0,62;High
2932200;Ubaitaba/BA;0,77;#FF8300;Alto;0,93;#F40000;Muito alto;;0,8500000000000001;Very high
2313609;Ubajara/CE;0,45;#FFCD00;Médio;0,27;#A9DE00;Baixo;;0,36;Low
3169901;Ubá/MG;0,71;#FF8300;Alto;0,67;#FF8300;Alto;;0,69;High
3170057;Ubaporanga/MG;0,48;#FFCD00;Médio;0,5;#FFCD00;Médio;;0,49;Medium
3555356;Ubarana/SP;0,38;#A9DE00;Baixo;0,43;#FFCD00;Médio;;0,405;Medium
2932309;Ubatã/BA;0,76;#FF8300;Alto;0,97;#F40000;Muito alto;;0,865;Very high
3555406;Ubatuba/SP;0,7;#FF8300;Alto;0,63;#FF8300;Alto;;0,665;High
3170107;Uberaba/MG;0,68;#FF8300;Alto;0,66;#FF8300;Alto;;0,67;High
3170206;Uberlândia/MG;0,65;#FF8300;Alto;0,39;#A9DE00;Baixo;;0,52;Medium
3555505;Ubirajara/SP;0,35;#A9DE00;Baixo;0,42;#FFCD00;Médio;;0,385;Low
4128005;Ubiratã/PR;0,44;#FFCD00;Médio;0,45;#FFCD00;Médio;;0,445;Medium
4322343;Ubiretama/RS;0,08;#02C650;Muito baixo;0,1;#02C650;Muito baixo;;0,09;Very low
3555604;Uchoa/SP;0,36;#A9DE00;Baixo;0,5;#FFCD00;Médio;;0,43;Medium
2932408;Uibaí/BA;0,23;#A9DE00;Baixo;0,29;#A9DE00;Baixo;;0,26;Low
1400704;Uiramutã/RR;0,03;#02C650;Muito baixo;0,0;#02C650;Muito baixo;;0,015;Very low
5221577;Uirapuru/GO;0,43;#FFCD00;Médio;0,46;#FFCD00;Médio;;0,445;Medium
2516904;Uiraúna/PB;0,63;#FF8300;Alto;0,66;#FF8300;Alto;;0,645;High
1508126;Ulianópolis/PA;0,48;#FFCD00;Médio;0,71;#FF8300;Alto;;0,595;High
2313708;Umari/CE;0,45;#FFCD00;Médio;0,55;#FFCD00;Médio;;0,5;Medium
2414506;Umarizal/RN;0,66;#FF8300;Alto;0,8;#F40000;Muito alto;;0,73;High
2807600;Umbaúba/SE;0,42;#FFCD00;Médio;0,51;#FFCD00;Médio;;0,46499999999999997;Medium
2932457;Umburanas/BA;0,38;#A9DE00;Baixo;0,44;#FFCD00;Médio;;0,41000000000000003;Medium
3170305;Umburatiba/MG;0,48;#FFCD00;Médio;0,49;#FFCD00;Médio;;0,485;Medium
2517001;Umbuzeiro/PB;0,56;#FFCD00;Médio;0,63;#FF8300;Alto;;0,595;High
2313757;Umirim/CE;0,64;#FF8300;Alto;0,63;#FF8300;Alto;;0,635;High
4128104;Umuarama/PR;0,24;#A9DE00;Baixo;0,21;#A9DE00;Baixo;;0,22499999999999998;Low
2932507;Una/BA;0,62;#FF8300;Alto;0,71;#FF8300;Alto;;0,665;High
3170404;Unaí/MG;0,62;#FF8300;Alto;0,69;#FF8300;Alto;;0,655;High
4322350;União da Serra/RS;0,0;#02C650;Muito baixo;0,0;#02C650;Muito baixo;;0,0;Very low
4128203;União da Vitória/PR;0,0;#02C650;Muito baixo;0,0;#02C650;Muito baixo;;0,0;Very low
3170438;União de Minas/MG;0,35;#A9DE00;Baixo;0,41;#FFCD00;Médio;;0,38;Low
4218855;União do Oeste/SC;0,2;#A9DE00;Baixo;0,22;#A9DE00;Baixo;;0,21000000000000002;Low
2709301;União dos Palmares/AL;0,55;#FFCD00;Médio;0,63;#FF8300;Alto;;0,5900000000000001;High
5108303;União do Sul/MT;0,22;#A9DE00;Baixo;0,29;#A9DE00;Baixo;;0,255;Low
3555703;União Paulista/SP;0,29;#A9DE00;Baixo;0,4;#FFCD00;Médio;;0,345;Low
2211100;União/PI;0,44;#FFCD00;Médio;0,63;#FF8300;Alto;;0,535;Medium
4128302;Uniflor/PR;0,24;#A9DE00;Baixo;0,38;#A9DE00;Baixo;;0,31;Low
4322376;Unistalda/RS;0,17;#02C650;Muito baixo;0,22;#A9DE00;Baixo;;0,195;Low
2414605;Upanema/RN;0,39;#A9DE00;Baixo;0,61;#FF8300;Alto;;0,5;Medium
4128401;Uraí/PR;0,34;#A9DE00;Baixo;0,46;#FFCD00;Médio;;0,4;Medium
2932606;Urandi/BA;0,31;#A9DE00;Baixo;0,46;#FFCD00;Médio;;0,385;Low
3555802;Urânia/SP;0,33;#A9DE00;Baixo;0,42;#FFCD00;Médio;;0,375;Low
2112605;Urbano Santos/MA;0,59;#FFCD00;Médio;0,71;#FF8300;Alto;;0,6499999999999999;High
5221601;Uruaçu/GO;0,51;#FFCD00;Médio;0,53;#FFCD00;Médio;;0,52;Medium
3170479;Uruana de Minas/MG;0,34;#A9DE00;Baixo;0,43;#FFCD00;Médio;;0,385;Low
5221700;Uruana/GO;0,64;#FF8300;Alto;0,72;#FF8300;Alto;;0,6799999999999999;High
1508159;Uruará/PA;0,58;#FFCD00;Médio;0,73;#FF8300;Alto;;0,655;High
4218905;Urubici/SC;0,61;#FF8300;Alto;0,55;#FFCD00;Médio;;0,5800000000000001;Medium
2313807;Uruburetama/CE;0,78;#FF8300;Alto;0,8;#F40000;Muito alto;;0,79;High
3170503;Urucânia/MG;0,56;#FFCD00;Médio;0,67;#FF8300;Alto;;0,615;High
1304302;Urucará/AM;0,81;#F40000;Muito alto;0,73;#FF8300;Alto;;0,77;High
2932705;Uruçuca/BA;0,66;#FF8300;Alto;0,67;#FF8300;Alto;;0,665;High
3170529;Urucuia/MG;0,33;#A9DE00;Baixo;0,43;#FFCD00;Médio;;0,38;Low
2211209;Uruçuí/PI;0,39;#A9DE00;Baixo;0,52;#FFCD00;Médio;;0,455;Medium
1304401;Urucurituba/AM;0,89;#F40000;Muito alto;0,84;#F40000;Muito alto;;0,865;Very high
4322400;Uruguaiana/RS;0,68;#FF8300;Alto;0,65;#FF8300;Alto;;0,665;High
2313906;Uruoca/CE;0,56;#FFCD00;Médio;0,63;#FF8300;Alto;;0,595;High
1101708;Urupá/RO;0,39;#A9DE00;Baixo;0,52;#FFCD00;Médio;;0,455;Medium
4218954;Urupema/SC;0,21;#A9DE00;Baixo;0,23;#A9DE00;Baixo;;0,22;Low
3556008;Urupês/SP;0,33;#A9DE00;Baixo;0,46;#FFCD00;Médio;;0,395;Medium
3555901;Uru/SP;0,33;#A9DE00;Baixo;0,42;#FFCD00;Médio;;0,375;Low
4219002;Urussanga/SC;0,26;#A9DE00;Baixo;0,16;#02C650;Muito baixo;;0,21000000000000002;Low
5221809;Urutaí/GO;0,54;#FFCD00;Médio;0,6;#FF8300;Alto;;0,5700000000000001;Medium
2932804;Utinga/BA;0,58;#FFCD00;Médio;0,72;#FF8300;Alto;;0,6499999999999999;High
4322509;Vacaria/RS;0,54;#FFCD00;Médio;0,49;#FFCD00;Médio;;0,515;Medium
5108352;Vale de São Domingos/MT;0,13;#02C650;Muito baixo;0,21;#A9DE00;Baixo;;0,16999999999999998;Very low
1101757;Vale do Anari/RO;0,33;#A9DE00;Baixo;0,49;#FFCD00;Médio;;0,41000000000000003;Medium
1101807;Vale do Paraíso/RO;0,35;#A9DE00;Baixo;0,45;#FFCD00;Médio;;0,4;Medium
4322533;Vale do Sol/RS;0,03;#02C650;Muito baixo;0,13;#02C650;Muito baixo;;0,08;Very low
2932903;Valença/BA;0,66;#FF8300;Alto;0,88;#F40000;Muito alto;;0,77;High
2211308;Valença do Piauí/PI;0,58;#FFCD00;Médio;0,67;#FF8300;Alto;;0,625;High
3306107;Valença/RJ;0,83;#F40000;Muito alto;0,69;#FF8300;Alto;;0,76;High
2933000;Valente/BA;0,53;#FFCD00;Médio;0,52;#FFCD00;Médio;;0,525;Medium
3556107;Valentim Gentil/SP;0,46;#FFCD00;Médio;0,24;#A9DE00;Baixo;;0,35;Low
4322541;Vale Real/RS;0,32;#A9DE00;Baixo;0,29;#A9DE00;Baixo;;0,305;Low
4322525;Vale Verde/RS;0,06;#02C650;Muito baixo;0,11;#02C650;Muito baixo;;0,08499999999999999;Very low
3556206;Valinhos/SP;0,62;#FF8300;Alto;0,5;#FFCD00;Médio;;0,56;Medium
5221858;Valparaíso de Goiás/GO;0,85;#F40000;Muito alto;0,79;#FF8300;Alto;;0,8200000000000001;Very high
3556305;Valparaíso/SP;0,56;#FFCD00;Médio;0,72;#FF8300;Alto;;0,64;High
4322558;Vanini/RS;0,12;#02C650;Muito baixo;0,18;#02C650;Muito baixo;;0,15;Very low
4219101;Vargeão/SC;0,14;#02C650;Muito baixo;0,17;#02C650;Muito baixo;;0,15500000000000003;Very low
3170578;Vargem Alegre/MG;0,43;#FFCD00;Médio;0,48;#FFCD00;Médio;;0,45499999999999996;Medium
3205036;Vargem Alta/ES;0,68;#FF8300;Alto;0,58;#FFCD00;Médio;;0,63;High
3170602;Vargem Bonita/MG;0,31;#A9DE00;Baixo;0,37;#A9DE00;Baixo;;0,33999999999999997;Low
4219176;Vargem Bonita/SC;0,31;#A9DE00;Baixo;0,38;#A9DE00;Baixo;;0,345;Low
3170651;Vargem Grande do Rio Pardo/MG;0,25;#A9DE00;Baixo;0,33;#A9DE00;Baixo;;0,29000000000000004;Low
3556404;Vargem Grande do Sul/SP;0,68;#FF8300;Alto;0,67;#FF8300;Alto;;0,675;High
2112704;Vargem Grande/MA;0,66;#FF8300;Alto;0,85;#F40000;Muito alto;;0,755;High
3556453;Vargem Grande Paulista/SP;0,48;#FFCD00;Médio;0,46;#FFCD00;Médio;;0,47;Medium
4219150;Vargem/SC;0,13;#02C650;Muito baixo;0,14;#02C650;Muito baixo;;0,135;Very low
3556354;Vargem/SP;0,12;#02C650;Muito baixo;0,16;#02C650;Muito baixo;;0,14;Very low
3170701;Varginha/MG;0,73;#FF8300;Alto;0,62;#FF8300;Alto;;0,675;High
3170750;Varjão de Minas/MG;0,44;#FFCD00;Médio;0,53;#FFCD00;Médio;;0,485;Medium
5221908;Varjão/GO;0,34;#A9DE00;Baixo;0,41;#FFCD00;Médio;;0,375;Low
2313955;Varjota/CE;0,68;#FF8300;Alto;0,72;#FF8300;Alto;;0,7;High
3306156;Varre-Sai/RJ;0,64;#FF8300;Alto;0,68;#FF8300;Alto;;0,66;High
2314003;Várzea Alegre/CE;0,61;#FF8300;Alto;0,73;#FF8300;Alto;;0,6699999999999999;High
2211357;Várzea Branca/PI;0,23;#A9DE00;Baixo;0,32;#A9DE00;Baixo;;0,275;Low
3170800;Várzea da Palma/MG;0,5;#FFCD00;Médio;0,62;#FF8300;Alto;;0,56;Medium
2933059;Várzea da Roça/BA;0,4;#FFCD00;Médio;0,45;#FFCD00;Médio;;0,42500000000000004;Medium
2933109;Várzea do Poço/BA;0,44;#FFCD00;Médio;0,5;#FFCD00;Médio;;0,47;Medium
5108402;Várzea Grande/MT;0,63;#FF8300;Alto;0,51;#FFCD00;Médio;14000000,0;0,5700000000000001;Medium
2211407;Várzea Grande/PI;0,33;#A9DE00;Baixo;0,36;#A9DE00;Baixo;;0,345;Low
2933158;Várzea Nova/BA;0,39;#A9DE00;Baixo;0,48;#FFCD00;Médio;;0,435;Medium
3556503;Várzea Paulista/SP;0,75;#FF8300;Alto;0,63;#FF8300;Alto;;0,69;High
2517100;Várzea/PB;0,31;#A9DE00;Baixo;0,43;#FFCD00;Médio;;0,37;Low
2414704;Várzea/RN;0,86;#F40000;Muito alto;0,88;#F40000;Muito alto;;0,87;Very high
2933174;Varzedo/BA;0,63;#FF8300;Alto;0,74;#FF8300;Alto;;0,685;High
3170909;Varzelândia/MG;0,28;#A9DE00;Baixo;0,27;#A9DE00;Baixo;;0,275;Low
3306206;Vassouras/RJ;0,72;#FF8300;Alto;0,68;#FF8300;Alto;;0,7;High
3171006;Vazante/MG;0,38;#A9DE00;Baixo;0,48;#FFCD00;Médio;;0,43;Medium
4322608;Venâncio Aires/RS;0,67;#FF8300;Alto;0,65;#FF8300;Alto;;0,66;High
3205069;Venda Nova do Imigrante/ES;0,28;#A9DE00;Baixo;0,32;#A9DE00;Baixo;;0,30000000000000004;Low
2414753;Venha-Ver/RN;0,4;#FFCD00;Médio;0,45;#FFCD00;Médio;;0,42500000000000004;Medium
4128534;Ventania/PR;0,51;#FFCD00;Médio;0,53;#FFCD00;Médio;;0,52;Medium
2616001;Venturosa/PE;0,49;#FFCD00;Médio;0,55;#FFCD00;Médio;;0,52;Medium
2933208;Vera Cruz/BA;0,39;#A9DE00;Baixo;0,35;#A9DE00;Baixo;;0,37;Low
4128559;Vera Cruz do Oeste/PR;0,33;#A9DE00;Baixo;0,4;#FFCD00;Médio;;0,365;Low
2414803;Vera Cruz/RN;0,29;#A9DE00;Baixo;0,35;#A9DE00;Baixo;;0,31999999999999995;Low
4322707;Vera Cruz/RS;0,27;#A9DE00;Baixo;0,23;#A9DE00;Baixo;;0,25;Low
3556602;Vera Cruz/SP;0,47;#FFCD00;Médio;0,56;#FFCD00;Médio;;0,515;Medium
2211506;Vera Mendes/PI;0,31;#A9DE00;Baixo;0,38;#A9DE00;Baixo;;0,345;Low
5108501;Vera/MT;0,34;#A9DE00;Baixo;0,41;#FFCD00;Médio;;0,375;Low
4322806;Veranópolis/RS;0,33;#A9DE00;Baixo;0,32;#A9DE00;Baixo;;0,325;Low
2616100;Verdejante/PE;0,32;#A9DE00;Baixo;0,42;#FFCD00;Médio;;0,37;Low
3171030;Verdelândia/MG;0,45;#FFCD00;Médio;0,51;#FFCD00;Médio;;0,48;Medium
2933257;Vereda/BA;0,46;#FFCD00;Médio;0,53;#FFCD00;Médio;;0,495;Medium
3171071;Veredinha/MG;0,35;#A9DE00;Baixo;0,45;#FFCD00;Médio;;0,4;Medium
4128609;Verê/PR;0,33;#A9DE00;Baixo;0,51;#FFCD00;Médio;;0,42000000000000004;Medium
3171105;Veríssimo/MG;0,32;#A9DE00;Baixo;0,4;#FFCD00;Médio;;0,36;Low
3171154;Vermelho Novo/MG;0,33;#A9DE00;Baixo;0,46;#FFCD00;Médio;;0,395;Medium
2616183;Vertente do Lério/PE;0,23;#A9DE00;Baixo;0,26;#A9DE00;Baixo;;0,245;Low
2616209;Vertentes/PE;0,53;#FFCD00;Médio;0,58;#FFCD00;Médio;;0,5549999999999999;Medium
4322855;Vespasiano Corrêa/RS;0,13;#02C650;Muito baixo;0,18;#02C650;Muito baixo;;0,155;Very low
3171204;Vespasiano/MG;0,74;#FF8300;Alto;0,7;#FF8300;Alto;;0,72;High
4322905;Viadutos/RS;0,3;#A9DE00;Baixo;0,39;#A9DE00;Baixo;;0,345;Low
4323002;Viamão/RS;0,73;#FF8300;Alto;0,71;#FF8300;Alto;;0,72;High
3205101;Viana/ES;0,72;#FF8300;Alto;0,68;#FF8300;Alto;;0,7;High
2112803;Viana/MA;0,63;#FF8300;Alto;0,84;#F40000;Muito alto;;0,735;High
5222005;Vianópolis/GO;0,45;#FFCD00;Médio;0,46;#FFCD00;Médio;;0,455;Medium
2616308;Vicência/PE;0,36;#A9DE00;Baixo;0,45;#FFCD00;Médio;;0,405;Medium
4323101;Vicente Dutra/RS;0,36;#A9DE00;Baixo;0,35;#A9DE00;Baixo;;0,355;Low
5008404;Vicentina/MS;0,3;#A9DE00;Baixo;0,38;#A9DE00;Baixo;;0,33999999999999997;Low
5222054;Vicentinópolis/GO;0,35;#A9DE00;Baixo;0,41;#FFCD00;Médio;;0,38;Low
2709400;Viçosa/AL;0,51;#FFCD00;Médio;0,57;#FFCD00;Médio;;0,54;Medium
2314102;Viçosa do Ceará/CE;0,4;#FFCD00;Médio;0,47;#FFCD00;Médio;;0,435;Medium
3171303;Viçosa/MG;0,52;#FFCD00;Médio;0,34;#A9DE00;Baixo;;0,43000000000000005;Medium
2414902;Viçosa/RN;0,48;#FFCD00;Médio;0,52;#FFCD00;Médio;;0,5;Medium
4323200;Victor Graeff/RS;0,12;#02C650;Muito baixo;0,14;#02C650;Muito baixo;;0,13;Very low
4219200;Vidal Ramos/SC;0,36;#A9DE00;Baixo;0,39;#A9DE00;Baixo;;0,375;Low
4219309;Videira/SC;0,53;#FFCD00;Médio;0,58;#FFCD00;Médio;;0,5549999999999999;Medium
3171402;Vieiras/MG;0,39;#A9DE00;Baixo;0,45;#FFCD00;Médio;;0,42000000000000004;Medium
2517209;Vieirópolis/PB;0,25;#A9DE00;Baixo;0,32;#A9DE00;Baixo;;0,28500000000000003;Low
1508209;Vigia/PA;0,59;#FFCD00;Médio;0,84;#F40000;Muito alto;;0,715;High
5105507;Vila Bela da Santíssima Trindade/MT;0,25;#A9DE00;Baixo;0,36;#A9DE00;Baixo;;0,305;Low
5222203;Vila Boa/GO;0,4;#FFCD00;Médio;0,51;#FFCD00;Médio;;0,455;Medium
4323309;Vila Flores/RS;0,0;#02C650;Muito baixo;0,0;#02C650;Muito baixo;;0,0;Very low
2415008;Vila Flor/RN;0,6;#FF8300;Alto;0,67;#FF8300;Alto;;0,635;High
4323358;Vila Lângaro/RS;0,12;#02C650;Muito baixo;0,19;#02C650;Muito baixo;;0,155;Very low
4323408;Vila Maria/RS;0,21;#A9DE00;Baixo;0,27;#A9DE00;Baixo;;0,24;Low
2211605;Vila Nova do Piauí/PI;0,09;#02C650;Muito baixo;0,17;#02C650;Muito baixo;;0,13;Very low
2112852;Vila Nova dos Martírios/MA;0,43;#FFCD00;Médio;0,53;#FFCD00;Médio;;0,48;Medium
4323457;Vila Nova do Sul/RS;0,19;#02C650;Muito baixo;0,3;#A9DE00;Baixo;;0,245;Low
3205150;Vila Pavão/ES;0,47;#FFCD00;Médio;0,45;#FFCD00;Médio;;0,45999999999999996;Medium
5222302;Vila Propício/GO;0,17;#02C650;Muito baixo;0,23;#A9DE00;Baixo;;0,2;Low
5108600;Vila Rica/MT;0,48;#FFCD00;Médio;0,59;#FFCD00;Médio;;0,5349999999999999;Medium
3205176;Vila Valério/ES;0,38;#A9DE00;Baixo;0,43;#FFCD00;Médio;;0,405;Medium
3205200;Vila Velha/ES;0,76;#FF8300;Alto;0,09;#02C650;Muito baixo;;0,425;Medium
1100304;Vilhena/RO;0,31;#A9DE00;Baixo;0,44;#FFCD00;Médio;;0,375;Low
3556701;Vinhedo/SP;0,0;#02C650;Muito baixo;0,0;#02C650;Muito baixo;;0,0;Very low
3556800;Viradouro/SP;0,44;#FFCD00;Médio;0,47;#FFCD00;Médio;;0,45499999999999996;Medium
3171600;Virgem da Lapa/MG;0,48;#FFCD00;Médio;0,5;#FFCD00;Médio;;0,49;Medium
3171709;Virgínia/MG;0,42;#FFCD00;Médio;0,54;#FFCD00;Médio;;0,48;Medium
3171808;Virginópolis/MG;0,52;#FFCD00;Médio;0,59;#FFCD00;Médio;;0,5549999999999999;Medium
3171907;Virgolândia/MG;0,47;#FFCD00;Médio;0,51;#FFCD00;Médio;;0,49;Medium
4128658;Virmond/PR;0,26;#A9DE00;Baixo;0,34;#A9DE00;Baixo;;0,30000000000000004;Low
3172004;Visconde do Rio Branco/MG;0,61;#FF8300;Alto;0,73;#FF8300;Alto;;0,6699999999999999;High
1508308;Viseu/PA;0,7;#FF8300;Alto;0,69;#FF8300;Alto;;0,695;High
3556909;Vista Alegre do Alto/SP;0,26;#A9DE00;Baixo;0,34;#A9DE00;Baixo;;0,30000000000000004;Low
4323606;Vista Alegre do Prata/RS;0,11;#02C650;Muito baixo;0,15;#02C650;Muito baixo;;0,13;Very low
4323507;Vista Alegre/RS;0,3;#A9DE00;Baixo;0,35;#A9DE00;Baixo;;0,32499999999999996;Low
4323705;Vista Gaúcha/RS;0,27;#A9DE00;Baixo;0,31;#A9DE00;Baixo;;0,29000000000000004;Low
2505501;Vista Serrana/PB;0,29;#A9DE00;Baixo;0,35;#A9DE00;Baixo;;0,31999999999999995;Low
3556958;Vitória Brasil/SP;0,39;#A9DE00;Baixo;0,45;#FFCD00;Médio;;0,42000000000000004;Medium
2933307;Vitória da Conquista/BA;0,72;#FF8300;Alto;0,64;#FF8300;Alto;;0,6799999999999999;High
4323754;Vitória das Missões/RS;0,13;#02C650;Muito baixo;0,19;#02C650;Muito baixo;;0,16;Very low
2616407;Vitória de Santo Antão/PE;0,94;#F40000;Muito alto;0,86;#F40000;Muito alto;;0,8999999999999999;Very high
1600808;Vitória do Jari/AP;0,6;#FF8300;Alto;0,65;#FF8300;Alto;;0,625;High
2112902;Vitória do Mearim/MA;0,66;#FF8300;Alto;0,77;#FF8300;Alto;;0,7150000000000001;High
1508357;Vitória do Xingu/PA;0,4;#FFCD00;Médio;0,59;#FFCD00;Médio;;0,495;Medium
3205309;Vitória/ES;0,0;#02C650;Muito baixo;0,0;#02C650;Muito baixo;;0,0;Very low
2113009;Vitorino Freire/MA;0,56;#FFCD00;Médio;0,71;#FF8300;Alto;;0,635;High
4128708;Vitorino/PR;0,35;#A9DE00;Baixo;0,41;#FFCD00;Médio;;0,38;Low
4219358;Vitor Meireles/SC;0,17;#02C650;Muito baixo;0,24;#A9DE00;Baixo;;0,20500000000000002;Low
3172103;Volta Grande/MG;0,39;#A9DE00;Baixo;0,47;#FFCD00;Médio;;0,43;Medium
3306305;Volta Redonda/RJ;0,34;#A9DE00;Baixo;0,5;#FFCD00;Médio;;0,42000000000000004;Medium
3557006;Votorantim/SP;0,0;#02C650;Muito baixo;0,63;#FF8300;Alto;;0,315;Low
3557105;Votuporanga/SP;0,48;#FFCD00;Médio;0,26;#A9DE00;Baixo;;0,37;Low
2933406;Wagner/BA;0,47;#FFCD00;Médio;0,59;#FFCD00;Médio;;0,53;Medium
2211704;Wall Ferraz/PI;0,33;#A9DE00;Baixo;0,42;#FFCD00;Médio;;0,375;Low
1722081;Wanderlândia/TO;0,3;#A9DE00;Baixo;0,41;#FFCD00;Médio;;0,355;Low
2933455;Wanderley/BA;0,38;#A9DE00;Baixo;0,43;#FFCD00;Médio;;0,405;Medium
3172202;Wenceslau Braz/MG;0,28;#A9DE00;Baixo;0,36;#A9DE00;Baixo;;0,32;Low
4128500;Wenceslau Braz/PR;0,53;#FFCD00;Médio;0,55;#FFCD00;Médio;;0,54;Medium
2933505;Wenceslau Guimarães/BA;0,42;#FFCD00;Médio;0,48;#FFCD00;Médio;;0,44999999999999996;Medium
4323770;Westfália/RS;0,11;#02C650;Muito baixo;0,1;#02C650;Muito baixo;;0,10500000000000001;Very low
4219408;Witmarsum/SC;0,03;#02C650;Muito baixo;0,02;#02C650;Muito baixo;;0,025;Very low
1722107;Xambioá/TO;0,51;#FFCD00;Médio;0,7;#FF8300;Alto;;0,605;High
4128807;Xambrê/PR;0,06;#02C650;Muito baixo;0,15;#02C650;Muito baixo;;0,105;Very low
4323804;Xangri-lá/RS;0,24;#A9DE00;Baixo;0,32;#A9DE00;Baixo;;0,28;Low
4219507;Xanxerê/SC;0,37;#A9DE00;Baixo;0,36;#A9DE00;Baixo;;0,365;Low
1200708;Xapuri/AC;0,57;#FFCD00;Médio;0,74;#FF8300;Alto;;0,655;High
4219606;Xavantina/SC;0,23;#A9DE00;Baixo;0,15;#02C650;Muito baixo;;0,19;Very low
4219705;Xaxim/SC;0,46;#FFCD00;Médio;0,45;#FFCD00;Médio;;0,455;Medium
2616506;Xexéu/PE;0,62;#FF8300;Alto;0,66;#FF8300;Alto;;0,64;High
1508407;Xinguara/PA;0,43;#FFCD00;Médio;0,56;#FFCD00;Médio;;0,495;Medium
2933604;Xique-Xique/BA;0,6;#FF8300;Alto;0,72;#FF8300;Alto;;0,6599999999999999;High
2517407;Zabelê/PB;0,57;#FFCD00;Médio;0,62;#FF8300;Alto;;0,595;High
3557154;Zacarias/SP;0,12;#02C650;Muito baixo;0,26;#A9DE00;Baixo;;0,19;Very low
2114007;Zé Doca/MA;0,61;#FF8300;Alto;0,83;#F40000;Muito alto;;0,72;High
4219853;Zortéa/SC;0,23;#A9DE00;Baixo;0,33;#A9DE00;Baixo;;0,28;Low
